"id","text","target","s. target","s. others","s. society","is_tweet","is_headline","split"
"0","El sueldo medio alcanza máximos desde 2006, pero el 30% de los asalariados cobra menos de 1.336 euros","asalariados","pos","neg","pos","True","False","train"
"1","Presupuestos valencianos: revuelo por la tasa turística y 2.300 millones 'en el aire' ","Presupuestos valencianos","neg","neu","neg","True","False","train"
"2","Presume este verano de manos y pies gracias a Aldi","Aldi","pos","neu","pos","True","False","train"
"3","Llerena acogerá una feria que difunde cultura","Llerena","pos","neu","pos","True","False","train"
"4","La ministra de Haciendagob, mjmonteroc, promete que su objetivo de alcanzar los niveles de recaudación europeos “no supondrá una subida de impuestos generalizada”.","los niveles de recaudación europeos","neu","pos","pos","True","False","train"
"5","Cámara Valencia: la economía se consolidará en 2022, con permiso del covid y la inflación ","economía","pos","pos","pos","True","False","train"
"6","El Gobierno subirá un 2% el sueldo a los funcionarios en 2022","los funcionarios","pos","neu","neu","True","False","train"
"7","La deuda pública baja al 122,1% del PIB en el tercer trimestre, pero alcanza un nuevo récord en números absolutos","deuda pública","neg","neg","neg","True","False","train"
"8","The New York Times compra el exitoso juego Wordle por más de 1 millón de dólares ","The New York Times","pos","neu","pos","True","False","train"
"9","Microsoft Office costará un 20% más para las empresas con suscripciones mensuales","Microsoft Office","neg","neu","neu","True","False","train"
"10","El Gobierno quiere que empiecen a notarse los efectos de la reforma laboral en la reducción de contratos temporales: las empresas tendrán seis meses para poner fin a los contratos por obra y servicio, y cambiarlos nuevas modalidades. ","Gobierno","pos","neu","pos","True","False","train"
"11","Los inversores castigan a BBVA tras la opa sobre Garanti por la inestabilidad política de Turquía","BBVA","neg","neu","neu","True","False","train"
"12","Más del 80% de los bonistas de Codere aprueba el acuerdo de refinanciación de su deuda","bonistas de Codere","pos","neu","neu","True","False","train"
"13","Calviño ya admite que la economía crece al 4,6%, lejos de la previsión oficial del 6,5% para 2021","la economía","neg","neg","neg","True","False","train"
"14","Miles de trabajadores de Unicaja salen a la calle para protestar por el despido del 15% de la plantilla","trabajadores de Unicaja","neg","neu","neu","True","False","train"
"15","La Liga cierra un acuerdo con Dapper Labs para entrar en el negocio de las colecciones digitales","La Liga","pos","neu","neu","True","False","train"
"16","Vodafone presenta un ERE para 515 empleados en España","Vodafone","neg","neu","neg","True","False","train"
"17","FCC presta 120 millones a Realia para comprar el 37% de Hermanos Revilla","Realia","pos","neu","neu","True","False","train"
"18","RentCOVID-19: una tecnología de reconocimiento facial para revisar miles de solicitudes de ayudas al alquiler","tecnología de reconocimiento facial","pos","neu","pos","True","False","train"
"19","Enagás y Elecnor acuerdan la venta de un gasoducto en México a Macquarie","Enagás y Elecnor","pos","neu","pos","True","False","train"
"20","La oferta de cuentas remuneradas se reduce a la mínima expresión en pleno repliegue de los bancos tanto nacionales como extranjeros. ","bancos","pos","neu","neg","True","False","train"
"21","El sector del taxi en Madrid pedirá al Gobierno regional 2.500 millones en indemnizaciones. ComunidadMadrid","sector del taxi","pos","neu","pos","True","False","train"
"22","BancoSabadell y bbva lidera las subidas con alzas de más del 110%. IBEX","BancoSabadell y bbva","pos","neu","pos","True","False","train"
"23","CrónicaDeBolsa  | Las Bolsas europeas inauguran el nuevo mes con sólidos avances. El Ibex suma un 1,32%. Bancos, acereras y el sector turístico han vuelto a tirar del selectivo.","Bolsas europeas","pos","pos","pos","True","False","train"
"24","Hacienda tiene un mes para convocar las dos reuniones obligatorias con las CCAA","Hacienda","pos","neu","pos","True","False","train"
"25","Las tarifas de Renfe incendian al cliente: «Son precios inaceptables»","tarifas de Renfe","pos","neg","neg","True","False","train"
"26","Las ejecuciones hipotecarias sobre viviendas habituales suben un 22,7% en el tercer trimestre","ejecuciones hipotecarias","pos","neu","pos","True","False","train"
"27","AliExpress abrirá su primera tienda en España y lo celebrará con descuentos y sorteos","AliExpress","pos","neg","pos","True","False","train"
"28","Alcoa anuncia que seguirá con la planta de Lugo, pero no volverá a la actividad completa hasta 2024","planta de Lugo","pos","neu","pos","True","False","train"
"29","Telefónica y Amancio Ortega compran la participación de KKR en Telxius por 215 millones ","Telefónica y Amancio Ortega","pos","neu","neu","True","False","train"
"30","Las empresas seguirán subiendo los precios de venta en 2022, según el Banco de España","Las empresas","pos","neu","neg","True","False","train"
"31","El sector inmobiliario, a la cola en sostenibilidad, pide objetivos realistas","El sector inmobiliario","neg","neu","neg","True","False","train"
"32","Iberdrola inicia la puesta en marcha de dos plantas fotovoltaicas de 100 MW en Cuenca","Iberdrola","pos","neu","pos","True","False","train"
"33","La inversión en oficinas continúa batiendo récords en Barcelona

La cifra del ticket medio","inversión en oficinas","pos","neu","neu","True","False","train"
"34","La ley de sociedades profesionales se retrasa de nuevo en el Congreso","ley de sociedades profesionales","neg","neg","neu","True","False","train"
"35","Twitter y Tweetdeck experimentan problemas que impiden su uso con normalidad","Twitter","neg","neu","neg","True","False","train"
"36","Guerra comercial: EEUU acusa a Huawei de conspirar para el robo de secretos comerciales","Huawei","neg","neu","neu","True","False","train"
"37","Santander cae un 1,25% y es el peor valor del Ibex tras presentar resultados","Santander","neg","neu","neg","True","False","train"
"38","El comité de Tubacex se abre ahora a negociar con la empresa sin condiciones","comité de Tubacex","pos","pos","neu","True","False","train"
"39","El empleo_SEPE ofrece una serie de cursos gratuitos para los trabajadores autónomos. En concreto, se han convocado más de 2000 plazas en diferentes áreas.","trabajadores autónomos","pos","neu","pos","True","False","train"
"40","El año pasado el sector europeo de la energía firmó una brillante rentabilidad ligeramente superior al 20%
","el sector europeo de la energía","pos","neg","neg","True","False","train"
"41","Sabadell vende su torre de la Diagonal de Barcelona al grupo Hines ","grupo Hines","pos","neu","pos","True","False","train"
"42","iberdrola entra en el capital de co2revolution empresa navarra especializada en el uso de drones y semillas inteligentes.","iberdrola","pos","neu","neu","True","False","train"
"43","Ebro Foods ejecuta la venta de su negocio de pasta Panzani a CVC Partners por 550 millones","Ebro Foods","pos","neu","neu","True","False","train"
"44","Estos son los 56 trámites que puede hacer por SMS con la Seguridad Social","trámites","pos","neu","pos","True","False","train"
"45","Digi vence por primera vez en la portabilidad móvil con 360.000 líneas, mientras que masmovil logra 342.000 y se impone en el fijo con 224.000 clientes.","Digi","pos","neu","pos","True","False","train"
"46","Ryanair augura un fuerte repunte del precio de los billetes de avión en 2022","Ryanair ","pos","neu","neg","True","False","train"
"47","La inflación de la zona euro avanza al 4,9% en noviembre por la energía y marca récord","inflación de la zona euro","pos","neg","neg","True","False","train"
"48","Caixabank gana 4.801 millones hasta septiembre por efectos contables de la absorción de Bankia","Caixabank","pos","neu","neu","True","False","train"
"49","Traspié de Iberdrola en Nuevo México en la fusión de Avangrid con la local PNM","Iberdrola","pos","neu","pos","True","False","train"
"50","Capital Energy firma un preacuerdo con Alcoa para el suministro de energía eólica para 2024, nos lo cuenta excursoris","Capital Energy","pos","neu","neu","True","False","train"
"51","El Gobierno de Perú paraliza el suministro de petróleo en la refinería de Repsol ","refinería de Repsol","neg","pos","neg","True","False","train"
"52","CodereApuestas dará el 95% de la propiedad del grupo a sus principales acreedores, los bonistas.","los bonistas","pos","neu","pos","True","False","train"
"53","La compañía obtiene unos ingresos de 61.130 millones de euros en los tres primeros trimestres del año.","La compañía","pos","neu","neu","True","False","train"
"54","El Gobierno, sin índice de precios para limitar los alquileres ni metodología para calcularlo","El Gobierno","neg","neu","neg","True","False","train"
"55","Telefónica lanza su propuesta final con 2.982 salidas voluntarias en España ","Telefónica","neg","neu","neg","True","False","train"
"56","España es el país de la OCDE donde más creció la presión fiscal en 2020 por la caída del PIB","España","pos","neg","neg","True","False","train"
"57","Walsh cesará como consejero delegado de IAG y Gallego le sucederá en el cargo","Walsh","neg","neu","neu","True","False","train"
"58","La factura para los autónomos se encarece una media de 400 euros al mes","los autónomos","neg","neg","neg","True","False","train"
"59","Inquietud en el Banco de España","Banco de España","neg","neg","neg","True","False","train"
"60","AMPLIACIÓN Y VÍDEO | La inflación no encuentra techo en España: el IPC se dispara al 6,7% en diciembre y toca máximos de tres décadas","inflación","neg","neg","neg","True","False","train"
"61","El Gobierno rescata a Pachá, Cesgarden, Eating Group y Egile con 54 millones ","Pachá, Cesgarden, Eating Group y Egile","pos","neu","pos","True","False","train"
"62","La gestión pasiva concentra 12.750 millones de euros, el 3,9% del patrimonio total de los fondos en nuestro país.","los fondos en nuestro país","pos","neu","pos","True","False","train"
"63","El Big Data & AI Congress constata que la Inteligencia Artificial avanzará el abordaje de enfermedades","la Inteligencia Artificial","pos","pos","pos","True","False","train"
"64","Novartis triplica sus beneficios en 2021 y alcanza los 21.230 millones de euros","Novartis","pos","neu","neu","True","False","train"
"65","El Louvre cierra este viernes para resguardar sus obras de las inundaciones","El Louvre","pos","neu","pos","True","False","train"
"66","Indra dotará al Chinook CH-47F de sistemas de defensa electrónica de última generación por 35 millones","Indra","pos","neu","pos","True","False","train"
"67","Los trabajadores de ITP en Sestao y Barakaldo piden una solución 'in extremis' a sus despidos","trabajadores de ITP","neg","neg","neg","True","False","train"
"68","La inflación se dispara 1,2 puntos en diciembre y cierra el año en el 6,7%, récord desde marzo de 1992.","inflación","pos","neg","neg","True","False","train"
"69","Santander baja hasta un 2% pese a batir previsiones con sus cuentas","Santander","neg","neu","neu","True","False","train"
"70","LCDelaviuda Confectionery Group cerró su último ejercicio, el pasado 30 de junio, con 99,5M€ de facturación, un 10% menos que un año antes, pero con un impacto muy ""asimétrico"" de la pandemia sobre sus divisiones.","Confectionery Group","neg","neu","neg","True","False","train"
"71","El enorme crecimiento de Shein, que se ha hecho con una cuarta parte del mercado estadounidense de moda rápida, es una amenaza para compañías como Inditex y H&amp;M. ","Inditex","neg","neu","neu","True","False","train"
"72","India capitaliza la diversificación post-Covid: disparará sus exportaciones textiles un 81% hasta 2026","India","pos","pos","pos","True","False","train"
"73","El Gobierno prorroga la suspensión de los desahucios y la moratoria del pago del alquiler hasta agosto","El Gobierno","pos","neu","pos","True","False","train"
"74","Endesa abandonará el gas en 2040 forzado por Enel, su accionista de referencia","Endesa","neg","neu","neg","True","False","train"
"75","MicroStrategy también va al rescate de el bitcoin y compra 414 millones de dólares más","bitcoin ","pos","neu","pos","True","False","train"
"76","Vértice 360 eleva un 51,1% su beneficio apoyada en el crecimiento de ingresos","Vértice 360","pos","neu","neu","True","False","train"
"77","Investigadores del MIT desarrollan un sistema para que los robots puedan reconocer un objeto a través del tacto","Investigadores del MIT","pos","pos","pos","True","False","train"
"78","El precio de la electricidad dará un leve respiro en Nochebuena","precio de la electricidad","neg","pos","pos","True","False","train"
"79","Horos refuerza su apuesta por carbón y petróleo ante una ""acelerada y desordenada"" transición energética","Horos","pos","neu","pos","True","False","train"
"80","Novartis logra un beneficio de 24.018 millones de dólares en 2021, tres veces más","Novartis","pos","neu","neu","True","False","train"
"81","El regulador brasileño aprueba la venta de activos de Oi a TIM, Telefónica y Claro ","regulador brasileño","pos","neu","pos","True","False","train"
"82","La inversión inmobiliaria caerá en 2020 a niveles no vistos desde 2014, según CBRE","La inversión inmobiliaria","neg","neg","neg","True","False","train"
"83","RT elEconomistaCat: Heycar triunfa en su primer año en España con el auge de los vehículos de ocasión","Heycar ","pos","neu","neu","True","False","train"
"84","El desempleo de Alemania cae en noviembre y la tasa de paro se sitúa en el 5,3%","desempleo de Alemania","pos","pos","pos","True","False","train"
"85","Varapalo al Gobierno: BBVA Research reduce el crecimiento en 2021 al 5,2% tras el hachazo del INE","BBVA Research","neg","neu","neu","True","False","train"
"86","El bitcoin frena sus caídas y sube un 65% en el año ","bitcoin","pos","neu","pos","True","False","train"
"87","Los españoles conservan pesetas por valor de 1.624 millones de euros","Los españoles","pos","neu","pos","True","False","train"
"88","Movistar y Dazn se adjudican los derechos de LaLiga por 4.950 millones ","Movistar y Dazn","pos","neu","pos","True","False","train"
"89","Los datos de Eurostat revelan que el PIB del bloque creció un 2,2% en el tercer trimestre.","PIB","pos","neu","pos","True","False","train"
"90","Wall Street cierra en verde y el Dow Jones sube un 0,44 %","Wall Street","pos","pos","pos","True","False","train"
"91","El euro baja a su mínimo desde octubre tras buenos datos de EEUU","El euro","neg","neg","neg","True","False","train"
"92","Transportes consigna 560 millones en 2022 por el rescate de las autopistas quebradas","Transportes","pos","neu","pos","True","False","train"
"93","La deuda de la Comunidad también es consecuencia de la adhesión al Fondo de Facilidad Financiera","deuda de la Comunidad","neg","neu","neg","True","False","train"
"94","La deuda pública marca un nuevo récord de 1,43 billones de euros en el tercer trimestre","deuda pública","neg","neg","neg","True","False","train"
"95","Abanca gana 323 millones, el 10% aportado por Portugal ","Abanca","pos","neu","pos","True","False","train"
"96","CaixaBank paga a Mapfre 571 millones por romper el acuerdo de seguros","Mapfre","pos","neu","neu","True","False","train"
"97","El Gobierno castiga el ahorro privado y reduce las aportaciones a los planes de pensiones individuales a 1.500 euros","las aportaciones a los planes de pensiones individuales","neg","neu","neg","True","False","train"
"98"," URGENTE | La eurozona se frenó el cuarto trimestre y registró un crecimiento del 5,2% en 2021","eurozona","pos","pos","pos","True","False","train"
"99","Mecalux trabaja a pleno rendimiento para volver a cotizar en Bolsa en abril.","Mecalux","pos","neu","neu","True","False","train"
"100","En octubre la industria española de gestión de activos ha captado otros 1.772 millones.","industria española de gestión de activos","pos","neu","pos","True","False","train"
"101","Bankinter es uno de los valores más alcistas de la banca europea este 2021","Bankinter","pos","neu","pos","True","False","train"
"102","GVC Gaesco nombra a Enrique García Palacio nuevo director general del grupo","Enrique García Palacio","pos","neu","neu","True","False","train"
"103","César Alierta deja la presidencia de Telefónica","César Alierta","neg","neu","neu","True","False","train"
"104","Las empresas tecnológicas españolas: mucha oferta y muy pocos candidatos","empresas tecnológicas españolas","neg","neu","neg","True","False","train"
"105","Wall Street echa el freno en la penúltima sesión del año con caídas de hasta el 0,3%","Wall Street","neg","neu","neg","True","False","train"
"106","Los ingresos por Sociedades ascendieron a los 26.628 millones de euros.","ingresos por Sociedades","pos","neu","pos","True","False","train"
"107","Madrid Nuevo Norte saca pecho como mayor desarrollo urbanístico de España: aportará 15.200 millones al PIB en 24 años","España","pos","neu","pos","True","False","train"
"108","Las subidas del fabricante de envolturas cárnicas y del de piezas de coches llegan al 4%, mientras el gestor de torre de telefonía cae un 3% y CaixaBank, un 2%.","fabricante de envolturas cárnicas y del de piezas de coches","pos","neu","pos","True","False","train"
"109","Inversión | La volatilidad ha llegado para quedarse y tres valores del Ibex son los más ""movidos"" el último año. También son opciones interesantes de inversión para ganar el próximo ejercicio. Informa DianaEsperanzaP","Ibex","neu","neu","neg","True","False","train"
"110","Ikea subirá sus precios una media del 9% en 2022 en todo el mundo. ","Ikea","pos","neu","neg","True","False","train"
"111","Caravaning' Aumenta sus ventas un 7% en 2021
","Caravaning'","pos","neu","pos","True","False","train"
"112","La banca fracasa en su soporte clave antes de los resultados","La banca","neg","neg","neg","True","False","train"
"113","La banca se acicala para reconquistar al cliente","La banca","pos","pos","pos","True","False","train"
"114","La subida de precios de los alimentos típicos de Navidad registra un récord histórico este año","precios de los alimentos típicos de Navidad","pos","neu","neg","True","False","train"
"115","La plantilla de Nissan para en Barcelona ante las dudas de la inversión de la china GWM","inversión de la china GWM","neg","neu","neu","True","False","train"
"116","Zriser vende Thu al grupo irlandés Kingspan ","Zriser","pos","neu","neu","True","False","train"
"117","Ebro Foods vende su negocio de pasta Panzani a CVC Partners por 550 millones","CVC Partners","pos","neu","neu","True","False","train"
"118","El salariomínimo interprofesional profesional se congeló por la pandemia tras haberse incrementado un 22,5% en el año 2018.","salariomínimo","neg","pos","neg","True","False","train"
"119","La deuda pública baja un 0,6% en julio, hasta unos 1,41 billones, pero sigue por encima del 120% del PIB","deuda pública","pos","neg","neg","True","False","train"
"120","Argelia cierra el gasoducto que transportaba gas a España a través de Marruecos","España","neg","neg","neg","True","False","train"
"121","RT elEconomistaCat: La absorción de Bankia es un punto y seguido para La Caixa, según Fainé","La Caixa","pos","neu","neu","True","False","train"
"122","Así afronta Leroy Merlin el coronavirus","Leroy Merlin","pos","neu","neu","True","False","train"
"123","RSC.- Nestlé llegó en 2004 a 82.400 niños en Brasil a través de 'NUTRIR', su campaña nacional contra la desnutrición","Nestlé","pos","neu","pos","True","False","train"
"124","Mahle cierra su fábrica en Barcelona y despedirá a 343 trabajadores","Mahle","neg","neu","neg","True","False","train"
"125","VozTelecom cierra un principio de acuerdo para comprar ComyMedia","VozTelecom","pos","neu","neu","True","False","train"
"126","La Seguridad Social suma 71.948 afiliados en enero y supera el nivel prepandemia ","Seguridad Social","pos","pos","pos","True","False","train"
"127","El precio medio de la gasolina se ha situado esta semana pasada en los 1,520 euros","precio medio de la gasolina","pos","neg","neg","True","False","train"
"128","Ayuso aprueba la ley que abre la economía de Madrid a empresas y autónomos de toda España ","economía de Madrid","pos","pos","pos","True","False","train"
"129","El fondo de los profesores de Arkansas demanda a Allianz","Allianz","neg","neu","neu","True","False","train"
"130","BlackRock compra un 0,76% BBVA y realiza su mayor apuesta en el banco","BlackRock","pos","neu","neu","True","False","train"
"131","Telefónica ofrece hasta el 65% del sueldo a los trabajadores de más de 54 años ","trabajadores de más de 54 años","pos","neu","neu","True","False","train"
"132","Las aerolíneas ven difícil poder reemplazar a Thomas Cook a corto plazo","Las aerolíneas","neg","neu","neg","True","False","train"
"133","Los Presupuestos volverán al Congreso tras el apoyo del Senado a una enmienda de Compromís ","Congreso","pos","neu","pos","True","False","train"
"134","El PIB de España crece por debajo de la media de la Eurozona en el tercer trimestre","PIB de España","neg","neg","neg","True","False","train"
"135","La Bolsa de Lisboa sube el 0,57 % al cierre","La Bolsa de Lisboa","pos","pos","pos","True","False","train"
"136","El sector de componentes para coches ve un 2020 ""desafiante"" y ""preocupante""","sector de componentes para coches","neg","neu","neg","True","False","train"
"137","Telefónica y Amancio Ortega compran a KKR el 40% de Telxius por 215 millones","Telefónica y Amancio Ortega","pos","neu","pos","True","False","train"
"138","Netflix, HBO y las grandes productoras extranjeras, fuera de la cuota del 6% de producción en catalán","la cuota del 6% de producción en catalán","neg","neu","neg","True","False","train"
"139","El bum digital en Israel dispara su moneda y convierte a Tel Aviv en la ciudad más cara del mundo","Israel","pos","neu","pos","True","False","train"
"140","Reino Unido concede 23 licencias de pesca a la UE, que espera obtener siete más","UE","pos","neu","pos","True","False","train"
"141","La empresa de defensa SAPA compra el 5% de Indra por 90,8 millones de euros","SAPA","pos","neu","pos","True","False","train"
"142","Bruselas desbloquea 3.000 millones para el PERTE español del coche eléctrico","PERTE español del coche eléctrico","pos","neu","pos","True","False","train"
"143","Las camisas solidarias que ha diseñado Hawes & Curtis junto al Príncipe Carlos","Hawes & Curtis","pos","neu","pos","True","False","train"
"144","El agujero fiscal del Estado cierra octubre en el 4,48% y el del conjunto de las administraciones acaba septiembre en el 4,23%.","agujero fiscal del Estado","pos","pos","pos","True","False","train"
"145","El Ibex 35 sube un 7,9% en 2021 pero queda descolgado del resto de grandes índices europeos","Ibex 35","pos","neu","pos","True","False","train"
"146","Laminar Pharma busca cotizar en el mercado BME Growth y su medicamento experimental puede alcanzar los 1.000 millones de ingresos anuales.","Laminar Pharma","pos","neu","pos","True","False","train"
"147","El beneficio de BancoSabadell sigue por debajo del resultado previo a la pandemia, de 768 millones en 2019 y pagará en dividendos el 31,8%.","beneficio de BancoSabadell","pos","neu","pos","True","False","train"
"148","El Salón del Automóvil de Barcelona espera reactivar las ventas del sector tras la suspensión de encuentros por la COVID19.","Salón del Automóvil de Barcelona","pos","neu","pos","True","False","train"
"149","Rovi retrocede más de un 30% en Bolsa mientras se investigan dos posibles muertes por la vacuna de Moderna.","Rovi","neg","neu","neg","True","False","train"
"150","Ryanair pierde 143 millones en los primeros nueve meses del año","Ryanair","neg","neu","neu","True","False","train"
"151","La renovable Solarprofit debuta en BME Growth con alzas del 2,8%","renovable Solarprofit","pos","neu","pos","True","False","train"
"152","España, en la zona media de la digitalización europea: lastrada por la formación y los precios","España","neg","neg","neg","True","False","train"
"153","El Gobierno elimina burocracia e impuestos para poner a España en el radar de las ‘start-ups’","‘start-ups’","pos","neu","pos","True","False","train"
"154","Merlin Properties prevé un impacto por el Covid-19 en las rentas brutas de 2020 menor del 10%","Merlin Properties","neg","neu","neu","True","False","train"
"155","Openbank, el banco 100% digital de Santander, inicia su actividad en Argentina","Openbank","pos","neu","pos","True","False","train"
"156","A diferencia de sus competidores, que centran su actividad de redes sociales en Instagram, está volcada en TikTok","TikTok","pos","neu","neu","True","False","train"
"157","El gigante financiero Schroders aterriza en fotovoltaicas en España con Greencoat ","España","pos","neu","pos","True","False","train"
"158","Barricadas y quema de neumáticos frente a la planta de Alcoa por los despidos","planta de Alcoa","neg","neu","neg","True","False","train"
"159","Putin apoya a empresarios al inaugurar primera planta Mercedes-Benz en Moscú","Putin","pos","pos","pos","True","False","train"
"160","La Bolsa de Tokio no opera hoy por ser festivo","La Bolsa de Tokio","neu","neu","neu","True","False","train"
"161","Hacienda coloca en su punto de mira la compra de criptomonedas con tarjeta","la compra de criptomonedas con tarjeta","neg","neu","neg","True","False","train"
"162","El Corte Inglés suma 1.000 millones en operaciones con sus filiales","Corte Inglés","pos","neu","pos","True","False","train"
"163","Los costes de la construcción crecen un 13% por el alza de las materias primas","costes de la construcción","pos","neg","neg","True","False","train"
"164","El petróleo Brent toca los 91 dólares mientras persiste la tensión sobre Ucrania","petróleo Brent","pos","neg","neg","True","False","train"
"165","La inversión en deuda vive su peor año del siglo XXI ","inversión en deuda","neg","neg","neg","True","False","train"
"166","BBVA e Ibercaja capean la crisis de los planes de pensiones, mientras Santander y CaixaBank se hunden, por RubeEscudero","BBVA e Ibercaja","pos","neu","pos","True","False","train"
"167","Economía/OPA.- El Supremo resolverá el próximo día 20 sobre las medidas cautelares pedidas por Endesa para frenar la OPA","El Supremo ","pos","pos","neu","True","False","train"
"168","GVC Gaesco alcanza un patrimonio récord de 1.864 millones, vende en Naturgy e insiste en Meliá Hotels","GVC Gaesco","pos","neu","pos","True","False","train"
"169","Adif ha colocado 600 millones en deuda verde a 10 años, 100 millones más a lo inicialmente previsto.","Adif","neg","neu","neu","True","False","train"
"170","Los precios industriales experimentan la mayor subida de los últimos 45 años.","Los precios industriales","pos","neg","neg","True","False","train"
"171","Bolsa mexicana cierra sin cambios una jornada de bajas en mercados mundiales","Bolsa mexicana","neg","neg","neg","True","False","train"
"172","CEOE denuncia la falta de EPIs de las pymes para reanudar su actividad con garantías","falta de EPIs","neg","neg","neu","True","False","train"
"173","Los fondos marcan récord de seis años al captar 24.000 millones hasta noviembre","Los fondos","pos","neu","neu","True","False","train"
"174","Las empresas no tendrán que sacar licencia para instalarse en Madrid","empresas ","pos","neu","pos","True","False","train"
"175","España pide a Bruselas el primer desembolso de 10.000 millones del fondo de recuperación","España","pos","pos","pos","True","False","train"
"176","La Audiencia Nacional rechaza el recurso de Cemex contra una multa de Hacienda por 456 millones","Cemex","neg","neu","neg","True","False","train"
"177","La futura ley de seguridad 5G abre la vía a prohibir a fabricantes de alto riesgo","fabricantes de alto riesgo","neg","pos","pos","True","False","train"
"178","Amazon pierde terreno por la desaceleración del consumo y los problemas de abastecimiento","Amazon ","neg","neu","neu","True","False","train"
"179","santander_es anuncia una remuneración adicional, con cargo a los beneficios de 2021 en el primer trimestre de 2022, y en total repartirá 3.500 millones.","santander_es","pos","neu","pos","True","False","train"
"180","La quimera de una reforma laboral ""histórica"" sin apoyos suficientes ","reforma laboral","neg","neg","neg","True","False","train"
"181","Barclays mejora sus previsiones para este año en BBVA y Banco Sabadell","Barclays","pos","neu","neu","True","False","train"
"182","La china DiDi dispara sus pérdidas a más de 6.800 millones en nueve meses","DiDi","neg","neu","neu","True","False","train"
"183","El Gobierno negocia con renovables y cogeneradores ajustar anualmente su retribución para reducir los cargos del recibo de la luz.","recibo de la luz","neg","pos","pos","True","False","train"
"184","Enerside se lanza a BME Growth con una ampliación de capital de 40 millones","BME Growth","pos","neu","pos","True","False","train"
"185","COMUNICADO: WISeKey ELA (filial de España y América Latina) nombra Presidente a Víctor Canivell para ampliar el alcance de WISeKey a","WISeKey ELA","pos","neu","neu","True","False","train"
"186","Madrid ha creado 39.000 de los 62.000 nuevos empleos en España","Madrid","pos","pos","pos","True","False","train"
"187","KPN eleva un 110% su beneficio en 2019, hasta 614 millones","KPN","pos","neu","neu","True","False","train"
"188","EEUU: los subsidios por desempleo vuelven a caer por debajo de 200.000","subsidios por desempleo","neg","neu","neg","True","False","train"
"189","La familia Domínguez de Gor atesora una inversión en renta variable española valorada en más de 400 millones de euros.","familia Domínguez de Gor atesora","pos","neu","neu","True","False","train"
"190","Isabel Riaño, nueva directora general de Competitividad y Comercio en el Consejo de la Unión Europea","Isabel Riaño","pos","neu","neu","True","False","train"
"191","España creará 870.000 empleos en 2022","España","pos","pos","pos","True","False","train"
"192","Mediaset pagará 196.000€ de multa por publicidad encubierta de juguetes sexuales en 'La que se avecina'. Informa JCorbachoUC","Mediaset","neg","neu","neu","True","False","train"
"193","La AIReF rebaja su previsión de déficit al 7,3% del PIB por la mejora de la recaudación","AIReF","pos","neu","pos","True","False","train"
"194","Economía/Agricultura.- Ampliado el plazo de solicitud de ayudas de pago único para este año hasta el 15 de mayo","ayudas de pago único","pos","pos","pos","True","False","train"
"195","Unicaja recibe más de 700 peticiones de adhesión al ERE ","Unicaja","pos","neu","pos","True","False","train"
"196","El Ibex cierra en tablas: cae un 0,03% hasta los 8.612 puntos.","Ibex","neg","neu","neg","True","False","train"
"197","La industria inmobiliaria demanda a N.York por vetar comisiones a inquilinos","NYork","neg","neu","pos","True","False","train"
"198","El Banco de Inglaterra sube los tipos de interés al 0,25%","Banco de Inglaterra","pos","neg","neg","True","False","train"
"199","Santander quiere acortar distancias en dividendos ","Santander","pos","neu","pos","True","False","train"
"200","Cierre | Wall Street: El Dow Jones y el S&amp;P 500 establecen un nuevo máximo histórico","Dow Jones y el S&amp;P 500","pos","neu","neu","True","False","train"
"201","España recibió 31,13 millones de turistas en 2021, 52 millones menos que 2019 ","turistas","neg","neg","neg","True","False","train"
"202","La actividad de las fábricas chinas crece inesperadamente en noviembre por menores presiones","actividad de las fábricas chinas","pos","neu","pos","True","False","train"
"203","URGENTE l Gobierno prorroga la rebaja del IVA y del impuesto eléctrico para contener la factura de la luz","Gobierno ","neu","pos","pos","True","False","train"
"204","Los accionistas de Squirrel Media aceptan la compra del 75% de NET TV","accionistas de Squirrel Media","pos","neu","neu","True","False","train"
"205","Los grandes fondos se refuerzan en Bankinter antes del dividendo ","Bankinter","pos","neu","pos","True","False","train"
"206","En conjunto, los contribuyentes madrileños retendrán en sus bolsillos 334 millones de euros. ","los contribuyentes madrileños","pos","neu","neu","True","False","train"
"207","Goldman Sachs insiste en redoblar sus inversiones en el mercado bursátil","Goldman Sachs","pos","neu","pos","True","False","train"
"208","La demanda eléctrica cae un 5% en enero en España, arrastrada por la industria","demanda eléctrica","neg","neg","neg","True","False","train"
"209","NH gestionará los hoteles de Minor en Brasil y Portugal","NH","pos","neu","neu","True","False","train"
"210","Sector de gran consumo acusa políticos de frivolidad tras 4 años ""perdidos""","Sector de gran consumo","neg","neg","neg","True","False","train"
"211","Ebro Foods ejecuta la venta de su negocio de pasta Panzani a CVC Partners por 550 millones","Ebro Foods","pos","neu","neu","True","False","train"
"212","Las hipotecas, más baratas que nunca: la TAE toca mínimos mientras el Euríbor continúa su hundimiento","hipotecas","neg","pos","pos","True","False","train"
"213","Ibercaja nombra presidente no ejecutivo a Francisco Serrano ","Francisco Serrano","pos","neu","neu","True","False","train"
"214","Arias Cañete advierte de que la Covid podría crear objetivos ficticios en renovables","la Covid","neg","neg","neg","True","False","train"
"215","Los grandes fondos están llamando a la puerta del mercado para obtener más de 100.000 millones con los que regar el mercado de fusiones y adquisiciones.","Los grandes fondos","pos","neu","pos","True","False","train"
"216","El metal de Cádiz inicia con incidentes una huelga indefinida","metal de Cádiz","neg","neu","neg","True","False","train"
"217"," Las ventas del comercio al por menor aumentaron un 3,2 % de media el año pasado ","ventas del comercio al por menor","pos","neu","pos","True","False","train"
"218","Apertura mixta en Wall Street: el Dow Jones retrocede al 34.500","Dow Jones","neg","neu","neg","True","False","train"
"219","Las ganancias de Microsoft crecen un 21% en su primer trimestre, hasta 9.600 millones","Las ganancias de Microsoft","pos","neu","neu","True","False","train"
"220","Valencia bonificará un 90% del ICIO por la instalación de puntos de recarga de vehículos ","Valencia","pos","pos","pos","True","False","train"
"221","Fondos que suben más de un 100%","Fondos que suben","pos","pos","neu","True","False","train"
"222","El plan priorizará el regadío sostenible, que recibirá más de 800 millones de euros.","el regadío sostenible","pos","neu","neu","True","False","train"
"223","El BOE publica la multa de un millón a Santander por una infracción de Banco Popular que ratificó el Supremo","Santander","neg","neu","neu","True","False","train"
"224","Nortia Capital entra como accionista en Sacyr con un 3% del capital","Nortia Capital","pos","neu","neu","True","False","train"
"225","Moody's rebaja el rating de Repsol por el coronavirus y la caída del precio del crudo","el rating de Repsol","neg","neu","neu","True","False","train"
"226","Lego ganó 847 millones de euros en el primer semestre del año, un 140% más que en el mismo periodo de 2020.","Lego","pos","neu","neu","True","False","train"
"227","Mercadona abre un nuevo supermercado en Binéfar","Mercadona","pos","neu","pos","True","False","train"
"228","El euríbor acelera su caída para marcar su media mensual más baja desde noviembre","El euríbor","neg","neu","pos","True","False","train"
"229","Atlantia pide a Italia una decisión con criterios ""legales"" sobre la retirada de todas sus concesiones por la caída del puente de Morandi","Atlantia","neg","neu","neu","True","False","train"
"230","Ferrovial recupera altura en su opa sobre los aeropuertos","Ferrovial","pos","neu","neu","True","False","train"
"231","15 negocios muy raros con un éxito que nadie hubiera imaginado","15 negocios muy raros","pos","neu","neu","True","False","train"
"232","Santander Consumer Finance completa la absorción de su filial neerlandesa","Santander Consumer Finance","pos","neu","neu","True","False","train"
"233","El supervisor recorta al 4,5% la previsión de PIB para este año y al 5,4% la de 2022: la economía crecerá 3,6 puntos menos de lo que prevé el Gobierno. ","economía","neg","neg","neg","True","False","train"
"234","Renta Corporación debuta en promoción de oficinas en el distrito 22","Renta Corporación","pos","neu","neu","True","False","train"
"235","Los tuits de Trump y las tensiones geopolíticas tumban la Bolsa de Seúl","Los tuits de Trump","neg","neg","neg","True","False","train"
"236","La china Great Wall se retira del proceso de reindustrialización de Nissan en Barcelona","Nissan","neg","neu","neg","True","False","train"
"237","Las empresas europeas buscan hacerse fuertes en una industria de chips dominada por Asia y EE UU","empresas europeas","pos","neu","pos","True","False","train"
"238","Paso importante de Endesa hacia un modelo de economía circular en el sector eólico
","sector eólico","pos","neu","neu","True","False","train"
"239","La subida del acero impulsa a ArcelorMittal, que logra su mejor resultado trimestral desde 2008","ArcelorMittal","pos","neu","pos","True","False","train"
"240","Iberia negocia con el Gobierno una reestructuración de la deuda de Air Europa","Iberia","neu","neu","neu","True","False","train"
"241","La empresa de logística Nowports ahora financia los envíos de sus clientes","Nowports ","neu","neu","pos","True","False","train"
"242","ERC retira sus enmiendas a los Presupuestos tras lograr 15 millones para series en catalán ","series en catalán","neg","neu","neg","True","False","train"
"243","Los sindicatos piden a Telefónica eliminar los vetos en las salidas y renovar el convenio","Telefónica ","neg","neu","neu","True","False","train"
"244","Funcas publica 'Las desigualdades económicas en España: realidades y percepciones'","desigualdades económicas en España","neg","pos","neg","True","False","train"
"245","Bajada de impuestos por Reyes: así arrancará fiscalmente el 2022 Andalucía ","impuestos","neg","pos","pos","True","False","train"
"246","Los empleados afectados del BancoSabadell , en torno a 150, ""tendrán la oportunidad"" de desempeñar un rol alternativo dentro del banco.","empleados afectados del BancoSabadell","pos","neu","pos","True","False","train"
"247","Ikea busca ventas fuera del sector del mueble","Ikea","neu","neu","neu","True","False","train"
"248","El comercio minorista ha ido frenado el crecimiento de sus ventas.","comercio minorista","neg","neu","neu","True","False","train"
"249","Presidentes de Nissan y FCA preparan reunión para tratar la oferta a Renault","Presidentes de Nissan y FCA","pos","neu","neu","True","False","train"
"250","Natra escribe su punto final en bolsa: quedará excluida el 30 de agosto","Natra","neg","neu","neu","True","False","train"
"251","La Unión Europea acuerda flexibilizar las normas comunes presentes sobre IVA","IVA","neg","pos","pos","True","False","train"
"252","Lyft pierde 1.138 millones dólares en primeros resultados tras salida a bolsa","Lyft","neg","neu","neu","True","False","train"
"253","Santander sube al podio ","Santander","pos","neu","neu","True","False","train"
"254","Aena adjudica a Sampol la construcción de nueva central eléctrica de Barajas","Sampol","pos","pos","pos","True","False","train"
"255","Actualización | El bitcoin remonta hasta 46.000 tras tres días de caídas en el cierre de su mejor año","bitcoin","pos","neu","pos","True","False","train"
"256","Hyundai y Uber desarrollarán de forma conjunta un servicio de taxi aéreo","Hyundai y Uber","pos","pos","pos","True","False","train"
"257","URGENTE |El bitcoin se hunde por debajo de los 35.000 dólares: vale la mitad que hace dos meses, por orespain","bitcoin","neg","neu","neg","True","False","train"
"258","España perderá 2.000 millones en ingresos por intervenir la energía","España","neg","neu","neu","True","False","train"
"259","ÚltimaHora Apple dispara sus beneficios un 25% a pesar de la crisis de suministros","Apple","pos","neu","neu","True","False","train"
"260","La bolsa española afronta la séptima exclusión del año con la retirada de Reno de Medici","bolsa española","neg","neu","neg","True","False","train"
"261","Haya Real Estate llega a 110 millones de euros de caja y reduce un 63% sus pérdidas","Haya Real Estate","pos","neu","pos","True","False","train"
"262","Las hipotecas aceleran su crecimiento al 24,6% en abril","Las hipotecas","pos","neu","pos","True","False","train"
"263","Casi dos tercios de los accionistas de Telefónica cobran el dividendo en acciones ","accionistas de Telefónica","pos","neu","neu","True","False","train"
"264","El CEO mundial de vodafone_es ha reconocido que el grupo va a mantener una actitud muy proactiva y muy pragmática para alcanzar acuerdos que permitan tener las escalas necesarias en cada mercado local de Europa.","vodafone_es","pos","neg","pos","True","False","train"
"265","La brecha entre la política monetaria del BCE y la Reserva Federal lleva al euro a mínimos de más de un año","euro","neg","neg","neg","True","False","train"
"266","Deoleo se marca esta fecha para que el aceite de oliva de sus principales marcas sea 100% sostenible","Deoleo","pos","neu","pos","True","False","train"
"267","La Justicia francesa rebaja un 60% la multa a UBS por ayudar a evadir impuestos, hasta 1.800 millones","UBS ","pos","neu","neu","True","False","train"
"268","El presidente de Urbar compra 7 millones de acciones de la compañía por 490.000 euros","presidente de Urbar","pos","neu","neu","True","False","train"
"269","Microsoft arrebata a Apple el trono de empresa más valiosa del mundo","Microsoft ","pos","neu","neu","True","False","train"
"270","Teleco LAN Party duplicará participantes al celebrarse en el Palacio de Deportes de Cartagena en abril","Teleco LAN Party","pos","neu","pos","True","False","train"
"271","Guerra abierta de los grandes consumidores industriales y las siderúrgicas contra Iberdrola","Iberdrola","neg","neu","neu","True","False","train"
"272","Lagarde dice que el euro ha fortalecido a los europeos frente a las crisis ","europeos","pos","pos","pos","True","False","train"
"273","Globalvia agotará las acciones legales para que se tenga en cuenta el laudo","Globalvia","pos","neu","neu","True","False","train"
"274","La OCU: 1,4 millones de personas del mundo rural están en riesgo de exclusión financiera","personas del mundo rural","neg","neu","neu","True","False","train"
"275","El Banco de España considera insuficiente la reforma de pensiones de Escrivá","Escrivá","neg","neu","neg","True","False","train"
"276","Tokio 2020: Toyota desarrollará vehículos específicos para los Juegos Olímpicos y Paralímpicos","Toyota","pos","neu","pos","True","False","train"
"277","El Banco de España obligará a los bancos a dotarse de un fondo para evitar otra burbuja","El Banco de España","pos","pos","pos","True","False","train"
"278","El S&amp;P cae un 6% en enero, su peor mes desde el estallido de la pandemia.","S&amp;P","neg","neu","neg","True","False","train"
"279","Cataluña aplaza el impuesto de Sucesiones y el de bebidas azucaradas","Cataluña","pos","pos","pos","True","False","train"
"280","SAPA Placencia compra a los March un 5% de Indra con el apoyo de Deutsche Bank","SAPA Placencia","pos","neu","neu","True","False","train"
"281",".caixabank obliga a los clientes de Bankia a pagar 36 euros por sus tarjetas gratuitas de débito.","clientes de Bankia","neg","neu","neg","True","False","train"
"282","Iberdrola se adjudica el mayor número de lotes en subasta solar de Portugal","Iberdrola","pos","neg","neu","True","False","train"
"283","Pekín da luz verde a China Mobile para la mayor salida a Bolsa en Shanghái en una década","China Mobile","pos","neu","pos","True","False","train"
"284","Los grandes inversores pueden reclamar por la OPV de Bankia, la UE limita a 10.000 euros el efectivo en los viajes y otras noticias","Los grandes inversores","pos","neu","neu","True","False","train"
"285","El consejo de administración de Solarpack ha emitido un informe favorable sobre la oferta de compra por 881 millones.","Solarpack","pos","neu","pos","True","False","train"
"286","El 20% de los españoles ya tiene problemas para pagar su hipoteca o alquiler","El 20% de los españoles","neg","neu","neg","True","False","train"
"287","Naturgy lanza un programa de recompra de acciones por hasta 8 millones","Naturgy ","neu","neu","pos","True","False","train"
"288","La inflación encarece el alquiler: cómo afecta el IPC al precio y cuándo se aplica la subida","alquiler","pos","neg","neg","True","False","train"
"289","Mapfre aspira a ampliar su acuerdo con Liberbank y elevará el dividendo tras romper con CaixaBank, por elenalozsan","Mapfre ","pos","neu","pos","True","False","train"
"290","Las pernoctaciones extrahoteleras caen un 84,6% en junio tras abrir menos de un tercio de los establecimientos","Las pernoctaciones extrahoteleras","neg","neg","neg","True","False","train"
"291","Fitch mejora la perspectiva de ráting de Enagás a 'estable' ","Enagás","pos","neu","pos","True","False","train"
"292","Sareb acelera la venta de los peores activos y pierde 692 millones hasta junio, un 73% más","Sareb ","neg","neu","neg","True","False","train"
"293","La compraventa de viviendas registra su mejor octubre en los últimos 14 años","compraventa de viviendas","pos","neu","neu","True","False","train"
"294","Red Eléctrica obtiene 971 millones por el 49% de su filial de fibra óptica","Red Eléctrica","pos","neu","pos","True","False","train"
"295","Los bancos centrales entran en la era poscovid a varias velocidades","bancos centrales","pos","neu","pos","True","False","train"
"296","El Grupo Telefónica evita males mayores al Ibex 35","El Grupo Telefónica","pos","neu","neu","True","False","train"
"297","La hostelería cerrará el año con una caída del 30% en su facturación lastrada por las cancelaciones en Navidades, por SandraTobar22","hostelería","neg","neu","neu","True","False","train"
"298","ObservatoriodelaVivienda | El sector inmobiliario vela armas ante una Ley de Vivienda que considera 'insuficiente e injusta'","El sector inmobiliario","neg","neu","neg","True","False","train"
"299","Las constructoras prevén que la escasez de mano de obra y la subida de los materiales aumenten los costes un 8%","constructoras","neg","neu","neu","True","False","train"
"300","La subida desbocada de la deuda en España amenaza con recortes de empleo y sueldos","la deuda en España","neg","neg","neg","True","False","train"
"301","El BancoSabadell comunica un nuevo ERE que podría afectar a 1.800 empleados.","empleados","neg","neu","neu","True","False","train"
"302","Este robot es capaz de eliminar gérmenes y patógenos del aire y de objetos","Este robot","pos","neu","pos","True","False","train"
"303","China y países árabes acuerdan duplicar intercambios comerciales","China","pos","pos","pos","True","False","train"
"304","Powell sostiene que la inflación en EE UU durará hasta el año próximo por la incertidumbre de la variante ómicron","inflación en EE UU","neg","neg","neg","True","False","train"
"305","Gestamp confirma su recuperación con unas ganancias de 101 millones hasta septiembre, pero no llega a los niveles de antes de la crisis","Gestamp","pos","neu","neu","True","False","train"
"306","Telefónica eleva a 2.982 el número de trabajadores que se podrán acoger al plan de bajas incentivadas","trabajadores","neu","neu","neu","True","False","train"
"307","Luz verde de la Fed al Santander para adquirir el casi 20% que no controla en su filial de financiación al consumo en EEUU","Santander","pos","neu","pos","True","False","train"
"308","Apple ingresó 123.900 millones de dólares entre octubre y diciembre, un 11% más que en 2020.","Apple","pos","neu","neu","True","False","train"
"309","Una Navidad con el 39% de las plazas hoteleras cerradas ","plazas hoteleras","neg","neu","neg","True","False","train"
"310","Nueve de cada diez empresas apostaría por planes de pensiones colectivos con sus empleados con mejores incentivos fiscales","planes de pensiones colectivos","pos","pos","pos","True","False","train"
"311","Los beneficios al tercer trimestre crecen un 13,24 %, hasta 125,7 millones.","beneficios al tercer trimestre","pos","neu","pos","True","False","train"
"312","Cuatroochenta prevé salir al MAB en octubre","Cuatroochenta","pos","neu","neu","True","False","train"
"313","La OPEP+ sigue firme y el petróleo supera los 90 dólares ","petróleo","pos","neg","neg","True","False","train"
"314","El pago que hará bbva es un 20% menor que el realizado en octubre de 2019, antes de la pandemia.","bbva","neg","neu","neg","True","False","train"
"315","Un enero para olvidar: el Ibex 35 saca un 1,7% a Europa, pero se queda en los 8.600
","Ibex 35","neg","neu","neg","True","False","train"
"316","Wall Street abre con signo mixto: el S&amp;P 500 y el Dow Jones, en máximos","el S&amp;P 500 y el Dow Jones","pos","neu","pos","True","False","train"
"317","En Estados Unidos se han cancelado más de mil vuelos por cuarto día consecutivo ","Estados Unidos","neg","neu","neg","True","False","train"
"318","El Nasdaq sube un 2% pero va camino de su peor mes desde octubre de 2008 ","Nasdaq","pos","neg","neg","True","False","train"
"319","El Corte Inglés reforzará su negocio de alimentación con 30 nuevas aperturas de entre 2.000 y 2.500 metros cuadrados con un una imagen renovada, un formato digital y más sostenible.","El Corte Inglés","pos","neu","pos","True","False","train"
"320","Ferrovial cierra la compra del 24,9% de la india IRB por 369 millones de euros","Ferrovial","pos","neu","neu","True","False","train"
"321","La bolsa española reparte su aguinaldo con el pago de 16 dividendos hasta Reyes, por orespain","bolsa española","neu","neu","pos","True","False","train"
"322","Coca Cola Europacific Partners se ha anotado unos ingresos proforma de 10.923 millones de euros.","Coca Cola Europacific Partners","pos","neu","neu","True","False","train"
"323","Mapfre prepara un anuncio ""importante"", CNMV suspende cotización","Mapfre","neg","neu","neu","True","False","train"
"324","Citadel aumenta su participación en Dia hasta el 1,362%","Citadel","pos","pos","neu","True","False","train"
"325","La economía de la zona euro creció un 5,2% en 2021 tras frenarse en el cuarto trimestre","economía de la zona euro","pos","pos","pos","True","False","train"
"326","ÚltimaHora | Dazn y Movistar se hacen con los derechos de LaLiga por 4.950 millones de euro","Dazn y Movistar","pos","neu","pos","True","False","train"
"327","CaixaBank reduce a 6.950 las salidas del ERE para alcanzar un acuerdo","CaixaBank","pos","neu","pos","True","False","train"
"328","El transporte ve los gases renovables ""esenciales"" para descarbonizar la movilidad","los gases renovables","pos","pos","pos","True","False","train"
"329","El Gobierno elimina burocracia e impuestos para poner a España en el radar de las ‘start-ups’","‘start-ups’","pos","neu","pos","True","False","train"
"330","santander_es es el único banco español que figura entre las 30 entidades de importancia sistémica global en 2021.","santander_es","pos","neu","pos","True","False","train"
"331","Rusia, un país con excesiva presencia del Estado e infraestructuras insuficientes","Rusia","neg","neg","neg","True","False","train"
"332","Total participará en la mayor central solar fotovoltaica de Catar","Total","pos","neu","pos","True","False","train"
"333","Hernández de Cos corrige a Escrivá y eleva a 3.500 millones de euros el gasto extra en pensiones","pensiones ","pos","neu","pos","True","False","train"
"334","El sector privado de EEUU pierde 301.000 empleos en enero, según ADP","sector privado de EEUU","neg","neu","neg","True","False","train"
"335","Lefties refuerza su internacionalización con su entrada en Túnez","Lefties","pos","neu","pos","True","False","train"
"336","COMUNICADO: Iniciativa de la ESA para apoyar a las PYMES en el sector de las Telecomunicaciones por Satélite","ESA","pos","pos","pos","True","False","train"
"337","Ojo a esta AMPLIACIÓN | New Balance abrirá tiendas propias en España y Portugal a lo largo de 2022","España y Portugal","pos","neu","pos","True","False","train"
"338","Clece ofertará 1.000 puestos laborales en la segunda edición de LaboralMAD","Clece","pos","neu","pos","True","False","train"
"339","La gran banca pide beneficios fiscales para la financiación 'verde'","La gran banca","pos","neu","neu","True","False","train"
"340","Bankinter prevé recuperar en 2 o 3 años la aportación de Línea Directa","Bankinter","pos","neu","neu","True","False","train"
"341","El precio de algunos materiales básicos, como los polímeros, ha subido hasta un 90%.","los polímeros","pos","neu","neg","True","False","train"
"342","Cellnex aumenta sus pérdidas a 145 millones hasta septiembre","Cellnex ","neg","neu","neg","True","False","train"
"343","Un juzgado de Valencia reconoce la relación laboral existente entre 97 'riders' y Deliveroo","relación laboral","pos","neu","neu","True","False","train"
"344","La vivienda también se suma a la fiebre inflacionista","vivienda","pos","neg","neg","True","False","train"
"345","Alphabet vuela en bolsa tras superar estimaciones y anunciar un split 20x1","Alphabet","pos","neu","pos","True","False","train"
"346","La CNMV suspende de negociación a Solarpack por la OPA forzosa de EQT","CNMV","neg","neu","neu","True","False","train"
"347","La recaudación de impuestos se dispara un 15% hasta noviembre pese a la covid-19","recaudación de impuestos","pos","neg","neg","True","False","train"
"348","Red Eléctrica acuerda la venta del 49% de Reintel a KKR","Red Eléctrica","pos","neu","neu","True","False","train"
"349","Funcas tumba el optimismo del Gobierno y rebaja el crecimiento del PIB al 5,1% en 2021","el crecimiento del PIB","neg","neg","neg","True","False","train"
"350","Economía/Empresas.- Mitsubishi pide a NedCar un plan de reestructuración tras dejar de producir el Smart 'Forfour'","Mitsubishi","pos","neu","neu","True","False","train"
"351","Bruselas lanza su propuesta de reservas estratégicas voluntarias frente a la crisis del gas","Bruselas","pos","pos","pos","True","False","train"
"352","El plan Moves Grandes Flotas irá destinado a compañías con más de 500 vehículos entre varias comunidades autónomas.","compañías","pos","neu","pos","True","False","train"
"353","La pandemia desploma un 43% el gasto turístico en Euskadi ","Euskadi","neg","neg","neg","True","False","train"
"354","Las franquicias con una inversión media tienen un club de mecenas","franquicias con una inversión media","pos","pos","neu","True","False","train"
"355","Nueva sentencia del cártel de camiones: el juez cuantifica el sobrecoste en el 25,17%","cártel de camiones","neg","neg","neg","True","False","train"
"356","Bundesbank: economía alemana se aprovechará de coyuntura global","Bundesbank","pos","neg","neu","True","False","train"
"357","Los ingresos de Recreativos Franco se hundieron un 55% y aplicó un ERE al 30% de la plantilla.","la plantilla","neg","neu","neg","True","False","train"
"358","IAG pierde 2.622 millones de euros hasta septiembre, la mitad que un año antes","IAG","neg","neu","neu","True","False","train"
"359","CaixaBank logra un aumento del dividendo hasta situarlo entre el 50% y el 60% del beneficio en 2022 y un programa de recompra de acciones.","CaixaBank","pos","neu","pos","True","False","train"
"360","RSC.- Madrid, Cataluña y Baleares, las tres comunidades con más empresas con Sistemas de Gestión Ambiental","empresas con Sistemas de Gestión Ambiental","pos","neu","pos","True","False","train"
"361","La Junta de Andalucía estudia ampliar la hora del cierre de la hostelería a petición del sector","La Junta de Andalucía","pos","pos","pos","True","False","train"
"362","Telefónica y los sindicatos UGT y CC OO firman el plan de bajas voluntarias para casi 3.000 empleados","Telefónica y los sindicatos UGT y CC OO","neg","neu","neg","True","False","train"
"363","Criteria sigue reforzándose en Telefónica con la compra de otras 140.000 acciones","Criteria","pos","neu","neu","True","False","train"
"364","El precio de la electricidad es uno de los culpables del aumento de cuatro décimas del IPC.","IPC","neg","neg","neg","True","False","train"
"365","La mitad de los partes fraudulentos se produce en los seguros de coche","partes fraudulentos","neg","neg","neg","True","False","train"
"366","El Gobierno cifra en 1.000 millones de euros el rescate de ocho autopistas que quebraron en la crisis","autopistas","pos","neu","pos","True","False","train"
"367","Los peajes inflarán el precio del transporte de mercancías","el precio del transporte de mercancías","pos","neg","neg","True","False","train"
"368","Bank of America recorta el precio objetivo de Bankia y cree que no cumplirá con el dividendo","Bank of America","neg","neg","neu","True","False","train"
"369","La actividad fabril española creció en enero a pesar de los problemas persistentes con las cadenas de suministro y las presiones de los precios.","actividad fabril española","pos","pos","pos","True","False","train"
"370","El presidente de Portugal visita la primera tienda de Mercadona en el país","Mercadona","pos","neu","pos","True","False","train"
"371","Extremadura y Aragón son las más beneficiadas por la nueva fórmula de población ajustada que plantea Hacienda","Extremadura y Aragón","pos","pos","pos","True","False","train"
"372","Segundo pinchazo del Ibex que pierde los 8200 puntos","Segundo pinchazo del Ibex","neg","neg","neg","True","False","train"
"373","La luz lastra el resultado de Renfe con un sobrecoste de 133 millones ","Renfe","neg","neg","neg","True","False","train"
"374","Uber se alía con Nissan y Renault para electrificar sus desplazamientos en Europa","Uber","pos","neu","pos","True","False","train"
"375","Ferrovial baja un 20% el sueldo a su dirección mientras dure la crisis del coronavirus","Ferrovial","pos","neu","neu","True","False","train"
"376","Las 2.300 sicavs españolas deben comunicar antes de febrero si deciden cerrar por la nueva ley.","sicavs españolas","neg","neu","neg","True","False","train"
"377","Luz verde al 'hub' liderado por QEV para reindustrializar Nissan en Zona Franca ","QEV","pos","neu","pos","True","False","train"
"378","Los cruceros reabren sus puertas con solo un quinto de su negocio","cruceros","neg","neg","neg","True","False","train"
"379","Los otros héroes anónimos del Covid-19: los innovadores","los innovadores","pos","pos","pos","True","False","train"
"380","Los accionistas de Viscofan cobrarán un dividendo de 1,40 euros a cuenta de los resultados de 2021.","accionistas de Viscofan","pos","neu","pos","True","False","train"
"381","Así subirán las pensiones máximas en 2022 tras la revalorización de la inflación","pensiones ","pos","neu","pos","True","False","train"
"382","Banco Sabadell se hace con un 3,9% de Nyesa como compensación por créditos concursales","Banco Sabadell","pos","neu","pos","True","False","train"
"383","CaixaBank lidera venta de fondos de pensiones e inversión colectiva en España","CaixaBank","pos","neu","neu","True","False","train"
"384","Getty Images saldrá a Bolsa vía Spac valorada en 4.257 millones ","Getty Images","pos","neu","pos","True","False","train"
"385","La tasa de empleo en los países desarrollados cae por vez primera desde 2013","tasa de empleo en los países desarrollados","neg","neg","neg","True","False","train"
"386","Economía/Finanzas.- Olivas destaca el crecimiento ""sólido"" y ""sostenido"" del grupo Bancaja","grupo Bancaja","pos","neu","neu","True","False","train"
"387","Cotización del yuan chino","Cotización del yuan chino","neu","neu","neu","True","False","train"
"388","El fondo de inversión PAI Partners entra en el accionariado de los supermercados Uvesco para impulsar su crecimiento","PAI Partners","pos","neu","pos","True","False","train"
"389","Los centros tecnológicos crecen mientras miran con preocupación la inestabilidad política","Los centros tecnológicos","pos","pos","pos","True","False","train"
"390","La Generalitat Valenciana flexibiliza los requisitos en el tercer plan de ayudas a empresas y autónomos","ayudas a empresas y autónomos","pos","pos","pos","True","False","train"
"391","El precio del petróleo se desplomó un 13% ante la huida de los activos de riesgo y el fantasma de las restricciones a la movilidad que hundieron el precio durante 2020.","precio del petróleo","neg","pos","pos","True","False","train"
"392","United Airlines cancela vuelos al registrar 3.000 contagios por Covid en su plantilla","United Airlines","neg","neu","neg","True","False","train"
"393","Los grandes morosos con Hacienda se duplican hasta 7.277 ","Hacienda","neg","neg","neg","True","False","train"
"394","Funcas avisa: la ralentización económica y la incertidumbre política obstaculizan el cumplimiento del déficit","el cumplimiento del déficit","neg","neg","neg","True","False","train"
"395","Tecnología | El nuevo dron de DJI equipa cámaras capaz de rivalizar con los modelos semiprofesionales, perfectas para tomas aéreas de calidad cinematográfica","dron de DJI","pos","neu","pos","True","False","train"
"396"," Binance Coin se ha revalorizado durante este 2021 en un 1.300%","Binance Coin","pos","neu","pos","True","False","train"
"397","Los contratos temporales de menos de 30 días se penalizarán triplicando la cotización","contratos temporales","neg","neg","neu","True","False","train"
"398","Vodafone emite 4.000 millones en bonos para comprar activos de Liberty","Vodafone","pos","neu","neu","True","False","train"
"399","La inversión inmobiliaria cae 45 % por ausencia de operaciones corporativas","La inversión inmobiliaria","neg","neg","neg","True","False","train"
"400","LLYC incrementa un 40% sus ingresos en 2021, hasta los 62,8 millones de euros","LLYC","pos","neu","neu","True","False","train"
"401","La suiza Vifor Pharma compra la ‘biotec’ española Sanifit por 375 millones","Vifor Pharma","pos","neu","pos","True","False","train"
"402","El Gobierno se ve forzado a mantener la rebaja fiscal de la luz hasta abril de 2022 por el alza de precios","Gobierno","neg","pos","pos","True","False","train"
"403","La economía china ya acecha el podio de las potencias mundiales","economía china","pos","neg","neu","True","False","train"
"404","El patrimonio de los fondos cae el 2,4% en enero por el mal inicio de año en los mercados ","patrimonio de los fondos","neg","neg","neg","True","False","train"
"405","El vacío legal de la plusvalía deja en el aire 90 millones en ingresos para los ayuntamientos","los ayuntamientos","neg","neg","neg","True","False","train"
"406","Seguimiento masivo en la primera huelga de la historia de Unicaja Banco","Unicaja Banco","neg","neu","neg","True","False","train"
"407","Los retrasos del fondo de rescate del Gobierno ahogan al sector turístico","sector turístico","neg","neu","neg","True","False","train"
"408","GP Bullhound lanza una Spac para buscar inversiones de hasta 2.000 millones en Europa ","GP Bullhound","pos","neu","pos","True","False","train"
"409","Sateliot ultima la entrada de Indra y Cellnex con la ampliación de capital de 10 millones","Cellnex ","pos","neu","neu","True","False","train"
"410","Javier Sánchez, presidente de las cámaras de comercio","presidente de las cámaras de comercio","neu","neu","neu","True","False","train"
"411","La venta de vehículos disminuyó en un 13,5% durante el mes de septiembre. autónomos pymes","venta de vehículos","neg","neu","neg","True","False","train"
"412","Los clientes de las franquicias prefieren Facebook a Twitter","Facebook","pos","neg","neu","True","False","train"
"413","Ahorramás crece","Ahorramás","pos","neu","pos","True","False","train"
"414","Ómicron 'dinamita' las rebajas: las ventas en Navidad caen un 5,9%","las ventas en Navidad","neg","neu","neu","True","False","train"
"415","Tesla llama a revisión a 475.000 coches en EEUU por defectos técnicos","Tesla","neg","neu","neg","True","False","train"
"416","Montoro anuncia que emprenderá, en plena crisis catalana, la mejora de la financiación autonómica","Montoro","pos","neu","pos","True","False","train"
"417","Caída del precio del gas en los últimos días","precio del gas","neg","pos","pos","True","False","train"
"418","Duro Felguera recibe los 80 millones de la segunda fase del apoyo financiero de SEPI.","Duro Felguera","pos","neu","neu","True","False","train"
"419","Economía/Macro.- Almunia pide a los países de la UE que no aplacen la reforma de las pensiones","Almunia","pos","neu","pos","True","False","train"
"420","La Cámara de Bilbao espera que en seis meses se normalice la crisis de suministro ","la crisis de suministro","neg","neg","neg","True","False","train"
"421","La Bolsa de Sao Paulo no opera este viernes por ser festivo en Brasil","La Bolsa de Sao Paulo","neu","neu","neu","True","False","train"
"422","ACS vende a Vinci la mayor parte de su división industrial por 4.902 millones","Vinci","pos","neu","neu","True","False","train"
"423","Firme compromiso con la economía circular","economía circular","pos","pos","pos","True","False","train"
"424","El Santander tendrá que indemnizar con 68 millones a Andrea Orcel por su fichaje frustrado como CEO","Santander","neg","neu","neu","True","False","train"
"425","Este lunes el megavatio hora en España será un 373,13% más caro que en el mismo día de 2020.","el megavatio hora","pos","neg","neg","True","False","train"
"426","Cómo se calculan los ingresos procedentes del capital mobiliario","ingresos procedentes del capital mobiliario","neu","neu","neu","True","False","train"
"427","MásMóvil: ""El coronavirus va a aumentar la demanda de empresas con conciencia social""","El coronavirus","pos","pos","pos","True","False","train"
"428","La Cámara de España pide liquidez y rebajas fiscales para el sector turístico","La Cámara de España","pos","pos","pos","True","False","train"
"429","Global X ETFs capta 50 millones en su primer año: abrirá oficina en España y prepara productos de 'criptos'","Global X ETFs","pos","neu","pos","True","False","train"
"430","Luz verde' de la Fed al Santander para adquirir el casi 20% que no controla en su filial de financiación al consumo en EEUU","Fed ","pos","neu","neu","True","False","train"
"431","El proyecto, de 1.232 megavatios, es el mayor proyecto eólico marino de Nueva Inglaterra hasta la fecha. ","Nueva Inglaterra","pos","neu","pos","True","False","train"
"432","El Gobierno reserva 1.908 millones para pagar el fiasco del canon hidráulico del PP","el fiasco del canon hidráulico del PP","neg","neg","neg","True","False","train"
"433","El Supremo abre la vía a que las empresas indemnicen a sus accionistas si sus cuentas anuales no son correctas","accionistas","pos","neu","pos","True","False","train"
"434","La 'miopía' de las bolsas con las telecomunicaciones anticipa nuevas inversiones de fondos privados en el sector, por AlfonMunoz","las telecomunicaciones","pos","neu","pos","True","False","train"
"435","Las importaciones de crudo a España se hunden un 11,7%, su nivel más bajo desde 2014","importaciones de crudo","neg","neg","neg","True","False","train"
"436","REE nombra a Concepción Ordiz (SEPI) vicesecretaria general de la compañía","REE","neu","neu","neu","True","False","train"
"437","Ingresos extra e impulso a la España 'vaciada': los tenderos de los pueblos se convierte en repartidores de Amazon","España","pos","neu","neu","True","False","train"
"438","El Gobierno da luz verde a la reforma laboral con la que pretende atajar la temporalidad","reforma laboral","pos","neu","pos","True","False","train"
"439","La inflación ahoga a los hogares en vísperas de la campaña navideña con su nivel más alto en 29 años","los hogares","neg","neu","neg","True","False","train"
"440","Escanear y pagar sin pasar por caja, la nueva solución de Repsol","solución de Repsol","pos","neu","pos","True","False","train"
"441","Alcoa alerta de que peligra el futuro de su planta de aluminio en Lugo","Alcoa","neg","neu","neu","True","False","train"
"442","Aena adjudica a Enaire los servicios de navegación aérea por 600 millones de euros","Enaire ","pos","neu","neu","True","False","train"
"443","Los agricultores se movilizan por la subida de precios","agricultores","neg","neu","neg","True","False","train"
"444","Lenovo ofrecerá financiación por internet a través de Cetelem","Lenovo","pos","neu","pos","True","False","train"
"445","Aena gana un pulso a los restaurantes: los nuevos contratos son arrendamientos, no concesiones ","Aena","pos","neu","neg","True","False","train"
"446","Cuatro sociedades públicas reconocen 26 millones de deuda con el Gobierno de Aragón","Cuatro sociedades públicas","pos","neu","neg","True","False","train"
"447","Fiat Chrysler gana 2.700 millones en 2019, un 19% menos interanual","Fiat Chrysler","neg","neu","neu","True","False","train"
"448","Sony devuelve el golpe a Microsoft y compra Bungie, el estudio creador de 'Halo', por 3.200 millones","Sony","pos","neu","neu","True","False","train"
"449","Luz verde definitiva para Iberdrola y su 'megaproyecto' de interconexión en EEUU","Iberdrola","pos","neu","neu","True","False","train"
"450","Lladró es la primera pyme rescatada por el Fondo de Recapitalización de Empresas Afectadas por la COVID-19 y se le concederá un préstamo participativo de 8 millones.","Lladró","pos","neu","pos","True","False","train"
"451","Miles de personas se manifiestan en varias ciudades contra la reforma de las pensiones","ciudades","neg","neu","neg","True","False","train"
"452","El precio del crudo se estabiliza, con la mirada puesta en las reservas de EEUU","El precio del crudo","pos","pos","pos","True","False","train"
"453","El INE revisa seis décimas al alza el crecimiento del PIB en el tercer trimestre, hasta el 2,6%","INE","pos","neu","pos","True","False","train"
"454","Sony eleva su apuesta por los juegos, la música y el cine en ""streaming""","Sony","pos","neu","pos","True","False","train"
"455","Banco Sabadell cierra la venta del 80 % de Solvia a Intrum por 241 millones","Banco Sabadell","pos","neu","neu","True","False","train"
"456","Los Presupuestos incluirán una ayuda de hasta 100 euros por hijo para las familias con ingresos bajos","las familias con ingresos bajos","pos","neu","pos","True","False","train"
"457","El Asistente de Google introduce la lectura de mensajes de apps de mensajería","Asistente de Google","pos","pos","pos","True","False","train"
"458","Tesoro Público finaliza recompra deuda 2006 por 4.386 millones","Tesoro Público","pos","pos","pos","True","False","train"
"459","Opdenergy lanza pagarés verdes siete meses después del fiasco de su salida a bolsa","Opdenergy","pos","neu","pos","True","False","train"
"460","El Ibex 35 derriba al fin los 9.270 puntos tras escalar un 2,4% en febrero","El Ibex 35","pos","pos","pos","True","False","train"
"461","Los contribuyentes no tendrán que pagar ya la plusvalía municipal hasta que Hacienda revise el impuesto","contribuyentes ","pos","neu","neu","True","False","train"
"462","Madrid tiene unos 400 proyectos residenciales que sumarán 13.800 viviendas","Madrid","pos","pos","pos","True","False","train"
"463","Las sicavs con más inversores seguirán abiertas después del cambio de normativa","sicavs ","pos","neu","pos","True","False","train"
"464","Polvorín social en otoño: se dispara el paro de larga duración y entra en crisis la economía sumergida","el paro","neg","neg","neg","True","False","train"
"465","Italia busca convencer a ArcelorMittal sobre Ilva, que amenaza 10.000 empleos","Italia","pos","pos","pos","True","False","train"
"466","La Audiencia Nacional avala el 'hot desking', que ha revolucionado la organización de los espacios físicos en las empresas a medida que se ha ido imponiendo el trabajo híbrido.","hot desking","pos","pos","pos","True","False","train"
"467","El IPC encarece el alquiler 550 euros anuales: Madrid y Barcelona, donde más se notará","el alquiler","pos","neg","neg","True","False","train"
"468","La OCDE hunde a España al vagón de cola del crecimiento con solo un 4,5% en 2021","España ","neg","neg","neg","True","False","train"
"469","CAF se adjudica el proyecto de la Purple Line del tranvía de Tel Aviv por 1.015 millones","CAF ","pos","neu","neu","True","False","train"
"470","La inflación de la zona euro avanza al 5,1% en enero por la subida del precio de la energía","inflación de la zona euro","pos","neg","neg","True","False","train"
"471","La inflación de la OCDE escaló al 5,8% en noviembre, una subida de precios no vista desde 1996","La inflación de la OCDE","pos","neg","neg","True","False","train"
"472","La Reserva Federal de EE UU acelera el ritmo de la retirada de estímulos y prevé tres subidas de tipos de interés en 2022","EE UU","pos","neg","neg","True","False","train"
"473","Industria busca una reunión con Great Wall en un último intento para que se instale en Barcelona","Barcelona","pos","neu","neu","True","False","train"
"474","Las petroleras disparan su beneficio por la subida del crudo","petroleras","pos","neg","neg","True","False","train"
"475","Escrivá subirá la pensión máxima tras elevar las cotizaciones a los que ganen más de 49.000 euros","los que ganen más de 49000 euros","neg","neu","pos","True","False","train"
"476","La cuota lingüística afectará solo a las plataformas con sede en España y un tributo del 5% sobre todas las empresas costeará la medida.","las plataformas con sede en España","neg","neu","neg","True","False","train"
"477","Apple da el salto al 5G con el iPhone 12","Apple","pos","neu","neu","True","False","train"
"478","El IBEX 35 vuelve a superar 10.000 puntos por primera vez desde mayo de 2018","El IBEX 35","pos","pos","pos","True","False","train"
"479","Guindos reclama política económica y fiscal para que la munición del BCE vuelva a tener fuerza","política económica y fiscal","pos","neu","pos","True","False","train"
"480","El PIB remonta un 2% en verano y enfría la expectativa de crecimiento anual","PIB","pos","pos","pos","True","False","train"
"481","El empujón a bares y restaurantes para reactivar el consumo","bares y restaurantes","pos","neu","pos","True","False","train"
"482","El Ibex refuerza los 7.200 puntos","El Ibex","pos","pos","pos","True","False","train"
"483","La Audiencia Nacional declara nulo el ERTE de Arcelor Mittal en sus centros en España","ERTE de Arcelor Mittal","neg","neu","pos","True","False","train"
"484","Estrella Galicia regala a cada empleado y jubilado 80 euros para gastar en bares o restaurantes ","empleado y jubilado","pos","neu","neu","True","False","train"
"485","Sorpasso' renovable: la eólica supera a la nuclear y se convierte en la principal fuente de energía de España ","Sorpasso' renovable","pos","neu","pos","True","False","train"
"486","Castellana Properties se convierte en el mayor accionista de Lar España: compra el 21,7% a Pimco","Castellana Properties","pos","neu","neu","True","False","train"
"487","El Gobierno luso inyecta 536 millones de euros a la aerolínea TAP ","la aerolínea TAP","pos","neu","pos","True","False","train"
"488","Luis Gallego compaginará la presidencia de Iberia con la de LEVEL","Luis Gallego","pos","neu","neu","True","False","train"
"489","El luso BPI modifica los límites de voto para evitar la opa de Millennium","El luso BPI","pos","neu","neu","True","False","train"
"490","Economía/Fiscal.- El Congreso rechaza las enmiendas de totalidad contra la reforma fiscal","enmiendas de totalidad","neg","neu","neu","True","False","train"
"491","Cofares rompe su techo histórico de facturación y aumenta su cuota de mercado","Cofares","pos","neg","neu","True","False","train"
"492","Los hoteleros quieren que el Benidorm Fest aumente su aforo a las 5.000 entradas ","hoteleros","pos","neu","pos","True","False","train"
"493","La SEPI rescata a Airtificial con 34 millones de euros","Airtificial ","pos","neu","pos","True","False","train"
"494","La británica Veritas entra en Aena como cuarto accionista con un 3% del capital","Veritas","pos","neu","neu","True","False","train"
"495","El sector pesquero lamenta la 'doctrina ambientalista' de Bruselas ","sector pesquero","neg","neu","neg","True","False","train"
"496","Yolanda lanza su propio discurso de Navidad: ""El salario mínimo volverá a subir en enero""","salario mínimo","pos","neg","pos","True","False","train"
"497","El Gobierno se plantea hacerse con hasta el 40% de Air Europa para garantizar su viabilidad","Air Europa","pos","neu","pos","True","False","train"
"498","Agencias de viajes recomiendan no viajar a China y facilitar cancelaciones","China","neg","neu","neg","True","False","train"
"499","El paro, camino de los seis millones","El paro","neg","neg","neg","True","False","train"
"500","Telefónica sube un 6,4% tras la opa de KKR sobre Telecom Italia, que se dispara un 30%","Telefónica","pos","neu","pos","True","False","train"
"501","La inflación está disparada no solo en España, con un alza interanual en agosto del 3,3%, sino también en toda la zona euro.","inflación","pos","neg","neg","True","False","train"
"502","Wall Street arranca febrero al alza ","Wall Street","pos","pos","pos","True","False","train"
"503","Supremo alemán reconoce derecho a indemnización por Volkswagen manipulado","derecho a indemnización","pos","neg","pos","True","False","train"
"504","El Gobierno aprueba el superfondo de Escrivá sin contar con el diálogo social","superfondo de Escrivá","pos","neg","neg","True","False","train"
"505","Acuerdan 38 prejubilaciones en dos empresas de Lladró y siguen negociaciones","empresas de Lladró","pos","neu","neg","True","False","train"
"506","ACS pone el broche de oro a 2021 con la operación del año: cierra la venta de sus servicios industriales a Vinci por 4.902M€. ","ACS","pos","neu","pos","True","False","train"
"507","Escrivá prevé un «gran apoyo parlamentario» a la reforma laboral porque es «muy ambiciosa»","reforma laboral ","pos","pos","pos","True","False","train"
"508","Banco Santander vuelve a la Fórmula 1 de la mano de Ferrari","Ferrari","pos","neu","neu","True","False","train"
"509","El precio de la gasolina sube un 1,73 % y el del gasóleo, un 1,21 %","precio de la gasolina","neg","neg","neg","True","False","train"
"510","El Gobierno vasco oferta cuatro mil nuevas plazas de funcionarios ","Gobierno vasco","pos","neu","pos","True","False","train"
"511","Le Pen reclama ""otro Brexit"" en Francia y Hollande dice que las gestiones del Brexit se harán ""rápido""","Le Pen","neg","neg","neg","True","False","train"
"512","Las bolsas del Sudeste Asiático comienzan con resultados mixtos","bolsas del Sudeste Asiático","neu","neu","neu","True","False","train"
"513","Calviño tendrá que revisar a la baja su previsión de crecimiento del PIB antes del martes","Calviño","neg","neg","neg","True","False","train"
"514","Frente a las pérdidas de 8.771 millones registradas en 2020, bancosantander ganó 8.124 millones en 2021. ","bancosantander","pos","neu","neu","True","False","train"
"515","Ribera avisa: seguirán las tensiones en los precios de la energía si no hay una solución conjunta de la UE","los precios de la energía","pos","neg","neg","True","False","train"
"516","Toda la plantilla de Ikea mundial recibirá un pago extraordinario como compensación por haber superado ""la etapa más exigente para el negocio y las personas"".","la plantilla de Ikea mundial","pos","neu","neu","True","False","train"
"517","Maricoin se estrena esta Nochevieja pero ómicron limita el debut de la criptomoneda LGTB a Chueca","Maricoin","pos","neu","pos","True","False","train"
"518","El Tribunal Supremo condena a Mapfre a pagar 3,8 millones a las víctimas de Spanair","Mapfre","neg","neu","neu","True","False","train"
"519","Tinder, Disney y Coin Master lideran las compras de los españoles en 2021 en las App stores de Google y Apple","Tinder, Disney y Coin Master","pos","neu","neu","True","False","train"
"520","Sacyr batalla en el Tribunal Supremo contra la concesión del aeropuerto de Corvera a Aena","Sacyr","neg","neu","neu","True","False","train"
"521","Tras un inicio de año a la baja, los bancos abren el grifo del crédito. 
santander_es","santander_es","pos","neu","neu","True","False","train"
"522","Economía/Empresas.- Accenture adquiere la empresa de Recursos Humanos Pecaso","Accenture","pos","neu","neu","True","False","train"
"523","Healthcare Activos triplicará su tamaño con el fondo de Abu Dhabi y CBRE IM ","Healthcare Activos","pos","neu","pos","True","False","train"
"524","Arteche da entrada a Hitachi en su filial de equipos de gas ","Arteche","pos","neu","neu","True","False","train"
"525","El temor a una nueva ola de coronavirus agita los nervios en los mercados europeos","mercados europeos","neg","neg","neg","True","False","train"
"526","El litro de gasolina de 95 octanos se ha apreciado un 26,2% y el de gasóleo un 27,6% en lo que va de año.","litro de gasolina de 95","pos","neg","neg","True","False","train"
"527","Alcoa San Cibrao: dos años para invertir 91 millones y abaratar la energía ","Alcoa San Cibrao","pos","pos","pos","True","False","train"
"528","La Sepi aprueba el rescate de 340 millones a Técnicas Reunidas ","Sepi","pos","pos","pos","True","False","train"
"529","Fitch cree que el préstamo para comprar MásMóvil refleja el interés del mercado","préstamo para comprar MásMóvil","pos","pos","neu","True","False","train"
"530","Cabify prevé crecer un 45% respecto a 2020 y facturar más que antes de la pandemia","Cabify","pos","neu","pos","True","False","train"
"531","H&amp;M eleva las ventas un 6% en su ejercicio fiscal, hasta los 19.351 millones de euros","H&amp;M","pos","neu","pos","True","False","train"
"532","Un 2022 para reeditar el récord: el auge de la inversión extranjera y las rondas A y B aúpan la fiebre emprendedora","la inversión extranjera y las rondas A y B","pos","neu","pos","True","False","train"
"533","Para impulsar este negocio de banca privada, Bankinter ha integrado bajo una misma división los negocios de banca privada y red agencial.","Bankinter","pos","neu","pos","True","False","train"
"534","Cotización del dólar","Cotización del dólar","neu","neu","neu","True","False","train"
"535","GIC se alía con Azora para levantar 8.000 casas. ","GIC","pos","neu","pos","True","False","train"
"536","Dimiten los tres cargos del Banco de España imputados por el 'caso Bankia' que aún estaban en activo","Banco de España","neg","neu","pos","True","False","train"
"537","EnDirecto | Powell: ""Hay un riesgo real ahora de que la inflación sea más persistente""","inflación","neg","neg","neg","True","False","train"
"538","Aena adjudica a Enaire los servicios de navegación aérea por 600 millones ","Enaire","pos","neu","pos","True","False","train"
"539","Energía | CPPIB (Canadian Pension Plan Investment) ha anunciado que ha entrado en el capital del grupo británico Octopus Energy con 300 millones de dólares (unos 260 millones de euros).","Octopus Energy","pos","neu","pos","True","False","train"
"540","Los gestores públicos carecen de información para ejecutar los fondos europeos","gestores públicos","neg","neu","neu","True","False","train"
"541","Elon Musk vende un 6% de su participación en Tesla por más de 9.600 millones","Elon Musk","pos","neu","neu","True","False","train"
"542","Tesla se recupera pese a una investigación de la SEC y recupera los 1.000 dólares","Tesla","pos","neu","pos","True","False","train"
"543","Ghosn va a recibir una jubilación de 765.000 euros al año de Renault","Ghosn","pos","neu","neu","True","False","train"
"544","Afectados de Forum Filatélico pretenden crear federación nacional","Afectados de Forum Filatélico","pos","neu","neu","True","False","train"
"545","Los ERTE se mantendrán hasta el próximo 30 de septiembre","Los ERTE","neu","neu","neg","True","False","train"
"546","BBK y Gaia lanzan un videojuego para enseñar a niños a gestionar una fábrica ","niños","pos","neu","pos","True","False","train"
"547","Exconsejeros de Bankia niegan cualquier interés personal en la salida a Bolsa","Exconsejeros de Bankia","neg","neu","neu","True","False","train"
"548","Cierra la empresa de calzado Pura López ","empresa","neg","neu","neg","True","False","train"
"549","Twitter, Sergi Arola, Eto'o y Kiko Matamoros entran en la lista de morosos de Hacienda ","Twitter, Sergi Arola, Eto'o y Kiko Matamoros","neg","neu","neg","True","False","train"
"550","Las 'start-ups' de Wayra y Telefónica facturan 32 millones de euros","start-ups","pos","neu","neu","True","False","train"
"551","Telefonica y Amancio Ortega compran parte de una empresa con una de las redes internacionales de cables submarinos de fibra óptica más grandes del mundo.","Telefonica y Amancio Ortega","pos","neu","neu ","True","False","train"
"552","Correos anuncia su mayor convocatoria de empleo en décadas, con 5.377 puestos indefinidos ","Correos","pos","neu","pos","True","False","train"
"553","Vodafone España facturó 1.077 millones en su tercer trimestre fiscal, un 1,9% más","Vodafone España","pos","neu","neu","True","False","train"
"554","Agenda con los desafíos para chefs y hosteleros, de la subida de precios a la retención del talento. ","chefs y hosteleros","neg","neu","neg","True","False","train"
"555","Abanca repartirá un segundo dividendo de 0,002 euros por acción ","Abanca","pos","neg","pos","True","False","train"
"556","La caída en Bolsa de Apple después de presentar los resultados anuales ha impulsado a Microsoft a convertirse en la mayor compañía cotizada del mundo.","Microsoft","pos","neu","pos","True","False","train"
"557","Álvarez advierte de que una ""disrupción"" del mercado hipotecario perjudicará a clientes y bancos","""disrupción"" del mercado hipotecario","neg","neg","neg","True","False","train"
"558","El contrato alcanza un importe de diez millones de euros y tiene una duración inicial de tres años.","contrato","pos","neu","pos","True","False","train"
"559","Aedas Homes gana 24,5 millones de euros en el semestre fiscal y bate un nuevo récord de ventas","Aedas Homes","pos","neu","neu","True","False","train"
"560","El alto paro y la inflación disparada sitúan a España al frente del 'índice de miseria' en la UE","España ","neg","neg","neg","True","False","train"
"561","Volotea transportó a más de tres millones de pasajeros en verano, un 14 % más","Volotea","pos","neu","pos","True","False","train"
"562","España recibe los 10.000 millones del primer tramo del fondo de recuperación de la Unión Europea","España","pos","pos","pos","True","False","train"
"563","El Corte Inglés espera lograr la calificación de grado de inversión con la entrada de Mutua","Corte Inglés","pos","neu","pos","True","False","train"
"564","caixabank  dispara el beneficio a 4.801 millones en nueve meses tras incorporar los extraordinarios asociados a la fusión con Bankia","caixabank","pos","neu","pos","True","False","train"
"565","El teléfono se consolida como medio de pago","El teléfono","pos","pos","pos","True","False","train"
"566","Aena invertirá 433 millones hasta 2026 en el aeropuerto de Barajas","el aeropuerto de Barajas","pos","neu","pos","True","False","train"
"567","Subidas de tipos de interés","tipos de interés","pos","neg","neg","True","False","train"
"568","El bitcoin continúa en el entorno de los 50.000 dólares, sin llegar a consolidar esta barrera, y el ether cotiza en los 4.400 dólares","ether","pos","neu","pos","True","False","train"
"569","Los precios industriales se disparan un 33,1% en noviembre y registran su mayor alza en 45 años","precios industriales","pos","neg","neg","True","False","train"
"570","El 'exchange' de criptos FTX eleva un 28% su valoración, hasta 28.500 millones","FTX","pos","neu","pos","True","False","train"
"571","EM Grup invertirá 130 millones en una planta renovable en Cercs (Barcelona)","EM Grup","pos","neu","pos","True","False","train"
"572","La Asociación Española de Renting detecta un aumento de solicitudes de particulares y autónomos de un 70%.","Asociación Española de Renting","pos","neu","neu","True","False","train"
"573","Telefónica propone una subida salarial del 1,5% para 2023 y amplía el plan de bajas a más de 2.900 empleados","empleados","pos","neu","neu","True","False","train"
"574","WiZink pierde 26 millones hasta septiembre tras dotar 200 millones para litigios ","WiZink","neg","neu","neg","True","False","train"
"575","El fabricante de chips AMD se dispara tras sorprender con sus previsiones para 2022","fabricante de chips AMD","pos","neu","pos","True","False","train"
"576","Los beneficios de Twitter se hunden un 95% en el tercer trimestre, hasta los 33 millones","beneficios de Twitter","neg","neu","neu","True","False","train"
"577","Los transportistas ya tienen una “app” para localizar áreas de servicio en pleno estado de alarma","Los transportistas","pos","pos","pos","True","False","train"
"578","La CNMC reduce un 4,6% los peajes de transporte y distribución eléctrica para 2022","CNMC","neg","pos","pos","True","False","train"
"579","El sector turístico empieza a ver la luz al final del túnel","El sector turístico","pos","neu","pos","True","False","train"
"580","OHLA creará el mayor centro deportivo cubierto de Norteamérica por 132 millones","OHLA","pos","neu","pos","True","False","train"
"581","El favorito de Trump para representar a EEUU ante la UE prevé el colapso del euro en un año y medio","El favorito de Trump","neg","neg","neg","True","False","train"
"582","Las ventas de GM en EE.UU. aumentaron un 6,3 % en el tercer trimestre","Las ventas de GM en EEUU","pos","neu","neu","True","False","train"
"583","El FMI advierte del riesgo de las nuevas variantes del coronavirus para la economía europea","economía europea","neg","neg","neg","True","False","train"
"584","En todas las fusiones bancarias se suelen perder clientes. caixabank ha perdido desde marzo, cuando cerró la fusión legal con Bankia, un 2% de su número total de clientes. Estas salidas no han hecho caer el negocio.","caixabank","neg","neu","neu","True","False","train"
"585","La huelga del metal de Cádiz se encamina hacia una semana “conflictiva”","Cádiz","neg","neu","neg","True","False","train"
"586","Cultura | Durante las últimas dos semanas, se han cancelado en el último minuto un sinfín de musicales y obras de teatro ante la falta de reemplazo de los artistas que han dado positivo en Covid","musicales y obras de teatro","neg","neu","neg","True","False","train"
"587","Repsol lidera la semana en el Ibex 35; Grifols y PharmaMar siguen desangrándose","Grifols y PharmaMar","neg","neu","neg","True","False","train"
"588","El euribor a 12 meses sitúa la media mensual provisional en el -0,477% frente al -0,505% de hace un año.","euribor","neg","neu","neg","True","False","train"
"589","Ibercaja ha anunciado su próxima salida a bolsa... pero a la mayoría de sus predecesores no les ha ido demasiado bien","Ibercaja","neg","neu","neg","True","False","train"
"590","Bruselas recorta en un 6% los días de pesca para la flota mediterránea y pone en riesgo miles de empleos","la flota mediterránea","neg","neu","neg","True","False","train"
"591","La CNMV saca tarjeta amarilla a Andrés Iniesta por hacer publicidad de los criptoactivos","Andrés Iniesta","neg","neu","neu","True","False","train"
"592","IMG compra el Mutua Madrid Open de tenis y el Acciona Open de España de golf","IMG","pos","neu","neu","True","False","train"
"593","Firmado el acuerdo para subir el salario mínimo a 950 euros en 2020","salario mínimo","pos","neg","pos","True","False","train"
"594","Liberbank gana 73 millones de euros en el primer semestre, un 14% menos","Liberbank","neg","neu","neu","True","False","train"
"595","ACS confirma la venta de su negocio industrial a la francesa Vinci por 4.902 millones de euros","Vinci","pos","neu","neu","True","False","train"
"596","La adquisición de vivienda por ciudadanos extranjeros pasó de cerca de 63.000 en 2019 a apenas 46.300 el año pasado","La adquisición de vivienda por ciudadanos extranjeros","neg","neu","neg","True","False","train"
"597","La Fed subirá tipos hasta tres veces en 2022 para combatir la inflación ","Fed","neg","neg","neg","True","False","train"
"598","La planta cervecera Damm retoma su actividad tras sufrir un ataque informático","Damm","pos","neu","pos","True","False","train"
"599","La Comisión Europea se abre a aceptar ayudas públicas para la producción de semiconductores","producción de semiconductores","pos","neu","pos","True","False","train"
"600","El banco malo reclama unos 150 millones a las entidades que compraron sus bonos en la crisis","banco malo","pos","neu","neg","True","False","train"
"601","Santander y Unicaja, los bancos favoritos de Goldman Sachs para ganar en bolsa","Santander","pos","neg","neu","True","False","train"
"602","Iberdrola saca pecho en EEUU con un proyecto de 3.500 millones tras el revés de PNM ","EEUU","pos","neu","pos","True","False","train"
"603","IFM compra otro 1% de Naturgy y tiene ya más del 12% de la energética","IFM","pos","neu","pos","True","False","train"
"604","Los principales fabricantes de vehículos facturarán un 9% más este año que en 2019","Los principales fabricantes de vehículos","pos","neu","neu","True","False","train"
"605","Rodrigo Buenaventura (CNMV): “Si no salen más empresas a Bolsa, estará en riesgo la recuperación de la economía española”","economía española","neg","neg","neg","True","False","train"
"606","Más de 1.000 gasolineras deberán ofrecer servicios de recarga para vehículos eléctricos antes de agosto de 2023","vehículos eléctricos","pos","neu","pos","True","False","train"
"607","En 2022, el santander_es tiene el objetivo de aumentar los ingresos en torno al 5%.","santander_es","pos","neu","neu","True","False","train"
"608","Sony devuelve el golpe a Microsoft y compra Bungie, el estudio creador de 'Halo', por 3.200 millones","Sony","pos","neu","neu","True","False","train"
"609","Sapa compra a Corporación Financiera Alba el 5% de Indra por 90 millones","Sapa ","pos","neu","neu","True","False","train"
"610","Iberdrola se adjudica el suministro eléctrico de un parque eólico marino en EE UU","Iberdrola","pos","neu","pos","True","False","train"
"611","Los Estados de Europa Central y Oriental registran los mayores incrementos salariales y todos los Gobiernos han sido más generosos que en 2021.","Estados de Europa Central y Oriental","pos","neg","pos","True","False","train"
"612","Trump: ""Sin las subidas de tipos de la Fed, EEUU habría crecido un 4% en 2018""","subidas de tipos","neg","neg","neg","True","False","train"
"613","Amazon se compromete a llegar a los 25.000 empleos indefinidos en España en 2025","Amazon","neu","neu","pos","True","False","train"
"614","LoMásLeído | 'Bloomberg' prevé que ""EEUU abrace las criptos en 2022"" y mantiene un bitcoin en 100.000 dólare","bitcoin ","pos","neu","pos","True","False","train"
"615","ElliottInvestment y Vista ultiman la compra de Citrix por más de 11.500 millones de euros, VÍA FundsnewsBM","ElliottInvestment y Vista","pos","neu","neu","True","False","train"
"616","La falta de ayudas para los autónomos de La Palma abre una nueva grieta entre los empresarios y Escrivá","los autónomos de La Palma","neg","neu","neg","True","False","train"
"617","Goldman cree que el petróleo puede llegar a 100 dólares, con otro récord de demanda","petróleo","pos","neg","neg","True","False","train"
"618","La luz anticipa mañana otro récord con España congelada","La luz","neg","neg","neg","True","False","train"
"619","Xiaomi presenta Mi Mix Alpha con pantalla envolvente 360 grados y cámara principal de 108MP","Xiaomi","pos","neu","pos","True","False","train"
"620","Aprobada la plantilla municipal que crea 52 plazas y amortiza otras 49","plantilla municipal","pos","neu","pos","True","False","train"
"621","Carrefour y Glovo se alían en Francia, España, Italia y Argentina","Carrefour","pos","neu","neu","True","False","train"
"622","El Gobierno avala las inspecciones sorpresa de Hacienda en los domicilios de particulares y empresas","El Gobierno","pos","pos","pos","True","False","train"
"623","El precio del gas supera los 115 euros por la tensión entre Rusia y Ucrania ","precio del gas","pos","neg","neg","True","False","train"
"624","La Justicia europea confirma la multa de 2.420 millones de euros de Bruselas a Google","Google","neg","neu","neu","True","False","train"
"625","España inaugura las subastas de julio con una emisión de bonos y obligaciones","España","pos","pos","neu","True","False","train"
"626","Plus500 resiste a la Covid y multiplica casi por cuatro sus ingresos del primer semestre","Plus500","pos","neu","neu","True","False","train"
"627","Acciona Energía desembarca en Francia con la compra de Eqinov ","Acciona Energía","pos","neg","pos","True","False","train"
"628","La OMC en manos de Trump","La OMC","neu","neu","neu","True","False","train"
"629","Los Economistas rebajan la previsión de crecimiento al 4,7% en 2021 y al 5,6% en 2022","previsión de crecimiento","neg","neg","neg","True","False","train"
"630","Wall Street vuelve a las ventas afectado por la caída del petróleo","Wall Street","neg","neg","neg","True","False","train"
"631","El precio de la luz será, este jueves, más de cuatro veces superior que el que se registró en el mismo día de 2020.","precio de la luz","pos","neg","neg","True","False","train"
"632","Aldi es la cadena nacional que más creció a nivel porcentual en superficie comercial el 2021

Más de 390.000 m2 y un total de 357 supermercados en el país, de los cuales 40 fueron nuevas aperturas","Aldi","pos","neu","pos","True","False","train"
"633","Los españoles necesitan 7,5 años de sueldo íntegro para comprar una vivienda","Los españoles","neg","neu","neg","True","False","train"
"634","Las pérdidas aseguradas por catástrofes naturales alcanzan los 90.000 millones de euros en 2021","pérdidas aseguradas","neg","neg","neg","True","False","train"
"635","Morgan Stanley eleva su beneficio un 37% en 2021, hasta 13.250 millones","Morgan Stanley","pos","neu","neu","True","False","train"
"636","Palma limita a tres el número máximo diario de cruceros a partir de 2022","Palma","neg","neu","neg","True","False","train"
"637","El Brexit y la pandemia hunden a mínimos la compra de casas en España por británicos.","la compra de casas en España por británicos","neg","neu","neg","True","False","train"
"638","Los proveedores de Nissan preparan centenares de despidos ante el cierre","proveedores de Nissan","neg","neu","neg","True","False","train"
"639","El BBVA gana 3.311 millones hasta septiembre tras reducir a la mitad las provisiones por la covid","BBVA","pos","neu","pos","True","False","train"
"640","Wall Street: caídas en la última sesión de 2021, que ya es el tercer año más alcista del siglo","Wall Street","neg","neu","neg","True","False","train"
"641","Endesa y Cepsa sellan una alianza para compartir puntos de recarga eléctrica en la Península","Península","pos","neu","pos","True","False","train"
"642","Teknei espera crecer con la transformación digital y el cambio generacional","Teknei","pos","neu","neu","True","False","train"
"643","UBS se refuerza en Realia y en Aedas y supera el 6% y el 7% de su capital","UBS","pos","neu","neu","True","False","train"
"644","Estrella Galicia sale de nuevo en ayuda de la hostelería","Estrella Galicia","pos","pos","neu","True","False","train"
"645","Renta 4 acuerda distribuir un dividendo de 0,30 euros a partir del 27 de diciembre","Renta 4 ","neu","neu","pos","True","False","train"
"646","Wall Street: freno al 'rally' de fin de año con caídas del 0,5% en el Nasdaq","Nasdaq","neg","neu","neg","True","False","train"
"647","Telefonica abonará dividendos. El precio de cotización de referencia es de 4,008 euros y que el importe de referencia asciende a 878.589.364,54 euros.","Telefonica","neu","neu","pos","True","False","train"
"648","Esfera Robotics, un fondo para no perderse la megatendencia de la robotización","Esfera Robotics","pos","neu","pos","True","False","train"
"649","Atresmedia abonará 0,18 euros por acción, con un desembolso total cercano a 40,5 millones.","Atresmedia","neu","neu","pos","True","False","train"
"650","El FMI alerta de una recuperación más lenta aunque mejora su previsión para 2023 para España","España","neg","neg","neg","True","False","train"
"651","El PP lamenta que Extremadura sea la ""campeona"" del déficit ""por quinto mes consecutivo""","Extremadura","neg","neg","neg","True","False","train"
"652","Pepa y Morenés vuelven a Neinor Homes al hacerse con un 18,5% de su capital","Pepa y Morenés","pos","neu","neu","True","False","train"
"653","Ferrovial cierra la compra del 24,9% de la india IRB por 369 millones de euros","Ferrovial","pos","neu","neu","True","False","train"
"654","El fondo espera embolsarse 361 millones de las casas agrupadas en Albirana, que traspasa alrededor del 40% de su cartera.","El fondo","pos","neu","pos","True","False","train"
"655","La CNMV multa a OHL y sus consejeros con 310.000 euros por los ""datos inexactos"" de las cuentas de 2018","OHL","neg","neu","neu","True","False","train"
"656","El Banco de España calcula que la crisis de suministros costará hasta 13.500 millones a España","España","neg","neg","neg","True","False","train"
"657","Acerinox dobló su gasto en 2021 en gas y electricidad, con 100 millones.
","Acerinox","neg","neu","neu","True","False","train"
"658","Naturgy mejora sus resultados por las plusvalías de los negocios en Chile y en Egipto","Naturgy ","pos","neu","neu","True","False","train"
"659","El Gobierno anuncia un PERTE del agua para digitalizar la gestión de los recursos hídricos en España","la gestión de los recursos hídricos en España","pos","neu","pos","True","False","train"
"660","De Mercadona a Carrefour: subidón de hasta 12.000 millones de euros en las inversiones inmobiliarias","las inversiones inmobiliarias","pos","neu","neu","True","False","train"
"661","Didi, el ‘Uber chino’, se va de la Bolsa de Nueva York a Hong Kong tras las presiones de Pekín","Hong Kong","pos","neu","pos","True","False","train"
"662","El sector del mueble anticipa alzas de precios de hasta el 20% por la presión de los costes ","sector del mueble","pos","neu","neg","True","False","train"
"663","Imagin, la app de CaixaBank para los más jóvenes","Imagin","pos","neu","pos","True","False","train"
"664","La energía nuclear tendrá la etiqueta de verde en la UE pese al rechazo de España y la división francoalemana, por jsanhermelando","energía nuclear","pos","neu","neu","True","False","train"
"665","Cinco valores del Continuo que suben un 20% (y mucho más) en 2020","Cinco valores del Continuo","pos","neu","neu","True","False","train"
"666","Petróleo, el próximo cuello de botella para la economía mundial: las petronaciones no están produciendo más","Petróleo","neg","neg","neg","True","False","train"
"667","OHLA allana el camino para generar caja neta de forma regular sin venta de activos","OHLA","pos","neu","neu","True","False","train"
"668","Oxígeno para LaLiga y el fútbol español: la alianza con CVC se formaliza con un segundo pago de 298 millones","LaLiga y el fútbol español","pos","neu","pos","True","False","train"
"669","Los rebrotes y las prohibiciones a los viajes vuelven a presionar al sector del turismo ya muy castigado en Bolsa. COVID19","sector del turismo","neg","neu","neg","True","False","train"
"670","Kerad Holding, empresa del futbolista Gerard Piqué, perdió 2,1 millones en 2020","Kerad Holding","neg","neu","neg","True","False","train"
"671","Criteria prescinde de García-Bragado como vicepresidente y seguirá de consejero en Caixabank","García-Bragado","neg","neu","neu","True","False","train"
"672","La luz marcará este miércoles su tercer precio más alto de la historia: 247 euros por MWh","luz","pos","neg","neg","True","False","train"
"673","El BCE concluye que Nordea tiene suficiente capital pero débil sistema datos","Nordea","neg","neu","neu","True","False","train"
"674","Evergrande incumple su primer reembolso de deuda en dólares y Fitch la declara en suspensión de pagos","Evergrande","neg","neu","neg","True","False","train"
"675","caixabank en banca privada se sitúa ya a niveles de Banco Santander.","caixabank","pos","neu","neu","True","False","train"
"676","Ayuso abre la economía madrileña a empresarios y autónomos del resto de España. Te contamos esta y otras noticias del día en ","economía madrileña","pos","pos","pos","True","False","train"
"677","La producción masiva de vacunas antiCovid lleva al límite la cadena de suministro y encarece las materias primas, por MercedesRivera0","las materias primas","pos","neg","neg","True","False","train"
"678","Solaris (CAF) suministrará 161 autobuses en Bélgica por 75 millones","Solaris","pos","neu","pos","True","False","train"
"679","Las Bolsas europeas buscan el rebote tras las fuertes caídas por la nueva variante ómicron.","Bolsas europeas","pos","neu","pos","True","False","train"
"680","La explosión de contagios por ómicron está teniendo un impacto inferior al de olas anteriores para el turismo en la entrada de 2022.","el turismo","pos","pos","pos","True","False","train"
"681","El impuesto de matriculación vuelve a subir este 1 de enero","impuesto de matriculación","pos","neg","neg","True","False","train"
"682","Costa anuncia una subida del salario mínimo y avances en reformas estructurales","Costa","pos","neu","pos","True","False","train"
"683","La firma de hipotecas se dispara un 57,7% en septiembre: récord de la última década"," La firma de hipotecas","pos","neu","pos","True","False","train"
"684","Great Wall pide más ayudas públicas para instalarse en la planta de Nissan","planta de Nissan","pos","neu","pos","True","False","train"
"685","Ferrovial recurre la decisión judicial sobre la autopista canadiense ETR-407","Ferrovial","neg","neu","neu","True","False","train"
"686","Con esta receta de Ayuso para el taxi, ingresarían un 60% más y se crearían 3.000 empleos","el taxi","pos","neu","neu","True","False","train"
"687","Centenares de personas se manifiestan en Cádiz en apoyo a los trabajadores del metal en su quinto día de huelga","Cádiz","neg","neu","neg","True","False","train"
"688","Trabajo ha impuesto sanciones por más de 1.530 millones desde la entrada en vigor del control horario","Trabajo","pos","neg","neg","True","False","train"
"689","La lira turca rompe la barrera de 20 unidades por euro ","lira turca","pos","neu","pos","True","False","train"
"690","El BBVA paga un alto coste por su pasión turca","BBVA","neg","neu","neu","True","False","train"
"691","Las ventas de las grandes empresas crecieron un 4,9%","ventas de las grandes empresas","pos","neg","neu","True","False","train"
"692","Air Europa quema tres cuartos de su rescate solo en mantener los vuelos","Air Europa","neg","neu","pos","True","False","train"
"693","El Ibex repite subidas, pendiente de Santander ","Ibex","pos","pos","pos","True","False","train"
"694","Italia multa a Google y Apple con 20 millones por el uso ilegal de datos","Google y Apple","neg","neu","neu","True","False","train"
"695","La Bolsa de Londres baja un 0,29 % en la apertura","La Bolsa de Londres","neg","neg","neg","True","False","train"
"696","La luz se dispara mañana hasta 320 euros por megavatio hora, un nuevo máximo histórico","luz","pos","neg","neg","True","False","train"
"697","China, un dragón asiático que despega","China","pos","neu","pos","True","False","train"
"698","Sony aumenta un 32% el beneficio operativo trimestral y supera previsiones","Sony","pos","neu","pos","True","False","train"
"699","Inditex agranda Arteixo: historia de las ampliaciones de la sede que vio crecer a Zara","Inditex","pos","neu","neu","True","False","train"
"700","Naturgy, galardonada en Nueva York con los premios a la mejor empresa energética y mejor CEO de 2021","Naturgy","pos","neu","pos","True","False","train"
"701","Las aerolíneas de bajo coste incrementan sus pasajeros un 12,9% hasta noviembre","aerolíneas de bajo coste","pos","neu","pos","True","False","train"
"702","10 puntos clave para hacer bien la declaración de la renta 2015","declaración de la renta","pos","neu","neu","True","False","train"
"703","El FMI rebaja el crecimiento del PIB español al 4,6% en 2021 y al 5,8% en 2022","PIB español","neg","neg","neg","True","False","train"
"704","Hacienda propone financiar las CCAA por población ajustada con más peso para sanidad y educación","CCAA","pos","pos","pos","True","False","train"
"705","La mitad de los autónomos cree que su actividad no se recuperará hasta 2023","autónomos","neg","neu","neu","True","False","train"
"706","Sánchez confía en presentar pronto los Presupuestos de 2020 y negociarlos ya","Sánchez","pos","neu","pos","True","False","train"
"707","La compañía barcelonesa reforzará el área móvil del gigante del entretenimiento interactivo y los videojuegos.","el área móvil del gigante del entretenimiento interactivo y los videojuegos","pos","neu","pos","True","False","train"
"708","Economía/OPA.- La CNE debatirá el jueves si admite a Gas Natural como parte interasada en la OPA de E.ON","La CNE","neu","neu","neu","True","False","train"
"709","Estados Unidos y China lideran la lista de superordenadores más potentes del mundo","Estados Unidos","pos","neu","neu","True","False","train"
"710","Las rebajas para el pequeño comercio son “pan para hoy y hambre para mañana”","pequeño comercio","neg","neu","neu","True","False","train"
"711","Los locales de ocio nocturno serán clausurados a lo largo de esta semana","locales de ocio nocturno","neg","neu","neg","True","False","train"
"712","Xunta y sindicatos pedirán la reactivación de la mesa industrial de Alcoa","mesa industrial de Alcoa","pos","neu","neu","True","False","train"
"713","Elon Musk agota sus pantalones cortos de Tesla en cinco minutos","Elon Musk","pos","neg","neu","True","False","train"
"714","La subida de precios subyacente se sitúa en el 1,7%, su mayor nivel desde julio de 2013.","precios subyacente","pos","neg","neg","True","False","train"
"715","Supercor eleva los sueldos hasta un 5,9% en 2022, tras alcanzar acuerdo para el convenio ","Supercor","neg","neu","pos","True","False","train"
"716","El precio del crudo de la OPEP baja un 0,31 % hasta los 69,66 dólares/barril","crudo de la OPEP","pos","pos","pos","True","False","train"
"717","FMI: la economía de España se desplomará un 12,8% este año","la economía de España","neg","neg","neg","True","False","train"
"718","Los transportistas desconvocan los paros para Navidad tras llegar a un acuerdo con el Gobierno ","Gobierno","pos","pos","pos","True","False","train"
"719","Boeing no consigue salir de números rojos: redujo un 65% sus pérdidas durante 2021 hasta los 4.290 millones","Boeing","neg","neu","neg","True","False","train"
"720","La inestabilidad institucional y los impuestos expulsan a Cataluña del motor económico de España","Cataluña ","neg","neu","neg","True","False","train"
"721","El beneficio de Adevinta, dueña de Infojobs y Fotocasa, se reduce un 36% en 2020","Adevinta","neg","neu","neu","True","False","train"
"722","Kia Telluride: todocamino terapéutico","Kia Telluride","pos","neu","pos","True","False","train"
"723","La escasez de suministros tira a la baja a la producción industrial tras siete meses de crecimiento","la producción industrial","neg","neu","neg","True","False","train"
"724","El primer 'bono verde' del BEI financia el AVE privado de Air Nostrum ","AVE privado de Air Nostrum","pos","neu","pos","True","False","train"
"725","Los presidentes de la CEOE_ES y de cepyme_ advierten al Gobierno de que puede haber ""una contracción importante del empleo"" con una nueva subida del SMI.","Gobierno","neg","neg","pos","True","False","train"
"726","Los contratos temporales de menos de 30 días se penalizarán triplicando la cotización","contratos temporales de menos de 30 días","neg","neg","neg","True","False","train"
"727","Más de 37 millones en ayudas para entidades públicas que contraten a jóvenes, en noticiascyl","entidades públicas","pos","neu","pos","True","False","train"
"728"," La inflación en Alemania baja al 4,9% en enero","inflación en Alemania","neg","pos","pos","True","False","train"
"729","El tirón del crossover lleva a Lexus a cerrar 2020 con su mejor cuota en España","Lexus","pos","neu","neu","True","False","train"
"730","Encarecimiento de las hipotecas por la subida del euribor.","hipotecas","pos","neg","neg","True","False","train"
"731","La subida de precios subyacente se sitúa en el 1,7%, su mayor nivel desde julio de 2013.","precios subyacente","pos","neg","neg","True","False","train"
"732","CrónicaDeBolsa | La última jornada del año en la Bolsa permite redondear al 8% la subida del Ibex en 2021, hasta los 8.713 puntos. Este porcentaje le pone a la cola de Europa y le mantiene lejos de niveles previos a la pandemia.","Ibex","neg","neg","neg","True","False","train"
"733","La ampliación a tres años del plazo de garantía encarecerá los precios de los electrodomésticos","precios de los electrodomésticos","pos","neg","neg","True","False","train"
"734","El S&P 500 vuelve a rozar los 3.000 puntos","El S&P 500","neg","neg","neg","True","False","train"
"735","Bruselas pide la retirada progresiva de las medidas de apoyo público a las empresas tras la Covid-19","las empresas","neg","neg","neg","True","False","train"
"736","El Gobierno extiende hasta final de 2022 el blindaje a las empresas estratégicas","empresas estratégicas","pos","neu","pos","True","False","train"
"737","Epson renueva sus gafas inteligentes y ahora permiten pilotar drones","Epson","pos","pos","pos","True","False","train"
"738","Recomendamos | El gasto en pensiones se eleva a 143.250 millones en 2021, un 3% más que el año pasado","gasto en pensiones","pos","neu","pos","True","False","train"
"739","Vesuvius se niega a retirar el ERE que afecta a 128 trabajadores","Vesuvius","neg","neu","neg","True","False","train"
"740","CaixaBank y Santander se llevan tres de cada diez euros en suscripciones a fondos. Informa RubeEscudero","CaixaBank y Santander","pos","neu","neu","True","False","train"
"741","Kutxabank Gestión termina el 2020 como líder en suscripciones de fondos","Kutxabank Gestión","pos","neu","neu","True","False","train"
"742","El Gobierno cifra en 1.000 millones de euros el rescate de ocho autopistas que quebraron en la crisis","el rescate de ocho autopistas","pos","neu","pos","True","False","train"
"743","EasyHotel promueve el primer hotel en Barcelona desde el inicio del Covid","EasyHotel","pos","neu","pos","True","False","train"
"744","El gas natural costará más, pero no mucho más: subirá un 5% en octubre.","gas natural","pos","neg","neg","True","False","train"
"745","El impulso del consumo eleva el PIB al 3,2% en 2015","El impulso del consumo","pos","pos","pos","True","False","train"
"746","Hacienda nunca vio delito en Afinsa y alega que cumplía con los clientes","Afinsa","pos","neu","pos","True","False","train"
"747"," Repsol refuerza su crecimiento en luz y gas y suma ya 1,35 millones de clientes de electricidad y gas","Repsol","pos","neu","neu","True","False","train"
"748","Santander ganó 8.124 millones en 2021, un 25% más que antes de la pandemia.","Santander","pos","neu","neu","True","False","train"
"749","Iryo se unirá a la competencia del AVE en la segunda mitad de 2022","AVE","neg","neu","neu","True","False","train"
"750","HIG ficha a Santander para la adquisición de Noatum ","Santander","pos","neu","pos","True","False","train"
"751","Los sindicatos exigirán elevar esta renta a 1.000 euros mensuales mientras que todo apunta a que los empresarios volverán a mostrarse contrarios a nuevas subidas.","empresarios ","neg","neg","neu","True","False","train"
"752","Los sindicatos piden a Ford Almussafes que abandone su idea de bajar sueldos ","Ford Almussafes","neg","neu","pos","True","False","train"
"753","La eléctrica francesa EDF se desploma en Bolsa ante el temor a un cierre en cadena de reactores nucleares","EDF","neg","neu","neg","True","False","train"
"754","El Gobierno impulsará el coche eléctrico subiendo el impuesto de matriculación de los que contaminan","el coche eléctrico","pos","neu","pos","True","False","train"
"755","La inversión ESG araña ya más del 19% en patrimonio en fondos nacionales","La inversión ESG","pos","neu","pos","True","False","train"
"756","España y otros cuatro países piden que el fondo europeo para los ERTE sea permanente","España y otros cuatro países","pos","neu","pos","True","False","train"
"757","Precios elevados y problemas de abastecimiento condicionan el comercio electrónico","comercio electrónico","neg","neu","neg","True","False","train"
"758","Blockchain para crear un mercado de datos en los puertos","Blockchain","pos","neu","neu","True","False","train"
"759","Los analistas esperan que las ganancias del cuarto trimestre estén niveladas o por debajo de su resultado del tercer trimestre. SamsungEspana","SamsungEspana","pos","neu","neu","True","False","train"
"760","Caixabank dispara el beneficio a 4.801 millones por extraordinarios pero su acción cae el 4,24%","Caixabank","pos","neu","neu","True","False","train"
"761","¿Se acabó lo de invertir en vivienda? La rentabilidad cae por primera vez en 10 años","rentabilidad","neg","neu","neg","True","False","train"
"762","Wayra cimenta la nueva economía con una inversión global de 6,7 millones en 49 startups durante 2021, en disruptores_inn","la nueva economía","pos","neu","pos","True","False","train"
"763","La Bolsa de Sao Paulo abre con un avance del 0,46 % en primeras operaciones","La Bolsa de Sao Paulo","pos","pos","pos","True","False","train"
"764","El PIB frena su crecimiento y se expande un 0,5% en el segundo trimestre","El PIB","neg","neg","neg","True","False","train"
"765","Hablamos del mayor ajuste de la década en el sector financiero La banca cierra el 9% de su red en los nueve primeros meses, casi 2.000 oficinas en todo el país","banca","neg","neu","neg","True","False","train"
"766","Luz verde de la CNMV a la opa de Mittal sobre Arcelor","opa de Mittal","pos","neu","neu","True","False","train"
"767","MERCADOS BOLSAS | El Ibex cierra con una subida del 0,62%, hasta los 8.455,20 puntos.","Ibex","pos","neu","pos","True","False","train"
"768","Rusia y EEUU inician mañana en Viena las negociaciones sobre el desarme nuclear","Rusia","pos","neu","neu","True","False","train"
"769","WallStreet amplía su caída, arrastrado por el Nasdaq, tras el repunte de los precios de producción","WallStreet","neg","neu","neg","True","False","train"
"770","EMPLEO | El sector de las autoescuelas busca hasta 3.000 docentes","sector de las autoescuelas","pos","neu","pos","True","False","train"
"771","Así subirán los sueldos de las empleadas del hogar con el nuevo salario mínimo","las empleadas del hogar ","pos","neu","neu","True","False","train"
"772","Los recibos de luz y gas registran fuertes subidas de precios","recibos de luz y gas","pos","neg","neg","True","False","train"
"773","Airbus ya gana más que antes de la pandemia","Airbus","pos","neu","neu","True","False","train"
"774","Sánchez afirma que España creció más del 5% en 2021 y promete movilizar 17.000 millones antes de julio, por maria_vega_","España","pos","pos","pos","True","False","train"
"775","ACS aprueba el reparto de un segundo dividendo flexible, de 0,45 euros","ACS ","pos","neu","pos","True","False","train"
"776","La Bolsa de México pierde un 0,36 % al inicio de la sesión","Bolsa de México","neg","neg","neg","True","False","train"
"777","El Gobierno propone limitar a tres meses los contratos eventuales por aumentos de trabajo ocasionales","Gobierno","pos","pos","pos","True","False","train"
"778","Los fondos se sobreponen a la Covid: captan 513 millones y suben un 0,7% en 2020","Los fondos","pos","pos","pos","True","False","train"
"779","Boeing entregará 30 aviones 737 MAX adicionales a 777 Partners, por 3.288 millones","Boeing","pos","neu","neu","True","False","train"
"780","eDreams ampliará capital por 75 millones a la espera del rescate de la SEPI","eDreams","pos","neu","neu","True","False","train"
"781","La deuda pública marca un nuevo máximo histórico en septiembre, con 1,43 billones, y se sitúa en el 122% del PIB","deuda pública","neg","neg","neg","True","False","train"
"782","El FMI urge a la regulación de las criptomonedas por su ""correlación con la bolsa""","las criptomonedas","neg","neu","neg","True","False","train"
"783","El Gobierno cifra en 1.000 millones de euros el rescate de ocho autopistas que quebraron en la crisis","ocho autopistas que quebraron en la crisis","pos","pos","pos","True","False","train"
"784","Caída de Google y de sus servicios de Gmail y Youtube en EEUU, España y otros países europeos","Caída de Google","neg","neg","neg","True","False","train"
"785","Las altas tasas de inflación añaden presión a los bancos centrales por acelerar la retirada de las ayudas puestas en marcha para combatir la crisis y apuntar la recuperación.","bancos centrales","neg","neg","neg","True","False","train"
"786","LoMásLeído | España afronta la peor cuesta de enero en 30 años con la inflación desbocada por la luz, los alimentos y los test Covid, por maria_vega_","España","neg","neg","neg","True","False","train"
"787","Mutua Madrileña compra el 8% de El Corte Inglés y firman una gran alianza de seguros e inversión","Mutua Madrileña","pos","neu","neu","True","False","train"
"788","Orange anuncia la salida de su consejero delegado tras ser condenado por el ‘caso Tapie’","Orange","neu","neu","neu","True","False","train"
"789","Copasa mejora su perspectiva con una cartera de obra por 1.756 millones a mitad de año ","Copasa","pos","neu","pos","True","False","train"
"790","Concom ultima una inyección de 265 millones para crecer en Asia ","Concom","pos","neu","pos","True","False","train"
"791","Fitch mejora la perspectiva de Enagás a 'estable' y reafirma su rating 'BBB+'","Fitch","pos","neu","pos","True","False","train"
"792","El libor desaparece después de 45 años ","libor","neg","neu","neu","True","False","train"
"793","El Sabadell gana 370 millones, un 82% más, por la caída de las provisiones y el impulso de la filial británica","Sabadell","pos","neu","neu","True","False","train"
"794","Opel prevé invertir 2.000 millones de euros en una nueva fábrica de baterías","Opel","pos","pos","neu","True","False","train"
"795","Tesla baja en bolsa tras una investigación de la SEC y entra en 'mercado bajista'","Tesla ","neg","neu","neg","True","False","train"
"796","OHLA pone rumbo al euro tras un 'throw back' al triángulo de manual","OHLA","neg","neu","neg","True","False","train"
"797","Euskadi es la única comunidad con repunte del paro en marzo","Euskadi","pos","pos","pos","True","False","train"
"798","El PERTE del Vehículo Eléctrico y Conectado, el primero plan de recuperación que se lanza vinculado a los fondos NextGenerationEU en la Unión Europea, da un paso más para ser una realidad.","PERTE del Vehículo Eléctrico y Conectado","pos","neu","pos","True","False","train"
"799","Volvo arranca una campaña de proximidad en las áreas de influencia de los concesionarios","Volvo","pos","neu","pos","True","False","train"
"800","MAPFRE_ES se alía con AAA Washington para vender seguros de auto en EEUU.","MAPFRE_ES","pos","neu","pos","True","False","train"
"801","Las acciones de Inditex caen hasta un 5% tras las noticias del relevo en la dirección 

La salida de Pablo Isla preocupa a los inversores, dado el gran éxito de su gestión todos estos años","acciones de Inditex","neg","neu","neg","True","False","train"
"802","Estrella Galicia instala paneles solares en su fábrica de A Coruña para el autoconsumo","Estrella Galicia","pos","pos","pos","True","False","train"
"803","Nueva feria tecnológica de Alemania Twenty2X presenta su programa","Twenty2X","pos","pos","pos","True","False","train"
"804","Repsol dispara su beneficio a 1.939 millones por el alza del crudo y del gas y aumentará el dividendo","Repsol","pos","neg","neg","True","False","train"
"805","Economía brasileña creció en primer trimestre pero sin entusiasmo","Economía brasileña","pos","pos","pos","True","False","train"
"806","La Xunta reclama un modelo de financiación por coste de los servicios ","Xunta","pos","neg","neg","True","False","train"
"807","Aena aumenta sus pérdidas un 15% pese a la recuperación del tráfico","Aena","neg","neu","neu","True","False","train"
"808","Las facturas de los negocios se duplican por la subida del precio de la electricidad","facturas de los negocios","neg","neg","neg","True","False","train"
"809","Las hipotecas sobre viviendas suben un 57,7% en septiembre, mayor cifra en 10 años","hipotecas sobre viviendas","neg","neg","neg","True","False","train"
"810","El golpe fiscal del bono vivienda: hasta 900 euros al año en el IRPF","bono vivienda","neg","neg","neg","True","False","train"
"811","Los titanes digitales chinos caen en Bolsa por el cerco de Pekín","titanes digitales chinos","neg","neu","neu","True","False","train"
"812","Burberry nombra consejero delegado a Marco Gobbetti","Burberry","neu","neu","neu","True","False","train"
"813","El alquiler en las grandes ciudades sube en más de 500 euros anuales por el alza del IPC.","alquiler en las grandes ciudades","pos","neg","neg","True","False","train"
"814","El precio de la luz amplía su tregua este domingo: vive su mayor caída diaria en más de cuatro meses","precio de la luz","neg","pos","pos","True","False","train"
"815","El Consejo de Ministros da luz verde a un paquete de 720 millones de euros para modernizar el sector turístico, por SandraTobar22","sector turístico","pos","neu","pos","True","False","train"
"816","La OMC da la razón a España en el contencioso con EEUU por los aranceles a la aceituna negra","España","pos","neu","pos","True","False","train"
"817","Acciona nombra consejera a una profesora de Harvard","Acciona","neu","neu","neu","True","False","train"
"818","IMG, el gigante mundial del marketing deportivo, ha sellado este lunes la compra de dos de los principales torneos deportivos que se celebran en España.","IMG","pos","neu","neu","True","False","train"
"819","España ya sólo aporta un 8% del beneficio de Santander y BBVA","España","neg","neg","neg","True","False","train"
"820","Thomas Cook cae un 14,72 % en Bolsa tras multiplicar por seis sus pérdidas","Thomas Cook","neg","neu","neu","True","False","train"
"821","Mientras WallStreet sigue bajando, Apple va camino de batir récord por quinta jornada consecutiva","Apple","pos","neu","neu","True","False","train"
"822","Opinión | ""La OCDE sigue mejorando las previsiones de crecimiento económico a largo plazo en Colombia""","OCDE","pos","neu","pos","True","False","train"
"823","Ayudas de hasta 1.100 euros mensuales y alquileres asequibles para facilitar el acceso a la vivienda a los colectivos vulnerables","acceso a la vivienda","pos","neu","pos","True","False","train"
"824","El BdE recorta un 23% la previsión oficial de PIB para 2022 y augura un lustro perdido para el crecimiento","previsión oficial de PIB","neg","neg","neg","True","False","train"
"825","Vodafone reduce sus ingresos en los tres primeros meses un 8,2%, hasta los 994,1 millones","Vodafone","neg","pos","neu","True","False","train"
"826","Airbus y Boeing redoblan su apuesta por el transporte de mercancías aéreo","Airbus y Boeing","pos","neu","pos","True","False","train"
"827","El fin del peaje en la AP-7 relanza la pugna por 4.000 millones entre Abertis y el Estado.","peaje en la AP-7","neg","pos","pos","True","False","train"
"828","Los peligros de financiarse sólo con rondas","rondas","neg","neg","neu","True","False","train"
"829","La luz se desploma un 27% y se pagará en Navidad a 226,42 euros/MWh ","luz","neg","pos","pos","True","False","train"
"830","Ferrari cierra 2021 con un beneficio neto de 833 millones de euros, un 36,7% más","Ferrari","pos","neu","neu","True","False","train"
"831","La OCDE mejora el PIB de España en 2021, hasta el 6,8%, pero alerta de la inflación y pide reformas","el PIB de España","pos","pos","pos","True","False","train"
"832","Nike esquiva la decepción, pero su futuro sigue pendiente de China","Nike ","neg","neu","neu","True","False","train"
"833","El INE rebaja casi dos puntos el crecimiento del PIB en el segundo trimestre, hasta el 1,1%","INE","neg","neg","neg","True","False","train"
"834","""España será de las pocas grandes economías con mayor crecimiento en 2022"", según eToro","España","pos","pos","pos","True","False","train"
"835","La empresa Solaria registró en el primer semestre del año un beneficio neto de 23,6 millones de euros, lo que supone un incremento del 60%.","Solaria","pos","neu","neu","True","False","train"
"836","Economía/Finanzas.- EFPA España nombra a Juan Fernández Armesto presidente de su Comité Ético y Deontológico","EFPA España","pos","neu","neu","True","False","train"
"837","Un 92% de las empresas que deberían por ley tener un plan de igualdad no lo tiene","92% de las empresas","neg","pos","neg","True","False","train"
"838","Cae la tasa de ahorro de los hogares en 2018 al mínimo histórico","tasa de ahorro","neg","neg","neg","True","False","train"
"839","La expansión de Telepizza 

Abrió 27 locales en 2001...

... y ya suma 716 

Solo en diciembre se han abierto diez establecimientos","Telepizza","pos","neu","pos","True","False","train"
"840","El BCE reserva su munición: mantiene sin cambios su plan de compra de deuda","El BCE","neu","neu","neu","True","False","train"
"841","Adif dará el lunes el pistoletazo de salida a la liberalización ferroviaria","Adif","pos","neu","neu","True","False","train"
"842","La venta de obra nueva en España: un paso más cerca de la digitalización total del proceso con este software B2B","digitalización total","pos","neu","pos","True","False","train"
"843","Celsa pierde su último escudo legal contra los fondos acreedores. Informan JoseOrihuel, pepepebravo y agzarzalejos","Celsa","neg","neu","neg","True","False","train"
"844","Halcón Viajes y Viajes Ecuador lanzan la campaña 'Disfrutarás Seguro' con cancelación gratuita y pruebas del Covid incluidas","Halcón Viajes","pos","neu","pos","True","False","train"
"845","Alcoa detiene su actividad hasta 2024 y España dejará de producir aluminio primario","España","neg","neu","neg","True","False","train"
"846","Papelón del Gobierno: así es el dinero que descubre ahora para las pensiones","Gobierno","neg","neu","neg","True","False","train"
"847","Adobe gana un 8,3% menos en su año fiscal, hasta 4.266 millones de dólares","Adobe","pos","neu","neu","True","False","train"
"848"," ÚLTIMAHORA | La inflación de la eurozona marca un nuevo máximo del 5,1% y redobla la presión sobre el BCE.","inflación de la eurozona","pos","neg","neg","True","False","train"
"849","Torrot produce 6.200 motos en el primer año tras reflotar Gas Gas","Torrot","pos","neu","neu","True","False","train"
"850","Renta 4 acuerda distribuir un dividendo de 0,30 euros a partir del 27 de diciembre","Renta 4","neu","neu","pos","True","False","train"
"851","La cadena de moda sueca H&amp;M había perdido 122 millones de euros de diciembre a agosto de 2020.","H&amp;M","neg","neu","neg","True","False","train"
"852","Kutxabank contabiliza una mora del 1,45 % en los préstamos al consumo, por debajo de la media del sector.","Kutxabank","pos","neu","pos","True","False","train"
"853","Sorigué crece con la sostenibilidad en el centro de su negocio","Sorigué","pos","neu","pos","True","False","train"
"854","Duro Felguera se dispara en Bolsa tras evitar el abono de una deuda de 123 millones por Sociedades","Duro Felguera","pos","neu","pos","True","False","train"
"855","Cierre | Wall Street: el Dow Jones cae un 0,89% en su quinto día consecutivo de descensos","Dow Jones","neg","neu","neg","True","False","train"
"856","Wall Street remonta las pérdidas iniciales a la espera de la Fed","Wall Street","pos","pos","neu","True","False","train"
"857","Continental revisa a la baja sus pronósticos de beneficio y facturación","Continental","neg","neu","neu","True","False","train"
"858","El Ibex vuelve a perder el 9.000 lastrado por el Brexit y la guerra comercial","El Ibex","neg","neg","neg","True","False","train"
"859","El euríbor a 12 meses despide septiembre con una media del -0,492%.","euríbor","neg","neu","neg","True","False","train"
"860","Moody's confirma las calificaciones del Banco de Sabadell","Moody's","neu","neu","neu","True","False","train"
"861","Mutua seguirá creciendo en gestión de activos con compras en el medio plazo
Vía FundsnewsBM","Mutua","pos","neu","neu","True","False","train"
"862","Telefónica firma su mejor año en Bolsa desde 2009 con una revalorización del 20%","Telefónica","pos","neu","neu","True","False","train"
"863","ÚLTIMAHORA | santander_es pierde el juicio contra Orcel y le tendrá que pagar 68 millones.","santander_es","neg","neu","neu","True","False","train"
"864","WallStreet cierra su mejor semana desde hace meses pese a la subida de la inflación","WallStreet","pos","neu","pos","True","False","train"
"865","Cómo convertir un pequeño negocio en una tienda online para competir contra Amazon","pequeño negocio","pos","neg","pos","True","False","train"
"866","ObservatoriodelaSanidad | El Gobierno aprueba el PERTE 'Salud de Vanguardia' que movilizará más de 1.469 millones de inversión","el PERTE 'Salud de Vanguardia'","pos","neu","pos","True","False","train"
"867","Cataluña, Comunidad Valenciana y Baleares, las más expuestas a problemas de financiación","Cataluña","neg","neg","neg","True","False","train"
"868","Bruselas confirma que iba a prohibir la compra de Air Europa por Iberia. Informa jsanhermelando","Iberia","neg","neu","neu","True","False","train"
"869","Scalpers cierra el año con 110 millones de ingresos y se lanzará a la línea deportiva en su 15 aniversario","Scalpers","pos","neu","pos","True","False","train"
"870","Los servicios y la industria encadenan en septiembre siete meses de subidas de la facturación","servicios y la industria","pos","neu","pos","True","False","train"
"871","El 84% del capital privado en España apuesta por la inversión responsable ambiental, social y de gobierno","capital privado en España","pos","neu","pos","True","False","train"
"872","El Gobierno lanzará el martes la primera subasta de la banda de frecuencias de 700MHz para el 5G","El Gobierno","pos","pos","pos","True","False","train"
"873","Cofidis España cumple treinta años y pone el foco en soluciones financieras digitales","Cofidis España","pos","neu","pos","True","False","train"
"874","Alemania incluye a España en su lista de países de alto riesgo por Covid ","España","neg","neg","neg","True","False","train"
"875","Nuevo hachazo para los autónomos: las cuotas subirán entre 96 y 225 euros al año en 2022","los autónomos","neg","neg","neg","True","False","train"
"876","La economía gallega ante el 12-J: 'vacaciones fiscales' e Inditex para salir de la crisis","economía gallega","neg","neu","neu","True","False","train"
"877","TSJM rechaza el recurso de Glovo y encuadra a ""riders"" en convenio de reparto","recurso de Glovo","neg","neu","neu","True","False","train"
"878","Suaves compras en el Ibex, que cierra 2021 con una ganancia anual cercana al 8%","Ibex","pos","neu","pos","True","False","train"
"879","Hacienda pone en marcha un catastrazo que encubre subidas de impuestos en Patrimonio y Sucesiones","Hacienda","pos","neu","neg","True","False","train"
"880","Solaria acuerda la financiación de 150 MW con Le Banque Postale por 84 millones","Solaria","pos","neu","neu","True","False","train"
"881","Hyundai confirma inversiones de 800 millones de euros en Chequia y en China","Hyundai","pos","neu","neu","True","False","train"
"882","Sólo el PSOE se enroca en mantener la subida del impuesto de matriculación","PSOE","neg","neg","neg","True","False","train"
"883","Las pensiones subirán más de un 2% en 2022","Las pensiones","pos","neu","pos","True","False","train"
"884","Los ingresos crecen un 14% interanual y un 3% frente a 2019 y los expertos de la reforma fiscal fían atajar el déficit a los impuestos medioambientales.","ingresos","pos","pos","pos","True","False","train"
"885","El IBEX 35 sube el 0,71 % a mediodía, a punto de alcanzar el nivel de 9.200","El IBEX","pos","pos","pos","True","False","train"
"886","Actualización | Las empresas de cruceros sufren en WallStreet después de que los CDC estadounidenses desaconsejen los cruceros, con independencia de si los viajeros están vacunados o no.","empresas de cruceros","neg","neu","neg","True","False","train"
"887","China anuncia nuevas rebajas fiscales para intentar estimular la economía","China","pos","pos","pos","True","False","train"
"888","El centro comercial Open Sky pospone su apertura para después del verano","centro comercial Open Sky","neg","neg","neg","True","False","train"
"889","BBVA acelera en el tercer trimestre y marca uno de sus mayores beneficios históricos con 1.400 millones","BBVA","pos","neu","neu","True","False","train"
"890","La rebaja fiscal en la factura de la luz supuso 1.336 millones menos de recaudación para Hacienda hasta noviembre","Hacienda","neg","pos","pos","True","False","train"
"891","LlenoDeEnergía | La inflación de bienes esenciales se dispara, es mucho mayor que el IPC, la opinión de dlacalle","La inflación de bienes esenciales","pos","neg","neg","True","False","train"
"892","Las ventas de El Corte Inglés aumentan un 25% hasta los 5.503 millones entre marzo y agosto","El Corte Inglés","pos","neu","neu","True","False","train"
"893","Fabricantes y distribuidores critican los altos sobrecostes que han asumido por el retraso del acuerdo entre el Gobierno y los transportistas","Fabricantes y distribuidores","neg","neu","neg","True","False","train"
"894","Musk afirma que SpaceX está en ""riesgo de quiebra"" por los motores del Starship","SpaceX ","neg","neu","neu","True","False","train"
"895","Mercedes cierra el año con una parada productiva de dos semanas por falta de chips ","Mercedes","neg","neu","neg","True","False","train"
"896","La deuda pública baja un 0,7% en octubre, hasta 1,42 billones, y ronda el 121% del PIB ","deuda pública","pos","pos","pos","True","False","train"
"897","Superar las brechas a través de las telecomunicaciones","telecomunicaciones","pos","neu","neu","True","False","train"
"898"," Primark, Tendam, H&amp;M y Levi impulsan la recuperación del sector textil","sector textil","pos","neu","pos","True","False","train"
"899","Abanca, dispuesto a protagonizar una fusión con otra entidad","Abanca","pos","neu","neu","True","False","train"
"900","Transporte y comercio deberán mantener la trazabilidad de clientes","Transporte y comercio","pos","neu","pos","True","False","train"
"901","Rolls quiere acordar la venta de ITP antes del final de septiembre","Rolls","pos","neu","neu","True","False","train"
"902","El precio de la luz vuelve a dispararse y alcanzará este martes su segundo máximo histórico","precio de la luz","pos","neg","neg","True","False","train"
"903","Hacienda y la Seguridad Social condonarán solo 2.000 euros a las empresas en riesgo de quiebra para que sobrevivan. Nos lo cuenta maria_vega_","las empresas en riesgo de quiebra","pos","neu","pos","True","False","train"
"904","El paro desciende en mayo un 5,3% respecto a abril","El paro","pos","pos","pos","True","False","train"
"905","El 65% de los accionistas de Telefónica opta por nuevas acciones en el dividendo flexible","accionistas de Telefónica","neu","neu","neu","True","False","train"
"906","Twitter exportará su versión de pago desde EEUU a todos los países","Twitter","pos","neu","pos","True","False","train"
"907","""La empresa vasca tiene que creerse más sus capacidades""","La empresa vasca","pos","neu","neu","True","False","train"
"908","Volotea aumentó un 14 % el número de pasajeros en verano","Volotea","pos","neu","neu","True","False","train"
"909","La empresa integrante del Ibex PhrmMar se ve beneficiada por el boom en la demanda de test de diagnóstico del Covid. Los inversores prevén un impulso adicional a sus ventas en la recta final de 2021 y en el comienzo de 2022.","empresa integrante del Ibex PhrmMar","pos","neu","pos","True","False","train"
"910","El banco J. Safra Sarasin abre oficina en Madrid, liderada por Gómez-Trenor","J Safra Sarasin","pos","neu","pos","True","False","train"
"911","Fitch mantiene el rating de Adif-AV tras una nueva emisión de bonos","Fitch","pos","neu","pos","True","False","train"
"912","Citigroup planea contratar unos 2.500 programadores para ser más competitivo","Citigroup","pos","neg","pos","True","False","train"
"913","El retraso en la ejecución del Plan de Recuperación explica parte de la rebaja y prevé un incremento del IPC del 2,7% este año y del 2,6% el siguiente.","IPC","pos","neu","pos","True","False","train"
"914","La banca cierra el 9% de su red en los nueve primeros meses, casi 2.000 oficinas en todo el país","La banca","neg","neu","neg","True","False","train"
"915","Bruselas aprueba el desembolso a España de los 10.000 millones del primer tramo del fondo.","España","pos","pos","pos","True","False","train"
"916","Naturgy, galardonada en Nueva York con los premios a la mejor empresa energética y mejor CEO de 2021","Naturgy","pos","neu","pos","True","False","train"
"917","Ampliar a 35 años el período de cálculo recortaría casi un 9% la nómina de los futuros pensionistas","futuros pensionistas","neg","neu","neg","True","False","train"
"918","Ocho de las diez marcas líderes en gran consumo son de origen español","marcas líderes en gran consumo","pos","pos","pos","True","False","train"
"919","Repsol se muestra a favor de utilizar fuel y carbón para la generación eléctrica","fuel y carbón","pos","neu","neu","True","False","train"
"920","Estas son las 10 familias más ricas del mundo","familias más ricas","pos","neu","neu","True","False","train"
"921","Unos datos amables dan un respiro a las bolsas","Unos datos amables","pos","pos","pos","True","False","train"
"922","Toyota y Carmera se alían para elaborar mapas en alta definición","Toyota","pos","neu","pos","True","False","train"
"923","Las distribuidoras de Mahou repartirán cerveza a domicilio en Madrid, Valencia y Granada","distribuidoras de Mahou","pos","neu","pos","True","False","train"
"924","Atención pymes y autónomos","pymes y autónomos","neg","neu","neu","True","False","train"
"925","Asturias formaliza el préstamo de seis millones a Duro Felguera ","Duro Felguera","pos","neu","pos","True","False","train"
"926","Agricultura, el sector agrario, industria y distribución buscarán salidas a la subida de los costes de producción","Agricultura, el sector agrario, industria y distribución","neg","neu","neg","True","False","train"
"927","La entrada en vigor de la nueva rebaja fiscal consolidará a Madrid como la región con el IRPF más bajo de toda España y será inmediata. ","Madrid","pos","pos","pos","True","False","train"
"928","easyJet pierde más de 1.000 millones y avisa de una disminución de la demanda por el Covid","easyJet","neg","neu","neu","True","False","train"
"929","Economía/Bolivia.- Gómez Navarro dice que la decisión de Morales no provocará un ""cataclismo"" en las empresas españolas","la decisión de Morales","pos","pos","pos","True","False","train"
"930","Las cabinas telefónicas desaparecerán completamente en 2022 tras más de un siglo de existencia","cabinas telefónicas","neg","neu","neu","True","False","train"
"931","Mercedes-Benz Clase E Coupé: con la elegancia de un auténtico caballero","Mercedes-Benz","pos","neu","pos","True","False","train"
"932","El selectivo cede un 0,1%, después de que el S&amp;P 500 se apeara anoche de sus máximos históricos.","selectivo ","neg","neu","neg","True","False","train"
"933","LoMásLeído | El Ibex acaba cayendo un 0,71% tras una semana de muchos nervios marcada por Ómicro","Ibex ","neg","neu","neg","True","False","train"
"934","El Defensor del Pueblo censura el cobro de determinadas comisiones bancarias","El Defensor del Pueblo","pos","neu","pos","True","False","train"
"935","Mapfre aumentó un 8,6% sus ingresos por primas en 2021","Mapfre","pos","neu","neu","True","False","train"
"936","oMásLeído | La inflación de EEUU se dispara hasta el 6,8% y marca máximos desde 198","inflación de EEUU","pos","neg","neg","True","False","train"
"937","Se ha aprobado un total de 94.300 millones de euros en concepto de ayuda financiera a diecinueve Estados miembros.","diecinueve Estados miembros","pos","pos","pos","True","False","train"
"938","Economía fía sus previsiones a un fuerte crecimiento hasta diciembre tras el hachazo del INE","Economía ","pos","pos","pos","True","False","train"
"939","Crowdcube capta 12 millones de euros en una ronda liderada por el 'unicornio' Circle","Crowdcube","pos","neu","neu","True","False","train"
"940","8.000 empleadas de limpieza secundan la huelga indefinida en Castellón: “Queremos respeto y que se nos valore”","empleadas de limpieza","neg","neu","neg","True","False","train"
"941","La Bolsa de Sao Paulo pierde un 0,41 % en la apertura","Bolsa de Sao Paulo","neg","neg","neg","True","False","train"
"942","El sector tecnológico crece y crece en todas sus vertientes en los últimos años","sector tecnológico","pos","neu","pos","True","False","train"
"943","Ikea repartirá 4,1 millones en primas entre sus 9.000 empleados en España","empleados","pos","neu","neu","True","False","train"
"944","ÚLTIMAHORA | Ikea subirá sus precios una media del 9% en 2022 en todo el mundo. ","Ikea","pos","neu","neg","True","False","train"
"945","CaixaBank y Mutua amplían su alianza para dar servicio a la antigua red de Bankia tras romper con Mapfre","CaixaBank y Mutua","pos","neu","pos","True","False","train"
"946","Los accionistas del Banco Popular no serán indemnizados, según el abogado de la UE","accionistas del Banco Popular","neg","neu","neu","True","False","train"
"947","Nueva compra de Cuatroochenta: adquiere Matrix por 5,5 millones ","Cuatroochenta","pos","neu","neu","True","False","train"
"948","Mercados en Argentina cierran semana de tensión, expectantes a presidenciales","Mercados en Argentina","neg","neg","neg","True","False","train"
"949","Vivendi anuncia que comprará el 17,5% de Amber Capital en Lagardère y después lanzará una opa","Vivendi","pos","neu","neu","True","False","train"
"950","Las hipotecas para vivienda se moderaron en octubre al crecer un 27,9%","hipotecas","pos","neu","pos","True","False","train"
"951","La renta agraria se estanca con una subida de solo el 0,1% respecto a 2020 por los costes de producción","renta agraria","neg","neu","neg","True","False","train"
"952","Competencia multa a Idealista, Remax, Look &amp; Find y otras cuatro firmas inmobiliarias por pactar comisiones","Idealista, Remax, Look &amp; Find y otras cuatro firmas inmobiliarias","neg","neu","neg","True","False","train"
"953","BRIComanía en la bolsa: los gigantes emergentes, en récords históricos","los gigantes emergentes","pos","pos","pos","True","False","train"
"954","El Gobierno aprueba el acceso a las pensiones de viudedad para las parejas de hecho en las mismas condiciones que los matrimonios","parejas de hecho","pos","neu","neu","True","False","train"
"955","El AVE viajará a Galicia a partir del 21 de diciembre tras 9.000 millones de inversión.","Galicia","pos","pos","pos","True","False","train"
"956","El Barça pedirá la devolución ya del aval de 125 millones ","Barça","pos","neu","pos","True","False","train"
"957","Los expertos de Funcas bajan en 1,4 puntos su previsión de crecimiento del PIB para este año, hasta el 4,8%","crecimiento del PIB","neg","neg","neg","True","False","train"
"958","España, el país de la OCDE en el que más subió la presión fiscal en 2020","España","neu","neg","neg","True","False","train"
"959","Adif multará a adjudicatarias que pacten concursos con el 10 % del contrato","Adif","neg","neu","neu","True","False","train"
"960","Abanca y sindicatos pactan el ERE con un 85% de prejubilaciones desde los 55 años ","prejubilaciones","pos","neu","pos","True","False","train"
"961","Asisa, Adeslas y DKV firman el seguro de salud para los funcionarios de Muface ","funcionarios de Muface","pos","neu","pos","True","False","train"
"962","Telefónica negocia traspasar las torres de su filial alemana a Telxius","Telefónica","pos","neu","neu","True","False","train"
"963","La crisis de las materias primas y los precios de la luz tensan ya las exportaciones","las exportaciones","neg","neu","neg","True","False","train"
"964","Los barcos de Mr. Marshall: EEUU envía 30 metaneros a la UE para relajar la crisis energética tras la presión rusa","UE ","pos","pos","pos","True","False","train"
"965","Hacienda pierde otro pleito con Telefónica y tendrá que devolverle más de 1.000 millones en impuestos","Hacienda","pos","neu","neu","True","False","train"
"966"," ÚltimaHora | La afiliación a la Seguridad Social cayó en enero en 197.750 personas en términos medios, mientras que el paro subió en 17.173 personas en un mes habitualmente complicado para el mercado laboral. ","afiliación a la Seguridad Social ","neg","neg","neg","True","False","train"
"967","Repsol eleva sus beneficios hasta septiembre un 32% respecto a 2019 tras la recuperación del precio del crudo y el gas","Repsol","pos","neu","neu","True","False","train"
"968","La lira turca recupera su valor de inicios de mes tras el anuncio de que se compensará a los ahorradores","lira turca","pos","neu","pos","True","False","train"
"969","Vídeo | Un empresario de Mallorca reparte un millón de euros entre sus empleados","empleados","pos","neu","pos","True","False","train"
"970","El fraude al seguro de coche se dispara con la Covid un 21% aunque el importe medio baja","fraude al seguro de coche","neg","neu","neu","True","False","train"
"971","El precio de la luz baja un 13% en Año Nuevo, hasta los 123 euros","precio de la luz","neg","pos","pos","True","False","train"
"972","La venta de coches no remonta en 2021; sigue un 30% por debajo de los años anteriores a la pandemia","La venta de coches","neg","neu","neu","True","False","train"
"973","El precio de la vivienda sube un 4,2% en el tercer trimestre y se anota su mayor alza desde 2019","precio de la vivienda ","pos","neg","neg","True","False","train"
"974","El petróleo sigue cayendo por Ómicron y afecta a la valoración bursátil de Repsol","petróleo","neg","pos","pos","True","False","train"
"975","Grecia emite bonos a 10 años en primera subasta desde primer rescate en 2010","Grecia","pos","neu","neu","True","False","train"
"976","Colonial gana 338 millones en el primer semestre del año, un 33 % más","Colonial","pos","neu","neu","True","False","train"
"977","La energía eólica supera a la nuclear y lidera la generación de electricidad en España por primera vez desde 2013","energía eólica","pos","neu","pos","True","False","train"
"978","Blackstone tiene todo preparado para lanzar la salida a Bolsa de Cirsa antes de verano.","Blackstone","pos","neu","pos","True","False","train"
"979","Las Bolsas europeas prolongan las subidas antes del parón por la Navidad gracias a las menores alertas por ómicron. El Ibex cierra con un avance en su tercera sesión al alza en las que en ha sumado un 3,9%. Por Alejandro Sánchez y ManudelaCruzM","Ibex","pos","neu","pos","True","False","train"
"980","Trea AM ve oportunidades de inversión en Mapfre, Indra, FCC, Gestamp y Alantra","Trea AM","pos","pos","neu","True","False","train"
"981","Eudel defiende que la Ley de Aportaciones garantiza más recursos para los ayuntamientos","la Ley de Aportaciones","pos","neu","pos","True","False","train"
"982","Amrest extiende el vencimiento de varias líneas de crédito hasta 2024 ","Amrest","pos","neu","pos","True","False","train"
"983","Los fondos cierran 2021 con 25.000 millones en captaciones y 316.000 millones de patrimonio, nuevo récord","Los fondos","pos","neu","neu","True","False","train"
"984","Viesgo renueva su programa de bonos a corto plazo en la Bolsa de Dublín","Viesgo","pos","neu","neu","True","False","train"
"985","Sabadell cerrará 70 oficinas de TSB en Reino Unido en su apuesta por el negocio digital","Sabadell","neg","neu","neg","True","False","train"
"986","CVC, Advent, Cinven, PAI, EQT, KKR y Ardian preparan ya sus pujas por IVI que previsiblemente superarán los 1.500 millones.","IVI","pos","neu","neu","True","False","train"
"987","Ecoalf aspira a sus primeros beneficios","Ecoalf ","pos","neu","pos","True","False","train"
"988","La luz da un respiro y baja de los 200 euros por megavatio hora por primera vez en más dos semanas","luz ","neg","pos","pos","True","False","train"
"989","Iberdrola, Endesa, Naturgy y Total pierden cuota de clientes en el mercado libre en 2020","Iberdrola, Endesa, Naturgy y Total","neg","neu","neu","True","False","train"
"990","Las quiebras empresariales se dispararán a 5.000 este año y crecerán un 15% en 2022","quiebras empresariales","neg","neg","neg","True","False","train"
"991","CIP y un consorcio empresarial podrían crear 5.000 puestos de trabajo y producir suficiente hidrógeno para cubrir el 30% de la demanda actual en España.","CIP y un consorcio empresarial","pos","pos","pos","True","False","train"
"992","Una campaña de la DGT vigilará esta semana a unos 150 vehículos de transporte escolar","150 vehículos de transporte escolar","neg","neu","pos","True","False","train"
"993","Espina &amp; Delfin logra tres contratos en Senegal y Haití ","Espina &amp; Delfin","pos","neu","pos","True","False","train"
"994","Las ballenas del cardano han aumentado sus participaciones en un 40% en enero","ballenas del cardano","pos","neu","pos","True","False","train"
"995","Seguros | El 27% de los hogares españoles asegura haber sufrido los efectos de un evento climatológico en los últimos 10 años, de los que el 55% de los daños fueron cubiertos por las respectivas compañías aseguradoras","hogares españoles","pos","neu","neu","True","False","train"
"996","Cierre | Wall Street rebota y el Nasdaq 100 se salva del peor enero de su historia","Nasdaq 100","pos","neu","pos","True","False","train"
"997","Vento desembarca en Vigo e integra Paseo de Alfonso","Vento","pos","neu","pos","True","False","train"
"998","España gana a Abengoa el laudo en el que la empresa reclamaba 1.180 millones por las primas a las renovables","España","pos","pos","pos","True","False","train"
"999","El Gobierno aprobará la prórroga del salario mínimo en 965 euros hasta que se negocie una nueva subida","la prórroga del salario mínimo","pos","neu","pos","True","False","train"
"1000","El movimiento que confirma que la consolidación del sector de corredurías de seguros se acelera en España","sector de corredurías de seguros","pos","neu","pos","True","False","eval"
"1001","Gual (CaixaBank) pide al Gobierno políticas a favor de la creación de empleo","Gual","pos","pos","pos","True","False","eval"
"1002","Caen en 10 puntos las expectativas de crecimiento de las pymes españolas.","las pymes españolas","neg","neu","neg","True","False","eval"
"1003","El precio del aceite de oliva se dispara más de un 25% y la carne sube un 15% en la antesala de Navidad","precio del aceite de oliva","pos","neu","neg","True","False","eval"
"1004","Evergrande ha afirmado que pretende honrar sus deudas y que el Gobierno está apoyando en su reestructuración.","Evergrande","pos","neu","pos","True","False","eval"
"1005","FCC cierra al filo de los 7,6 euros en su despedida del Ibex","FCC","neg","neu","neu","True","False","eval"
"1006","El dogecoin, disparado después de que ElonMusk diga que es mejor que el bitcoin para pagos","dogecoin","pos","neu","pos","True","False","eval"
"1007","Javier Ferrán asume la presidencia de IAG","Javier Ferrán","pos","neu","neu","True","False","eval"
"1008","Samsung prevé una caída del 34% de su beneficio en el cuarto trimestre","Samsung","neg","neu","neu","True","False","eval"
"1009","Los inversores dueños de un 59,7% de ACS eligen cobrar el dividendo en acciones","Los inversores dueños","neu","neu","neu","True","False","eval"
"1010","Rey saudí dice que venta de acciones de Aramco pagará inversiones prometidas","venta de acciones de Aramco","pos","neu","pos","True","False","eval"
"1011","El precio del gas funde la industria cerámica española","la industria cerámica española","neg","neu","neg","True","False","eval"
"1012","La entidad cerró 2020 con el peor resultado del Ibex y firma este año la mayor alza anual de su historia, cercana al 70%.","La entidad","neg","neu","neg","True","False","eval"
"1013","Las industrias paran su producción varias horas por la subida de la electricidad","Las industrias","neg","neu","neg","True","False","eval"
"1014","Japón: el Nikkei pierde un 1,8% y regresa a niveles de enero","el Nikkei","neg","neg","neg","True","False","eval"
"1015","Empresa de EEUU alcanza el mayor acuerdo del país en negocio de la marihuana","Empresa de EEUU","pos","neu","neg","True","False","eval"
"1016","IAG estudia una ampliación de capital de hasta 2.750 millones para ""fortalecer"" el balance","IAG","pos","neu","neu","True","False","eval"
"1017","Cataluña agranda la brecha con Madrid al imponer tres nuevos impuestos propios","Cataluña ","pos","neg","neg","True","False","eval"
"1018","El Gobierno lanza ayudas por 300 millones para impulsar el turismo tras la quiebra de Thomas Cook","Gobierno","pos","pos","pos","True","False","eval"
"1019","El uranio y a las compañías del sector al foco.","El uranio y a las compañías del sector","neg","neu","neg","True","False","eval"
"1020","Ford destinará 2,9 millones más para la formación de jóvenes conductores","Ford","pos","neu","pos","True","False","eval"
"1021","CaixaBank mejora las condiciones del ERE, cómo evitar sustos en la nueva factura de la luz y otras noticias","CaixaBank","pos","neu","pos","True","False","eval"
"1022","Montilla: el Gobierno ni alienta ni impide la negociación entre Gas Natural y Endesa","el Gobierno","pos","neu","neu","True","False","eval"
"1023","Los pisos turísticos esperan alcanzar un 80% de ocupación en Nochevieja ","pisos turísticos","pos","neu","pos","True","False","eval"
"1024","Economía/Empresas.- Nestlé facturó un 14,1% más y subió los precios por el aumento de costes de las materias primas","Nestlé","pos","neu","neg","True","False","eval"
"1025","La morosidad de la banca desciende en noviembre al 4,29% y marca un mínimo desde marzo de 2009","La morosidad de la banca","pos","neu","neu","True","False","eval"
"1026","Las tarifas reguladas del gas natural subirán un 5,5 % desde el 1 de enero","tarifas reguladas del gas natural","pos","neg","neg","True","False","eval"
"1027","La gran banca española ha disparado sus resultados tras la pandemia.","gran banca española","pos","neu","neu","True","False","eval"
"1028","El déficit público baja un 30,6% en el primer semestre, hasta los 48.594 millones de euros","déficit público","pos","pos","pos","True","False","eval"
"1029","El Sabadell cree ""difícil"" que la banca cobre al particular por los depósitos","El Sabadell","pos","neu","pos","True","False","eval"
"1030","Las principales aerolíneas europeas dejan de sobrevolar Irak e Irán","aerolíneas europeas","neg","neu","neu","True","False","eval"
"1031","Cerrado el acuerdo para el ERE en Cellnex con 240 salidas voluntarias ","Cellnex","neg","neu","neu","True","False","eval"
"1032","Las mujeres suben la temperatura del negocio de los juguetes sexuales","juguetes sexuales","pos","neu","neu","True","False","eval"
"1033","Economía/Motor.- Derbi fabricará motocicletas de mayor cilindrada en su fábrica de Martorelles (Barcelona)","Derbi","pos","neu","pos","True","False","eval"
"1034","El Ibex enfila su peor semana en un año por el miedo a las nuevas restricciones en Europa","El Ibex","neg","neg","neg","True","False","eval"
"1035","Estrella Galicia anuncia en Brasil la construcción de su segunda fábrica en el mundo","Brasil","pos","neu","pos","True","False","eval"
"1036","Así subirán las pensiones en 2022: casi 30 euros de media al mes y 268 de 'paguilla'","las pensiones","pos","neu","pos","True","False","eval"
"1037","La Fed pisa el acelerador del 'tapering': reduce las compras en otros 30.000 millones y subirá tipos en 2022 tapering","Fed ","pos","neu","neu","True","False","eval"
"1038","La UE busca pactar la base del presupuesto del euro con frentes aún abiertos","La UE","pos","pos","pos","True","False","eval"
"1039","Rato atisba un alto riesgo por el crudo","crudo","neg","neg","neg","True","False","eval"
"1040","Un Barça de récord ingresa 670 millones","Un Barça de récord","pos","neu","neu","True","False","eval"
"1041","Economía/Consumo.- La vivienda ocupa el primer lugar en reclamaciones de consumidores en 2005, seguida de telecos","La vivienda","pos","neu","pos","True","False","eval"
"1042","La deuda pública marca un récord de 1,42 billones en el segundo trimestre, hasta el 122,8% del PIB","deuda pública","neg","neg","neg","True","False","eval"
"1043","La CEOE se desmarca de Escrivá y rechaza la subida de cotizaciones para financiar las pensiones","las pensiones","neg","neu","neg","True","False","eval"
"1044","Repsol impulsa a más de 65 'startups' con su aceleradora de empresas en diez años","startups'","pos","neu","pos","True","False","eval"
"1045","Wall Street abre con signo mixto: el Nasdaq 100 sigue su remontada Dow Jones: -0,19% S&amp;P 500: +0,48% Nasdaq: +1,02%","Nasdaq ","pos","neu","pos","True","False","eval"
"1046","La campaña de Navidad generará 453.260 contratos, un 5 % más, según Randstad","campaña de Navidad","pos","pos","pos","True","False","eval"
"1047","El precio medio de la vivienda aumentó el 5,5 % en 2018, según la tasadora ST","precio medio de la vivienda","neg","pos","neg","True","False","eval"
"1048","La CNMV multa a OHL y sus consejeros con 310.000 euros por los ""datos inexactos"" de las cuentas de 2018","OHL ","neg","neu","neu","True","False","eval"
"1049","Ryanair, al borde de una nueva fuga de personal un año después de perder a más de 140 pilotos","Ryanair","neg","pos","neu","True","False","eval"
"1050","Solarprofit se estrena en el BME Growth con una subida del 4% y contratará a mil personas en 2022 ","Solarprofit","pos","neu","pos","True","False","eval"
"1051","A partir de este 1 de enero, todos los vehículos que emitan más de 120 gramos de CO2 por kilómetro pasarán a pagar el impuesto de matriculación.","vehículos que emitan más de 120 gramos de CO2 por kilómetro","neg","neu","neg","True","False","eval"
"1052","NetApp busca robar a IBM segundo puesto en almacén de datos en España en 2020","NetApp","pos","neu","neu","True","False","eval"
"1053","Grenergy gana un 22,5% menos a septiembre debido a más amortizaciones","Grenergy","neg","neu","neu","True","False","eval"
"1054","Merlin gana 262 millones, un 45% menos, por la ausencia de extraordinarios","Merlin","neg","neu","neu","True","False","eval"
"1055","ConocoPhillips anuncia pérdidas de 3.958 millones y la reducción del dividendo trimestral en un 66%","ConocoPhillips","neg","neu","neu","True","False","eval"
"1056","España cierra un año negro para el turismo con 31,1 millones de extranjeros, un 62% menos que en 2019. Informa SandraTobar22","España","neg","neg","neg","True","False","eval"
"1057","CIE Automotive (+6,95%) y Viscofan (-2,59%), cara y cruz de una semana de tímido rebote en el Ibex35","CIE Automotive","pos","neu","pos","True","False","eval"
"1058","Putin dice que Rusia está lista para ayudar a la UE con los precios del gas","UE ","pos","pos","pos","True","False","eval"
"1059","Sacyr avanza en su conquista de los mercados de habla inglesa: 2.600 millones de euros en adjudicaciones","Sacyr","pos","neu","pos","True","False","eval"
"1060","ÚLTIMAHORA | Inditex cae con fuerza en Bolsa tras el nombramiento de Marta Ortega como presidenta.","Inditex","neg","neu","neg","True","False","eval"
"1061","El Fondo de Garantía de Depósitos, en mínimos tras el desbloqueo de ayudas pendientes a la banca","Fondo de Garantía de Depósitos","neg","neg","neg","True","False","eval"
"1062","Acciona consigue un contrato ferroviario en Australia por 265 millones de euros","Acciona","pos","neu","neu","True","False","eval"
"1063","Almirall se desploma un 11% tras anunciar 39,4 millones en pérdidas","Almirall","neg","neu","neg","True","False","eval"
"1064","El juez rebaja de 68 a 51,4 millones la indemnización que Santander deberá pagar a Orcel por su fichaje fallido, por elenalozsan","Santander","pos","neu","neu","True","False","eval"
"1065","Telefónica sale de la Bolsa de Argentina por su escaso volumen de negociación","Telefónica","neg","neu","neu","True","False","eval"
"1066","Dabiz Muñoz eleva el precio del menú degustación en DiverXO un 46% para 2022 convirtiéndose en el más caro de España.","DiverXO","pos","neu","neg","True","False","eval"
"1067","La menor demanda y la mayor generación eólica moderan el precio de la electricidad por Navidad","precio de la electricidad","neg","pos","pos","True","False","eval"
"1068","Credit Suisse mantiene la valoración de CaixaBank en 2,60 euros tras sus resultados","CaixaBank","neg","neu","neg","True","False","eval"
"1069","Unesid pide que se activen las medidas comprometidas para un precio competitivo de la luz","Unesid","pos","pos","pos","True","False","eval"
"1070","Sacyr gana dos nuevos contratos de carreteras en España por 65 millones","Sacyr","pos","neu","neu","True","False","eval"
"1071","Los presidentes de Fórum Filatélico y Afinsa, detenidos a la espera de declarar","presidentes de Fórum Filatélico y Afinsa","neg","neu","pos","True","False","eval"
"1072","Así ha sido el robo de película de 750 kg. de oro en un aeropuerto de Brasil","robo de película","neg","neu","neg","True","False","eval"
"1073","RSC.- Sol Meliá y Save the Children apuestan por un turismo sostenible y captarán fondos para fines sociales","Sol Meliá","pos","neu","pos","True","False","eval"
"1074","La crisis de Evergrande arrastra a otras grandes constructoras de China","otras grandes constructoras de China","neg","neu","neg","True","False","eval"
"1075","Barça, Madrid y Athletic emprenderán acciones legales contra proyecto de CVC ","proyecto de CVC","neg","neu","neu","True","False","eval"
"1076","El metaverso generará unos ingresos por valor de 18.500 millones al año para 2030","metaverso","pos","neu","pos","True","False","eval"
"1077","Los viajes del Imserso empezarán a comercializarse el 14 de diciembre si no hay más recursos judiciales","viajes del Imserso","pos","neu","pos","True","False","eval"
"1078","Celsa elevará su facturación en Francia en 300 millones al año con un nuevo tren de laminación ","Celsa","pos","neu","pos","True","False","eval"
"1079","Los 'smartphones' podrán sustituir al Meteosat (ya colaboran con él)","Los 'smartphones'","pos","neu","neu","True","False","eval"
"1080","Unicaja quiere ganarse su puesto como quinto banco y aspira a superar el 7% de cuota en hipotecas en 2024","Unicaja","pos","neu","neu","True","False","eval"
"1081","ELA aboga por mantener la huelga indefinida en Tubacex como «garantía» para negociar","ELA","neg","neg","neg","True","False","eval"
"1082","British Airways cifra en 3.130 millones de euros el déficit de su plan de pensiones","British Airways","neg","neu","neu","True","False","eval"
"1083","El IBEX rebota un 0,58 % pero se queda todavía por debajo de los 9.000 puntos","El IBEX","neg","neg","neg","True","False","eval"
"1084","La reforma laboral da exenciones de cotizaciones de hasta el 90% por los ERTE de fuerza mayor.","reforma laboral","pos","pos","pos","True","False","eval"
"1085","Las oficinas de representación de la entidad en Nueva Delhi y Singapur registran cuotas de mercado superiores al 30%   BrandedContent con caixabank","caixabank","pos","neu","neu","True","False","eval"
"1086","Telefónica presenta un plan de salidas voluntarias al que podrán acogerse un máximo de 1.960 empleados","empleados","neg","neu","neg","True","False","eval"
"1087","Las ventas de H&M subieron un 6 % interanual en el segundo trimestre","Las ventas de H&M","pos","neu","neu","True","False","eval"
"1088","El Corte Inglés da alas a las ventas ‘online’, que ya son tan rentables como las físicas","Corte Inglés","pos","neu","pos","True","False","eval"
"1089"," La economía de la eurozona se expandió un 5,2% en 2021","economía de la eurozona","pos","pos","pos","True","False","eval"
"1090","Amazon, Microsoft, Adidas... la lista de la compra de Capital Group para 2020","Capital Group","pos","pos","neu","True","False","eval"
"1091","El Gobierno dotará con 200 millones el 'bono vivienda' para jóvenes","jóvenes","pos","neu","pos","True","False","eval"
"1092","Gadisa invierte 5 millones en una segunda plataforma logística en el Puerto de A Coruña ","plataforma logística","pos","neu","pos","True","False","eval"
"1093","El máximo responsable del fabricante de aceros especiales señala que con las tarifas actuales las empresas del sector fabril ""no aguantarán más de seis meses"".","empresas del sector fabril","neg","neu","neg","True","False","eval"
"1094","Mahou San Miguel entra en la categoría cider con el lanzamiento de 'La Prohibida'","Mahou San Miguel","pos","neu","neu","True","False","eval"
"1095","Más de la mitad de las empresas de salud aumentaron su facturación en 2020","empresas de salud","pos","neu","neu","True","False","eval"
"1096","Avanza la precarización del trabajo en México, advierten analistas","precarización del trabajo en México","neg","neg","neg","True","False","eval"
"1097","El Bitcoin continúa cayendo sin freno camino al soporte de los 29.500 dólares","Bitcoin","neg","neu","neg","True","False","eval"
"1098","La bolsa Sao Paulo baja más del tres por ciento y el dólar sube","La bolsa Sao Paulo","neg","neg","neg","True","False","eval"
"1099","PNV y PSE consideran innecesario un banco público para promover el arraigo empresarial","un banco público","neg","neg","neu","True","False","eval"
"1100","Los fondos de Santander disparan sus captaciones globales hasta los 5.700 millones de euros en 2021","Los fondos de Santander","pos","neu","neu","True","False","eval"
"1101","El Gobierno aprueba tres paquetes de ayudas al turismo por 720 millones","ayudas al turismo","pos","neu","pos","True","False","eval"
"1102","La ralentización de la recuperación económica ha llevado al Consejo General de Economistas a rebajar de nuevo sus previsiones de crecimiento para España en 2021 y 2022.","previsiones de crecimiento para España","neg","neg","neg","True","False","eval"
"1103","Bruselas: ""La fusión Iberia-Air Europa habría afectado negativamente a la competencia"" ","competencia","neg","neu","neg","True","False","eval"
"1104","Wall Street anticipa caídas moderadas, camino de cerrar un año de récords","Wall Street","neg","neu","neg","True","False","eval"
"1105","El sector privado no rebota: las empresas ganan 35.700 millones menos que en 2019 y las familias bajan su consumo.","las empresas","neg","neu","neg","True","False","eval"
"1106","El petróleo de Texas cae un 0,6% y cierra en 58,81 dólares el barril","petróleo de Texas","neg","neg","neg","True","False","eval"
"1107","El Fondo de Reserva acumulará 42.000 millones de euros en 2032 con la subida de cotizaciones pactada con los sindicatos.","El Fondo de Reserva","pos","neg","neg","True","False","eval"
"1108","El Gobierno da seis meses a las empresas para que finalicen 8 millones de contratos por obra o servicio ","las empresas","neg","neg","neg","True","False","eval"
"1109","El Gobierno admite que la fortaleza del euro es una ""amenaza importante"" para el turismo en España","fortaleza del euro","neg","neg","neg","True","False","eval"
"1110","Análisis: La lucha de las petroleras por la supervivencia","las petroleras","neg","neg","neg","True","False","eval"
"1111","Las microempresas gallegas se lanzan al universo digital para crecer a nivel internacional","microempresas gallegas","pos","neu","pos","True","False","eval"
"1112","ACS dispara su beneficio un 25% gracias a la recuperación de Abertis","ACS","pos","neu","pos","True","False","eval"
"1113","La falta de chips ya destruye puestos de trabajo en la industria del automóvil","industria del automóvil","neg","neu","neg","True","False","eval"
"1114","Audiencia Nacional obliga a Nestlé a abonar a los empleados la prima por la pandemia que anunció","Nestlé","neg","neu","pos","True","False","eval"
"1115","Banco Sabadell se hace con un 3,9% de Nyesa como compensación por créditos concursales","Banco Sabadell","pos","neu","neu","True","False","eval"
"1116","URGENTE | El petróleo Brent roza los 90 dólares por barril por primera vez desde 2014","El petróleo Brent","pos","neg","neg","True","False","eval"
"1117","Vodafone invertirá 225 millones en su nuevo centro europeo de I+D de Málaga, por alfonmunoz","su nuevo centro europeo","pos","neu","pos","True","False","eval"
"1118","Ibercaja intentará salir a bolsa en abril antes de que venzan los plazos que le obliguen a replantear la operación","Ibercaja","pos","neu","neu","True","False","eval"
"1119","Las pensiones en España, rumbo hacia el iceberg","pensiones en España","neg","neu","neg","True","False","eval"
"1120","Casi uno de cada tres españoles tiene como propósito de Año Nuevo comprar una casa

El precio de la vivienda subirá un 4% por el encarecimiento de las materias primas","precio de la vivienda","pos","neg","neg","True","False","eval"
"1121","La facturación del comercio minorista creció un 5,1% en el mes, su mayor alza desde junio de 2020.","facturación del comercio minorista","pos","neu","neg","True","False","eval"
"1122","Guerra entre los mayores accionistas de Cabures","mayores accionistas de Cabures","neg","pos","neu","True","False","eval"
"1123","Cepsa instalará paneles solares en toda su red de gasolineras de la mano de Redexis","Redexis","pos","neu","pos","True","False","eval"
"1124","Siemens Gamesa lanza una nueva plataforma eólica terrestre de 5,8 MW","Siemens Gamesa","pos","neu","pos","True","False","eval"
"1125","España emitirá un 25% menos de deuda de los previsto en 2021","España","pos","pos","pos","True","False","eval"
"1126","Fráncfort sube moderadamente tras una negociación falta de impulsos","Fráncfort","pos","neu","neu","True","False","eval"
"1127","Economía/Agricultura.- Asaja pide que la retencion de ovejas y cabras acabe un mes antes para evitar ""graves perjuicios""","Asaja","neg","neu","neg","True","False","eval"
"1128","Banco Santander cumple con el objetivo de MREL para enero de 2022","Banco Santander","pos","neu","neu","True","False","eval"
"1129","Las empresas temen un golpe en la reputación por el desabastecimiento en Navidad","empresas ","neg","neg","neg","True","False","eval"
"1130","Iberpapel abrirá este año sus nuevas instalaciones en Hernani (Guipúzcoa)","Iberpapel","pos","neu","neu","True","False","eval"
"1131","Payflow capta 8 millones de euros y se convierte en la startup europea de salario a demanda mejor financiada, en disruptores_inn","Payflow","pos","neu","neu","True","False","eval"
"1132","La llegada de turistas internacionales sube un 64,4% en 2021 y el gasto se dispara un 76%","llegada de turistas internacionales","pos","pos","pos","True","False","eval"
"1133","UBS apela la condena de 1.800 millones impuesta a la entidad en Francia","UBS","neg","neu","neg","True","False","eval"
"1134","Los fondos cierran 2021 con 25.000 millones en captaciones y 316.000 millones de patrimonio, nuevo récord","Los fondos","pos","neu","pos","True","False","eval"
"1135","Inditex recibe la noticia del nombramiento de Marta Ortega como presidenta con fuertes caídas del 5%","Inditex","neg","neu","neg","True","False","eval"
"1136","Inditex invertirá más de 230 millones en su nuevo edificio de oficinas de Zara en Arteixo","nuevo edificio de oficinas de Zara en Arteixo","pos","neu","neu","True","False","eval"
"1137","Just Eat y los sindicatos acuerdan el primer convenio colectivo del reparto a domicilio","Just Eat y los sindicatos","pos","neu","pos","True","False","eval"
"1138","Fragilidad financiera global","financiera global","neg","neg","neg","True","False","eval"
"1139","El Ibex cae lastrado por Cellnex y CaixaBank","Ibex","neg","neu","neg","True","False","eval"
"1140","La gran restauración abre 124 locales en 2021 pese a la crisis hostelera y el ‘delivery’.","La gran restauración","pos","neu","pos","True","False","eval"
"1141","Los futuros planes de pensiones colectivos de promoción pública deberán tener una comisión máxima del 0,30%.","pensiones colectivos de promoción pública","neu","neu","neg","True","False","eval"
"1142","El sector del vapeo culpa a Sanidad de la reducción del 30% de las ventas","sector del vapeo","neg","neu","neu","True","False","eval"
"1143","Amundi y Société Générale cierran la venta de Lyxor dos meses antes de lo previsto","Amundi y Société Générale","pos","neu","neu","True","False","eval"
"1144","La AIReF rebaja su previsión de déficit al 7,3% del PIB por la mejora de la recaudación","AIReF ","neg","neu","neu","True","False","eval"
"1145","El Gobierno obligará a los grandes propietarios a bajar los alquileres e impondrá un recargo fiscal a las casas vacías","los grandes propietarios","neg","neu","pos","True","False","eval"
"1146","El textil sigue sin remendar sus rotos: acumula un 30% de caída de las ventas","El textil","neg","neu","neg","True","False","eval"
"1147","La nueva apuesta de Soros ha quintuplicado su valor en apenas medio año","Soros","pos","neu","pos","True","False","eval"
"1148","Los inversores ya huelen el alza de tipos, obligan a pagar a Alemania y la rentabilidad de la deuda de España se duplica","inversores","neg","neg","neg","True","False","eval"
"1149","El Gobierno y las CCAA licitan 960 millones y adjudican 1.370 millones en fondos del Plan de Recuperación en enero","Plan de Recuperación ","pos","pos","pos","True","False","eval"
"1150","La banca cobra comisión de custodia por vender fondos y será deducible","La banca","pos","neu","neu","True","False","eval"
"1151","El precio de la luz sigue su escalada y marca para este lunes su tercer precio más alto","precio de la luz","pos","neg","neg","True","False","eval"
"1152","La deuda pública marca nuevo récord con 1,2 billones de euros hasta marzo","La deuda pública","neg","neg","neg","True","False","eval"
"1153","Robots y 'start up', la alianza más estratégica","Robots","neu","neu","neu","True","False","eval"
"1154","Colau compra una cifra récord de 400 pisos por 60 millones para VPO ","VPO","pos","neu","pos","True","False","eval"
"1155","La Audiencia Nacional desestima la impugnación del ERE de BBVA","BBVA","pos","neu","neg","True","False","eval"
"1156","Bolsas | Empresas de materias primas y bancos son los más claros beneficiado y en consumo y alimentación las oportunidades son mucho más selectivas.","Empresas de materias primas y bancos","pos","neu","pos","True","False","eval"
"1157","DBRS rebaja su previsión de crecimiento del PIB español en 2021 del 6,1% al 4,6%.","DBRS","neg","neu","neu","True","False","eval"
"1158","No ha sido bueno el 2021 para el oro","oro","neg","neu","neg","True","False","eval"
"1159","A la vista del apetito observado por sus bonos y de sus ratios financieros, Werfen podría alcanzar una valoración bursátil de hasta 6.000 millones.","Werfen","pos","neu","pos","True","False","eval"
"1160","Los trabajadores de Petronor deciden suspender su huelga","trabajadores de Petronor ","pos","pos","pos","True","False","eval"
"1161","Solo EE UU supera los niveles de actividad previos a la pandemia, con un incremento del 0,8% de su PIB.","EE UU","pos","neu","pos","True","False","eval"
"1162","Calviño, candidata europea para presidir el comité financiero y monetario del FMI","Calviño","pos","neu","neu","True","False","eval"
"1163","Los beneficios corporativos de Japón registran una caída trimestral del 12 %","beneficios corporativos de Japón","neg","neg","neg","True","False","eval"
"1164","Abengoa ha cerrado la venta de su participación del 40% a Engie en una planta solar en Sudáfrica de 100 megavatio.","Abengoa","pos","neu","pos","True","False","eval"
"1165","Aprovisionamiento masivo de material sanitario en las empresas ante las dudas sobre la desescalada","material sanitario","pos","pos","neu","True","False","eval"
"1166","El IBEX abre con pérdidas del 0,25 % en una jornada sin referencias de EEUU","El IBEX","neg","neg","neg","True","False","eval"
"1167","Cierre | Wall Street echa el freno en la penúltima sesión del año con caídas de hasta el 0,3","Wall Street","neg","neu","neg","True","False","eval"
"1168","Vodafone y Deloitte se alían en sanidad conectada","Vodafone","pos","pos","pos","True","False","eval"
"1169","Italiana Enel abre parque eólico de 150 millones dólares en México","Italiana Enel","pos","neu","pos","True","False","eval"
"1170","EEUU recomienda no viajar a España por el ""alto riesgo"" de contagio de Covid-19 ","España","neg","neg","neg","True","False","eval"
"1171","El acuerdo contempla una inyección de 150 millones de euros para cubrir las necesidades de la compañía y una ampliación de capital adicional de 470 millones.","las necesidades de la compañía","pos","neu","pos","True","False","eval"
"1172","Trea AM se marca un nuevo objetivo, alcanzar los 10.000 millones en cinco años","Trea AM","neu","neu","neu","True","False","eval"
"1173","Aviso del BCE a España: cuidado con el déficit y con unos Presupuestos insostenibles","España","neg","neg","neg","True","False","eval"
"1174","La gestora británica Schroders alcanza un 5% de Soltec","Schroders","pos","neu","neu","True","False","eval"
"1175","EE.UU. aumenta del 10 % al 15 % los aranceles contra Airbus","EEUU","pos","neg","neu","True","False","eval"
"1176","Superpedestrian logra 125 millones de dólares para extender sus patinetes inteligentes ","Superpedestrian","pos","neg","pos","True","False","eval"
"1177","La guerra fría tecnológica entre EEUU y China acentúa el temor de Wall Street","guerra fría tecnológica","neg","neg","neg","True","False","eval"
"1178","Sony compra el estudio de videojuegos Bungie por 3.200 millones ","Sony","pos","neg","pos","True","False","eval"
"1179","Cellnex mejora su resultado y cierra el primer semestre en equilibrio","Cellnex","pos","neu","neu","True","False","eval"
"1180","Ferrovial vende a Portobello su negocio de servicios de conservación por 236 millones","Ferrovial","pos","neu","neu","True","False","eval"
"1181","La recuperación de la demanda tras el parón de 2020, que cerró a cal y canto la producción mundial, ha disparado este año el precio de las materias primas.","el precio de las materias primas","pos","neg","neg","True","False","eval"
"1182","Las bolsas han pasado en 20 años de ser empresas cerradas a grandes conglomerados Por AntonioBanda_","Las bolsas","pos","neu","pos","True","False","eval"
"1183","La ronda de 25 millones que garantiza a la startup española PLD Space lanzar el primer cohete comercial europeo","PLD Space","pos","neu","pos","True","False","eval"
"1184","Reabre Aragvi, el restaurante donde alternaba el hijo de Stalin y la élite del KGB","Aragvi","pos","neu","neu","True","False","eval"
"1185","Sangría en la encuesta de ADP: EEUU perdió 301.000 empleos en enero","EEUU","neg","neg","neg","True","False","eval"
"1186","Gobierno y organización chocan por la cancelación del Mobile: en juego, una alerta sanitaria y el cobro de indemnizaciones","cancelación del Mobile","neg","neu","neu","True","False","eval"
"1187","Ferrovial logra ratificar el ráting 'investment grade' de S&P","Ferrovial","pos","neu","neu","True","False","eval"
"1188","IFM compra otro 1% en Naturgy y tiene ya más del 12% del capital social","IFM","pos","neu","neu","True","False","eval"
"1189","El 59% del capital de Ferrovial elige cobrar el dividendo en nuevas acciones","Ferrovial","pos","neu","neu","True","False","eval"
"1190","Los ingresos tributarios ya están tres puntos por encima del nivel prepandemia","ingresos tributarios","pos","neg","neg","True","False","eval"
"1191","El precio de la luz de este martes será casi 60 euros más caro que el fijado para hoy (215 euros).","precio de la luz","pos","neg","neg","True","False","eval"
"1192","La aportación bruta a planes de pensiones cayó un 40% en 2021 por los nuevos límites fijados por el Gobierno","La aportación bruta a planes de pensiones","neg","neu","neg","True","False","eval"
"1193","Cien millones de los fondos europeos irán a reformar sedes sindicales","sedes sindicales","pos","neu","neu","True","False","eval"
"1194","El nuevo CEO de Inditex invierte 100.000 euros en acciones del grupo ","CEO de Inditex","pos","neu","neu","True","False","eval"
"1195","Los ingresos por servicio de Vodafone crecen un 2,7% en el tercer trimestre","servicio de Vodafone","pos","neu","neu","True","False","eval"
"1196","Diaphanum crece 500 millones en su quinto aniversario y prevé batir los 2.000 en 2022","Diaphanum ","pos","neu","pos","True","False","eval"
"1197","Las mejores operaciones con divisas en verano","operaciones con divisas","pos","pos","neu","True","False","eval"
"1198","Lloyd Blankfein se sube al carro de las criptomonedas en pleno retroceso de su valor","Lloyd Blankfein","neu","neu","neu","True","False","eval"
"1199","""Sixt dentro del mercado es la que mejor posicionada está por su posición financiera"".","Sixt","pos","neu","pos","True","False","eval"
"1200","Tesla revisará 475.000 coches en EEUU ","Tesla","neg","neu","neg","True","False","eval"
"1201","Amrest alcanzó unas ventas de 533,6 millones de euros al cierre del tercer trimestre.","Amrest","pos","neu","neu","True","False","eval"
"1202","Derechos sociales europeos, por favor","Derechos sociales europeos","neu","neu","neu","True","False","eval"
"1203","LoMásLeído | Santander pierde el juicio contra Orcel y deberá indemnizarle con 68 millone","Orcel","pos","neu","neu","True","False","eval"
"1204","ICEMD celebra 25 años de formación en Economía Digital: del salto al mundo online a la transición hacia la nube","ICEMD","pos","pos","pos","True","False","eval"
"1205","Wallbox ampliará su alianza estratégica con Uber para que los conductores de la firma puedan adquirir e instalar cargadores en el hogar a un precio reducido.","los conductores de la firma","pos","neu","neu","True","False","eval"
"1206","Wall Street rebota y el Nasdaq 100 se salva del peor enero de su historia","Nasdaq 100","pos","neu","pos","True","False","eval"
"1207","ACS cierra la operación del año: vende Servicios Industriales a Vinci con 2.900 millones de plusvalía","ACS","pos","neu","pos","True","False","eval"
"1208","La vivienda se encarece un 4,2 % en eurozona y UE en último trimestre de 2018","La vivienda","neg","neu","neg","True","False","eval"
"1209","Siemens Gamesa suministrará 232 megavatios a un parque de EDF en EEUU","Siemens Gamesa","pos","neu","neu","True","False","eval"
"1210","Barclays gana 2.271 millones de euros en el primer semestre, un 269 % más","Barclays","pos","neu","neu","True","False","eval"
"1211","Recomendamos | El precio de la luz arrancará 2022 en 122,63 euros el MWh, con un descenso del 12,9%","precio de la luz","neg","pos","pos","True","False","eval"
"1212","Los barcos de Mr. Marshall: EEUU envía 30 metaneros a la UE para relajar la crisis energética tras la presión rusa","UE","pos","pos","pos","True","False","eval"
"1213","EDP Renováveis vende unos activos eólicos en Portugal a China Three Gorges por 242 millones","EDP Renováveis","pos","pos","neu","True","False","eval"
"1214","La ronda de 25 millones que garantiza a la startup española PLD Space lanzar el primer cohete comercial europeo","PLD Space","pos","neu","pos","True","False","eval"
"1215","El CEO de Tesla, elonmusk, se ha desprendido desde el pasado 8 de noviembre de un 8,5% de su participación en la compañía, por un importe total de 15.029 millones de dólares (13.265 millones de euros al cambio actual). ","elonmusk","neg","neu","neu","True","False","eval"
"1216","Cellnex, Grifols e Iberdrola se hacen con el pódium semanal del Ibex 35","Cellnex, Grifols e Iberdrola","pos","neu","neu","True","False","eval"
"1217","Central sindical argentina llama a una huelga general el 29 de mayo","Central sindical argentina","pos","neg","neu","True","False","eval"
"1218","Bruselas autoriza las ayudas públicas de 3.000 millones para el PERTE del vehículo eléctrico, nos lo cuenta jsanhermelando","el PERTE del vehículo eléctrico","pos","neu","pos","True","False","eval"
"1219","eDreams firma un acuerdo estratégico con British Airways e Iberia","eDreams","pos","neu","pos","True","False","eval"
"1220","Maroto anuncia que en septiembre volverán los viajes del Imserso","viajes del Imserso","pos","pos","pos","True","False","eval"
"1221","El paro también se incrementa en 17.173 personas, si bien es el menor aumento en 25 años en un mes en el que siempre sube el desempleo y los fijos suponen el 15%.","El paro","neg","neg","neg","True","False","eval"
"1222","Enagás cierra la compra de otro 20% de GNL Quintero en Chile por 178 millones de euros","Enagás","pos","neg","neu","True","False","eval"
"1223","Renfe compra el desarrollador de videojuegos Bungie por 3.200 millones de euros","Renfe ","pos","neu","pos","True","False","eval"
"1224","Departamento Transporte investiga Boeing, en fase final actualizar software","Boeing","neg","neu","neu","True","False","eval"
"1225","Bizkaia pone el foco fiscal en las operaciones online, y empieza con los pisos turísticos ","Bizkaia","neg","pos","neg","True","False","eval"
"1226","ÚLTIMAHORA | El paro sube en 17.173 personas en enero y la contratación indefinida marca récord","El paro","neg","neg","neg","True","False","eval"
"1227","La futura ley de vivienda podría trasladar el 30% de la inversión inmobiliaria del sector residencial al comercial","sector residencial al comercial","pos","neu","pos","True","False","eval"
"1228","El 'efecto rebaño', la consecuencia inmediata del desabastecimiento que amenaza al Black Friday y la Navidad","Black Friday y la Navidad","neg","neu","neg","True","False","eval"
"1229","GM perdió 758 millones de dólares en el segundo trimestre por el Covid","GM","neg","neu","neu","True","False","eval"
"1230","El 59% de los autónomos se encuentran ya activos tras dos meses parados","El 59% de los autónomos","pos","neu","pos","True","False","eval"
"1231","MyInvestor multiplica por cuatro su patrimonio en productos de inversión durante todo el 2021","MyInvestor","pos","neu","neu","True","False","eval"
"1232","La cadena textil Primark ha abierto dos nuevas tiendas, una en Vigo (España) y otra en Catania (Italia), alcanzando la cifra de 400 establecimientos.","Primark","pos","neu","pos","True","False","eval"
"1233","Crece el interés por los pequeños pueblos para comprar una vivienda","pequeños pueblos","pos","pos","pos","True","False","eval"
"1234","Colombia busca empujar a su agroindustria a llenar los supermercados chinos","Colombia","pos","pos","pos","True","False","eval"
"1235","Esta biotech española puede producir al mes un millón de test rápidos para Covid-19","biotech española","pos","neu","pos","True","False","eval"
"1236","Unicaja espera triplicar su rentabilidad hasta 2024 reduciendo provisiones e impulsando hipotecas, seguros y fondos","Unicaja","pos","neu","pos","True","False","eval"
"1237","Suaves compras en WallStreet con el DowJones y el S&amp;P en subida libre absoluta","DowJones y el S&amp;P","pos","neu","pos","True","False","eval"
"1238","El Gobierno central confía en una subida del PIB del 6,5% en 2021 y del 7% en 2022.","PIB","pos","pos","pos","True","False","eval"
"1239","El precio del gas natural y del carbón sigue marcando máximos.","precio del gas natural y del carbón","pos","neg","neg","True","False","eval"
"1240","El Gobierno mantiene el IVA al 4% en las mascarillas quirúrgicas hasta julio de 2022","las mascarillas quirúrgicas ","neu","neu","pos","True","False","eval"
"1241","Los banqueros del Ibex invierten ocho millones en el sector en pleno caos bursátil","Los banqueros del Ibex","pos","pos","pos","True","False","eval"
"1242","Santander cumple ya las exigencias del 'colchón anticrisis' ","Santander","pos","neu","pos","True","False","eval"
"1243","Abanca cierra la adquisición del negocio de Novo Banco en España","Abanca","pos","neu","neu","True","False","eval"
"1244","Hay expedientes activos en el sector del motor que afectan potencialmente a más de 46.000 personas.","sector del motor","neg","neu","neg","True","False","eval"
"1245","EVO Banco sigue celebrando el lanzamiento de su Bróker Inteligente. Bolsamanía ha hablado con Juan Rosas, director de Negocio y Laboratorio, sobre sus ventajas y beneficios para el inversor en un momento en el que se apuesta claramente por la bolsa","EVO Banco","pos","neu","neu","True","False","eval"
"1246","Santander invierte 2.000 millones en tecnología para su salto digital ","Santander","pos","neu","pos","True","False","eval"
"1247","El ministro garantiza que aplicará esta subida en las cuentas públicas tras las peticiones en este sentido de los sindicatos y Unidas Podemos.","las cuentas públicas","pos","neu","neu","True","False","eval"
"1248","Las ventas del comercio minorista caen un 2,5% en octubre, mayor bajada desde febrero","ventas del comercio minorista","neg","neu","neu","True","False","eval"
"1249","Los extremeños reducirán un 13,3 % sus gastos en enero","Los extremeños","neg","neg","neg","True","False","eval"
"1250","ObsevatoriodelaMovilidad | Los vehículos electrificados no entienden de crisis: crecen un 40% durante 2021","Los vehículos electrificados","pos","neu","neu","True","False","test"
"1251","El consejero de Alba sale de Indra tras la venta del 5% al grupo Sapa ","grupo Sapa","pos","neu","neu","True","False","test"
"1252","FCC presta 120 millones a Realia para la compra de Hermanos Revilla ","Realia","pos","neu","pos","True","False","test"
"1253","El BOE publica la multa de un millón a Santander por una infracción de Banco Popular que ratificó el Supremo","Santander","neg","neu","neu","True","False","test"
"1254","El Senado de EEUU aprueba suspender el techo de deuda horas antes del impago ","EEUU","pos","neg","neg","True","False","test"
"1255","ACS, Comsa, Azvi y San José se adjudican la renovación de la estación de Chamartín por 207 millones","ACS, Comsa, Azvi y San José","pos","neu","neu","True","False","test"
"1256","Nvidia se prepara para abandonar la compra de ARM por las dificultades para lograr el apoyo de los reguladores","Nvidia","neg","neu","neu","True","False","test"
"1257","Las operadoras tardarán hasta tres años en recuperar sus ingresos por roaming tras el golpe de la Covid al turismo","operadoras ","neg","neu","neu","True","False","test"
"1258","URGENTE | El fin de la Navidad causa 17.000 nuevos parados y que la Seguridad Social pierda 197.000 ocupados de media.","la Seguridad Social","neg","neu","neg","True","False","test"
"1259","Las exportaciones de alimentos y bebidas vuelven a crecer a doble dígito hasta noviembre del pasado año y superan los 35.000 millones .","exportaciones de alimentos y bebidas","pos","neu","pos","True","False","test"
"1260","Magna aumentó un 135% su beneficio neto en el primer trimestre","Magna","pos","neu","neu","True","False","test"
"1261","El verano ha dado algo de gasolina a la economía española para acelerar el proceso de recuperación de la crisis","la economía española","pos","pos","pos","True","False","test"
"1262","Socio mayoritario de Carige está dispuesto a ""apoyar una solución de mercado""","Socio mayoritario de Carige","pos","neu","pos","True","False","test"
"1263","Meta (Facebook) sube con ganas: reabrirá las oficinas de EEUU en enero","Meta","pos","neu","pos","True","False","test"
"1264","El Estado acude al rescate de las pensiones con una inyección de casi 43.300 millones","rescate de las pensiones","pos","neu","pos","True","False","test"
"1265","Ana Botín sobre DIA: Hemos tratado de llegar a un acuerdo bueno para todos","Ana Botín","pos","pos","neu","True","False","test"
"1266","Iberdrola pide a la Justicia que investigue porque se ha causado un daño reputacional que ha hecho fracasar la compra de la compañía PNM en Estados Unidos.","Iberdrola","neg","neu","neg","True","False","test"
"1267",". UnicajaBanco ha planteado su propuesta de reducir su plantilla en 1.513 empleados, de los que 1.005 pertenecen a la red de oficinas y 508 a servicios centrales.","UnicajaBanco","neu","neu","neg","True","False","test"
"1268","LoMásLeído | Inditex gana 2.500 millones hasta octubre con beneficio trimestral récord","Inditex","pos","neu","neu","True","False","test"
"1269","Clase de matemáticas para la Junta de Andalucía y su revalorización en las pensiones de 20 millones","Junta de Andalucía","pos","neu","pos","True","False","test"
"1270","Naturgy sufre en Bolsa tras el fin de la opa de IFM y se deja más de un 1,5%","Naturgy ","neg","neu","neg","True","False","test"
"1271","Economía/Electricidad.- El sector eléctrico prevé unas inversiones de 11.600 millones hasta 2008","sector eléctrico","pos","pos","pos","True","False","test"
"1272","ÚLTIMAHORA | Inditex cae con fuerza en Bolsa tras el nombramiento de Marta Ortega como presidenta.","Inditex","neg","neu","neg","True","False","test"
"1273","La justicia de Madrid anula la sanción impuesta a una terapeuta por tratar de reconvertir a homosexuales","terapeuta","pos","neu","neu","True","False","test"
"1274","El Consejo de Ministros de este martes aprueba el PERTE de energías renovables, hidrógeno y almacenamiento","el PERTE de energías renovables, hidrógeno y almacenamiento","pos","neu","pos","True","False","test"
"1275","Los intangibles absorben el 35% de la inversión en España, a la cola de la UE","Los intangibles","pos","pos","neu","True","False","test"
"1276","El ex consejero delegado de McDonald’s devuelve 105 millones de dólares por ocultar que mantuvo relaciones con empleadas","McDonald’s","pos","neu","neu","True","False","test"
"1277","La AIReF confirma que es probable cumplir el objetivo de déficit","La AIReF","pos","neu","neu","True","False","test"
"1278","El fundador de Tesla acaba 2021 siendo el personaje del año, con una fortuna de 277.300 millones.","fundador de Tesla","pos","neu","neu","True","False","test"
"1279","Pérdidas para Adolfo Domínguez, a pesar del aumento de las ventas","Adolfo Domínguez","neg","neu","neu","True","False","test"
"1280","Los transportistas mantienen el paro navideño al no alcanzar acuerdo con el Gobierno ","Gobierno","neg","neg","neg","True","False","test"
"1281","Bolsa Mexicana avanza favorecida por tregua comercial de EE.UU. y China","Bolsa Mexicana","pos","pos","pos","True","False","test"
"1282","El rey prueba el primer Opel Corsa eléctrico en su visita a Figueruelas","Opel Corsa eléctrico","pos","neu","pos","True","False","test"
"1283","El Gobierno dará cheques de 90 euros a familias vulnerables para que paguen la calefacción","familias vulnerables","pos","neu","pos","True","False","test"
"1284","UGT se opondrá a cualquier cambio que afecte a los prejubilados de Izar","UGT","pos","neu","pos","True","False","test"
"1285","El sector comercial afronta la campaña de Navidad con menos personal que antes de la pandemia","sector comercial","neg","neu","neg","True","False","test"
"1286","El sector químico estima el efecto del 'brexit' en 300 millones de euros","El sector químico","neg","neg","neg","True","False","test"
"1287","Bruselas lanza un plan para taponar el agujero fiscal de 20.000 millones que provocan las empresas pantalla","Bruselas","pos","neu","pos","True","False","test"
"1288","Siemens Gamesa anuncia la pérdida de varios millones en 2022, y el 9% de sus ingresos","Siemens Gamesa","neg","neu","neu","True","False","test"
"1289","Innovación destinada a crear los materiales del futuro","materiales del futuro","pos","neu","pos","True","False","test"
"1290","Sánchez responde a los pensionistas que blindará la pensión al IPC real","Sánchez","pos","neu","pos","True","False","test"
"1291","El BCE nombra al español Óscar Arce nuevo director general de Economía","Óscar Arce","pos","neu","neu","True","False","test"
"1292","Ericcson registró beneficio neto de 408 millones de euros en primer semestre","Ericcson","pos","neu","neu","True","False","test"
"1293","El Gobierno argentino estudia derogar las jubilaciones de privilegio","El Gobierno argentino","pos","neu","pos","True","False","test"
"1294","Colaboración público-privada para un pacto de Estado de infraestructuras","Colaboración público-privada","pos","pos","pos","True","False","test"
"1295","""Los resultados trimestrales y anuales de bancosantander superan claramente las expectativas del consenso con una batería de indicadores muy favorables"".","bancosantander","pos","neu","pos","True","False","test"
"1296","Abengoa recibirá una compensación de 93 millones tras cerrar su disputa en Polonia","Abengoa","pos","neu","neu","True","False","test"
"1297","Declarada en concurso In Destination Incoming tras la quiebra Thomas Cook","In Destination Incoming","neg","neu","neg","True","False","test"
"1298","Medidas frente a la ocupación ilegal de viviendas","ocupación ilegal de viviendas","neg","neu","neg","True","False","test"
"1299","Engie se alza como ganador de la puja por Eolia por más de 2.000 millones.","Engie","pos","neu","pos","True","False","test"
"1300","ibercaja se plantea su salida a Bolsa | por angelesgonzalo","ibercaja","neg","neu","neg","True","False","test"
"1301","Agricultura concluye la estrategia para atraer a España 48.000 millones de la PAC","España","pos","neu","pos","True","False","test"
"1302","El PSOE registra el martes una propuesta para subir las pensiones con el IPC y animará a más movilizaciones","El PSOE","pos","neu","pos","True","False","test"
"1303","KPMG alcanza unos ingresos récord de 28.317 millones de euros en 2021","KPMG","pos","neu","neu","True","False","test"
"1304","La entidad cierra los nueve primeros meses del año con un beneficio de 3.311 millones. bbva","bbva","pos","neu","neu","True","False","test"
"1305","El Brent sigue su tendencia alcista y se sitúa sobre los 90 dólares, un nivel desde el que revalida niveles no vistos desde 2014.","Brent ","pos","neg","neg","True","False","test"
"1306","El Banco Santander trata de recuperar 154 millones que pagó por error en el Reino Unido","Banco Santander","neg","neu","neu","True","False","test"
"1307","Mutua Madrileña dice adiós a la pandemia y gana 230 millones este año","Mutua Madrileña","pos","neu","neu","True","False","test"
"1308","Renfe recupera 57 millones de viajeros y 1 millón de toneladas de mercancías en 2021","Renfe ","pos","neu","pos","True","False","test"
"1309","Horos refuerza su apuesta por carbón y petróleo ante una ""acelerada y desordenada"" transición energética","Horos","neu","neu","neu","True","False","test"
"1310","Los extranjeros copan el 15,4% de las compras de pisos","Los extranjeros","pos","pos","neu","True","False","test"
"1311","Facturas falsas y fraude fiscal: varapalo al promotor de oficinas que acusa al Gobierno de comprar periodistas","promotor de oficinas","neg","neu","neg","True","False","test"
"1312","El sector de las agencias de viaje, que esperaba recuperar este verano hasta un 40% de la facturación de 2019, prevé ingresar sólo entre el 25% y el 30%.","sector de las agencias de viaje","neg","neu","neu","True","False","test"
"1313","Los expertos insisten: Europa no logra recuperarse al mismo ritmo que el resto","Europa","neg","neg","neg","True","False","test"
"1314","Así serán las vacaciones de los españoles: la mitad no viajará y un 9% irá al extranjero","vacaciones de los españoles","neg","neg","neg","True","False","test"
"1315","Las familias ahorraron en el segundo trimestre el 8,8% de su renta.","Las familias","pos","neu","neu","True","False","test"
"1316","Felipe VI defiende que haya empleo ""estable y digno"", en especial para los jóvenes ","jóvenes","pos","pos","pos","True","False","test"
"1317","Los futuros del gas Natural de Holanda han llegado a subir hoy más de un 16% en el mercado holandés, después de escalar ayer un 9%.","gas Natural de Holanda","pos","neg","neg","True","False","test"
"1318","El PIB francés crecerá un 0,3% en el tercer trimestre, según el BdF","El PIB francés","pos","pos","pos","True","False","test"
"1319","Unicaja Banco obtiene un beneficio neto de 116 millones en el primer semestre, un 11,4% más","Unicaja Banco","pos","neu","pos","True","False","test"
"1320","España creó 840.700 empleos en 2021, la mayor ganancia desde la regularización de inmigrantes en 2005","España ","pos","pos","pos","True","False","test"
"1321","Unicaja espera triplicar su rentabilidad hasta 2024 reduciendo provisiones e impulsando hipotecas, seguros y fondos","Unicaja","pos","neu","pos","True","False","test"
"1322","El Ministerio de Transportes aprueba el estudio para la ampliación de Chamartín","Ministerio de Transportes","pos","pos","pos","True","False","test"
"1323","Recomendamos | Iberdrola logra el suministro eléctrico de uno de los mayores parques eólicos marinos de EEUU","Iberdrola ","pos","neu","pos","True","False","test"
"1324","Orange se adjudica un contrato para mejorar la conectividad de la Generalitat de Cataluña por 2,3 millones. Informa AlfonMunoz","la conectividad de la Generalitat de Cataluña","pos","neu","pos","True","False","test"
"1325","La planta de Nissan en Barcelona dejará de fabricar el 'pick-up' de Mercedes-Benz","planta de Nissan","neg","neg","neu","True","False","test"
"1326","Hacienda propone elevar el peso del gasto sanitario y educativo en la nueva financiación autonómica","financiación autonómica","pos","pos","pos","True","False","test"
"1327","MásMóvil gana 187 millones hasta septiembre y llega a 14,3 millones de clientes en España","MásMóvil","pos","neu","neu","True","False","test"
"1328","Micappital duplica capital gestionado y eleva un 75% su base de clientes","Micappital","pos","neu","neu","True","False","test"
"1329",". Dominion_DOM ha elegido a IncusCapital como el socio de su división renovable. energía","IncusCapital","pos","neu","pos","True","False","test"
"1330","El fondo para pymes, atascado como el de la SEPI: 51 empresas esperan ayudas por 500 M€ tras el rescate a Pachá","empresas","neg","neu","neg","True","False","test"
"1331","Los hosteleros recurren ante los tribunales las restricciones en Euskadi ","hosteleros","neg","neu","neg","True","False","test"
"1332","Un empujón fiscal para las ‘start-ups’","‘start-ups’","pos","neu","pos","True","False","test"
"1333","Los accionistas de Squirrel Media aceptan la compra del 75% de NET TV","Squirrel Media","pos","neu","pos","True","False","test"
"1334","Real Madrid, Barça y Ahletic llevan a LaLiga a la vía judicial por el acuerdo con CVC: ""Es ilegal"" ","LaLiga","neg","neu","neg","True","False","test"
"1335","Correos anuncia su mayor convocatoria de empleo en décadas, con 5.377 nuevos puestos indefinidos","Correos","pos","neu","pos","True","False","test"
"1336","El Grupo PRISA nombra consejera independiente a Teresa Quirós","Teresa Quirós","pos","neu","neu","True","False","test"
"1337","Recomendamos | El gasto en pensiones se eleva a 143.250 millones en 2021, un 3% más que el año pasad","gasto en pensiones","pos","neu","pos","True","False","test"
"1338","La vuelta de las mascarillas en exteriores obligará a las familias a gastar 118 euros al mes para cumplir la norma","las familias","neg","neg","neg","True","False","test"
"1339","Audi RS6 Avant: la berlina familiar más deportiva de Audi se renueva","Audi RS6 Avant","pos","neu","pos","True","False","test"
"1340","Idealista recibe una sanción económica de 730.000 euros y anuncia que la recurrirá ante la Audiencia Nacional.","Idealista","neg","neu","neu","True","False","test"
"1341","RSC.- Save The Children defiende el derecho de los niños a trabajar pero sólo bajo unas condiciones dignas","Save The Children","pos","pos","pos","True","False","test"
"1342","Madrid registra el mayor aumento de su presión fiscal, hasta el 33,78%.","Madrid","pos","neg","neg","True","False","test"
"1343","Competencia da el visto bueno al nuevo sistema de cálculo de honorarios del ICAB","Competencia","pos","pos","pos","True","False","test"
"1344","La subida del impuesto de matriculación amenaza a más de 300.000 coches nuevos.","coches nuevos","neg","neu","neg","True","False","test"
"1345","Wall Street: caídas en la última sesión de 2021, que ya es el tercer año más alcista del siglo","Wall Street","neg","neu","neg","True","False","test"
"1346","Ikea subirá los precios de sus productos un 9% en 2022 ","Ikea","pos","neu","neg","True","False","test"
"1347","Incremento de sueldos en Gullón","Gullón","pos","pos","pos","True","False","test"
"1348","Pedro Sánchez abrirá foro de la OMT sobre el reto demográfico y el turismo","foro de la OMT","pos","pos","pos","True","False","test"
"1349","Los viajes del Imserso se activarán en 20 días tras ser adjudicados definitivamente","Los viajes del Imserso","pos","pos","pos","True","False","test"
"1350","Jeff Bezos abandona la dirección de Amazon y Andy Jassy será el nuevo CEO del gigante tecnológico","Jeff Bezos","neg","neu","neu","True","False","test"
"1351","Las acciones de Solarpack quedan excluidas de bolsa ","acciones de Solarpack","neg","neu","neg","True","False","test"
"1352","El Gobierno alivia las cargas de los nuevos ERTE estructurales: menos trámites y más ágiles","cargas de los nuevos ERTE estructurales","pos","neu","pos","True","False","test"
"1353","La tarifa del gas subirá entre un 0,9% y un 11,2% para 1,5 millones de clientes.","gas","pos","neg","neg","True","False","test"
"1354","Cumbre europea: La necesidad de una estrategia negociadora","estrategia negociadora","pos","neu","neu","True","False","test"
"1355","Los aranceles por el caso Airbus-Boeing encarecerán los billetes, según TEDAE","Los aranceles","neg","neg","neg","True","False","test"
"1356","COMUNICADO: J.LINDEBERG readquiere la distribución en EE.UU.","JLINDEBERG","pos","neu","neu","True","False","test"
"1357","vodafone_es reduce su cartera de clientes móviles en cerca de 53.000, la de banda ancha en 50.000 y la de televisión en 44.000.","vodafone_es","neg","neu","neu","True","False","test"
"1358","Rentabilidad y compromiso social, motivos para la inversión sostenible","Rentabilidad","pos","pos","pos","True","False","test"
"1359","Los precios de los supermercados subieron al final del año pasado un 2,7%
","Los precios de los supermercados","pos","neg","neg","True","False","test"
"1360","La economía de Japón vuelve a caer por los confinamientos y la ruptura de la cadena de suministros","economía de Japón","neg","neu","neg","True","False","test"
"1361","El dogecoin establece un nuevo récord y alcanza los 486.439 poseedores","dogecoin","pos","neu","pos","True","False","test"
"1362","El holding de los Aperrabay compra el 5% de Indra a Corporación Alba por 90 millones ","holding de los Aperrabay","pos","neu","pos","True","False","test"
"1363","Fundación Repsol lanza la 10ª convocatoria de su acelerador de 'startups' de energía","Fundación Repsol","pos","pos","neu","True","False","test"
"1364","La luz ahoga a las empresas, que consumen el 60% de la producción energética.","las empresas","neg","neg","neg","True","False","test"
"1365","Cellnex emite 450 millones en bonos para reestructurar su deuda","Cellnex","pos","neu","neu","True","False","test"
"1366","El l 'exchange' de criptos FTX subirá en enero hasta el -0,478% desde el -0,502% de diciembre","FTX","neg","neu","neg","True","False","test"
"1367","UnicajaBanco espera situar su ratio de eficiencia por debajo del 50% y generar 1.500 millones de capital al final de su plan en 2024.","UnicajaBanco","pos","neu","pos","True","False","test"
"1368","Canarias impulsa que España sea pionera en autorizar naves de vuelo rasante","España","pos","pos","pos","True","False","test"
"1369","Alphabet ganó 67.500 millones de euros en 2021, casi el doble que el año anterior gracias a los ingresos publicitarios","Alphabet","pos","neu","neu","True","False","test"
"1370","bbva presenta su plan estratégico a cuatro años 2024, en el que espera llegar a una eficiencia del 42%, frente al 44,7% actual.","bbva","pos","neu","pos","True","False","test"
"1371","""Estos incrementos sitúan a los carburantes como un nuevo problema añadido para las familias. Con todo, lo más preocupante es que los altos precios de las gasolinas no darán tregua a lo largo del año""","precios de las gasolinas","pos","neg","neg","True","False","test"
"1372","ÚLTIMAHORA | Seguridad Social sube las cuotas de los autónomos al cotizar por ingresos reales: irán desde 183 a 1.266 euros, por EduOrtegasoc","los autónomos","neg","neg","neg","True","False","test"
"1373","El PIB apenas crece un 2% en el tercer trimestre con las amenazas de la inflación y el desabastecimiento","PIB","neg","neg","neg","True","False","test"
"1374","Industria concede 54 millones a Pachá, Eating Group, Cesgarden y Egile para recuperarse de la covid-19","Pachá, Eating Group, Cesgarden y Egile","pos","neu","pos","True","False","test"
"1375","Baleares incorpora al parque público 22 viviendas expropiadas a grandes propietarios","parque público","pos","neu","pos","True","False","test"
"1376","FMI: el déficit de España se disparará al 9,5% del PIB y la deuda pública ascenderá al 113% en 2020","el déficit de España","neg","neg","neg","True","False","test"
"1377","Una senadora de Arizona propone el bitcoin como moneda de curso legal","bitcoin","pos","neu","pos","True","False","test"
"1378","El beneficio de las empresas cae un 44,5 % por las plusvalías de 2018","beneficio de las empresas","neg","neg","neg","True","False","test"
"1379","Los economistas abogan por traer a Europa las cadenas de producción ","cadenas de producción","pos","pos","pos","True","False","test"
"1380","La compraventa de viviendas se dispara un 57,9% en agosto, hasta su mayor cifra en este mes desde 2007","compraventa de viviendas","pos","neu","neu","True","False","test"
"1381","Telefónica y Amancio Ortega compran a KKR su 40% en Telxius por 215 millones. ","Telefónica y Amancio Ortega","pos","neu","neu","True","False","test"
"1382","Iberdrola y CAF se alían para poner en marcha un tren de hidrógeno verde","un tren de hidrógeno verde","pos","neu","pos","True","False","test"
"1383","El Tesoro espera colocar este martes hasta 2.000 millones en la última subasta del año","la última subasta del año","pos","neu","pos","True","False","test"
"1384","Lecciones de márketing de Eastwood o Hitchcock","Lecciones de márketing","pos","neu","neu","True","False","test"
"1385","Banco Sabadell pasa a controlar el 3,89% de la promotora Nyesa ","Banco Sabadell","pos","neu","pos","True","False","test"
"1386","Los planes de pensiones registran una rentabilidad media anual del 7,9% anual ","planes de pensiones","pos","neu","pos","True","False","test"
"1387","La CNMC rebaja un 1,44% las tarifas aeroportuarias de Aena para 2020","La CNMC","pos","neu","pos","True","False","test"
"1388","BBVA sube un 7,46% tras anunciar recompras de acciones por hasta 3.500 millones","BBVA","pos","neu","pos","True","False","test"
"1389","Econonomía/Iberoamérica.- Una delegación de empresas catalanas buscará nuevas alianzas comerciales en Chile","delegación de empresas catalanas","pos","pos","neu","True","False","test"
"1390","La AIReF, sorprendida por una rebaja de cuatro décimas en su previsión de déficit, al 7,3% del PIB, por la recaudación.","AIReF","neg","neu","neu","True","False","test"
"1391","El Gobierno ofrece 92 millones en ayudas para la digitalización de ayuntamientos","la digitalización de ayuntamientos","pos","neu","pos","True","False","test"
"1392","Brexit: la incertidumbre persiste, dice la City","Brexit","neg","neg","neg","True","False","test"
"1393","Alicante lidera la caída de créditos y depósitos a particulares ","Alicante","neg","neg","neg","True","False","test"
"1394","Real IS aumenta sus compromisos de inversión de capital en 2021 por encima de","Real IS","pos","neu","pos","True","False","test"
"1395","El FCBarcelona_es lleva a la Fiscalía una serie de conductas con ""relevancia penal"" y cuyo daño económico cifra en más de 30 millones.","FCBarcelona_es","neg","neu","neg","True","False","test"
"1396","El Ibex abre con una subida del 0,77%, hasta los 8.687,7 puntos.","Ibex","pos","neu","pos","True","False","test"
"1397","Sus ventas pasaron de 8 millones en 2020 a 17,5 en 2021: hablamos del líder de la carne vegetal en España","líder de la carne vegetal en España","pos","neu","neu","True","False","test"
"1398","Los bancos y los bonistas controlarán un 95% de Isolux tras el rescate","Los bancos","pos","neu","neu","True","False","test"
"1399","BlackRock aumenta su participación en Cellnex hasta el 5,2%","BlackRock ","pos","neu","neu","True","False","test"
"1400","La luz dispara la inflación un 4% anual, su mayor cota desde 2008.","luz","pos","neg","neg","True","False","test"
"1401","Se reducen trámites y se mejora la facturación de empresas","empresas","pos","pos","pos","True","False","test"
"1402","Blue Sea Hoteles, Silken y Vincci Hoteles piden ayuda al fondo de Sepi ","Blue Sea Hoteles, Silken y Vincci Hoteles","neg","neu","neg","True","False","test"
"1403","Huawei lo apuesta todo a la fotografía con sus nuevos smartphones","Huawei","pos","neu","pos","True","False","test"
"1404","Zapatos biodegradables hechos con fibra de plátano ‘made in spain’","Zapatos biodegradables","pos","neu","pos","True","False","test"
"1405","El alto tribunal evalúa ""la nulidad"" de ""la gestión, liquidación, recaudación e inspección de los tributos"" en aquellos municipios que hayan incumplido su obligación de crear un tribunal económico-administrativo local.","municipios","neg","neg","neu","True","False","test"
"1406","El Sabadell cierra el acuerdo para el despido de 1.605 empleados más, el 11% de la plantilla","Sabadell","neg","neu","neg","True","False","test"
"1407","Deliverect simplifica la gestión de pedidos online para más de 20.000 locales de 40 mercados","Deliverect","pos","neu","neu","True","False","test"
"1408","El banco central turco interviene en el mercado de divisas tras una caída histórica","banco central turco","neg","neu","neg","True","False","test"
"1409","Bankinter bonifica planes de pensiones con abono en efectivo de hasta el 4 %","Bankinter","pos","neu","pos","True","False","test"
"1410","WWP: ""La industria del deporte nunca ha estado mejor""","La industria del deporte","pos","neu","neu","True","False","test"
"1411","Cataluña pedirá prestados 12.662 millones al FLA en 2022","Cataluña","pos","neu","pos","True","False","test"
"1412","Las empresas que retrasen los pagos de sus facturas no tendrán acceso a subvenciones ni a contratación pública. Un artículo de EduOrtegasoc","empresas ","neg","neu","neg","True","False","test"
"1413","Singular Bank amplía capital en 15 millones de euros para cubrir pérdidas y mantener su ratio de capital, por RubeEscudero","Singular Bank","pos","neu","neu","True","False","test"
"1414","Los beneficios de General Motors aumentaron un 55,8% en 2021 ","General Motors","pos","neu","pos","True","False","test"
"1415","Iberdrola y la sueca H2 Green Steel construirán una planta de hidrógeno verde en la península Ibérica","Iberdrola y la sueca H2 Green Steel","pos","neu","pos","True","False","test"
"1416","Las oficinas de Consumo en Aragón realizaron 76.000 atenciones en 2019","oficinas de Consumo en Aragón","pos","neu","pos","True","False","test"
"1417","La economía española superará ""con creces"" a sus pares europeos, según Generali Investments","economía española","pos","pos","pos","True","False","test"
"1418","Agricultura, el sector agrario, industria y distribución buscarán salidas a la subida de los costes de producción","Agricultura, el sector agrario, industria y distribución","neg","neu","neg","True","False","test"
"1419","Enagás y Elecnor venden su participación en un gasoducto de México por 154 millones ","Enagás y Elecnor","neg","neu","neu","True","False","test"
"1420","Stellantis Vigo plantea limitar el nuevo ERTE a 75 días laborables durante 2022","ERTE","neu","neu","neg","True","False","test"
"1421","Santader AM aflora una participación del 3% en Renta 4 ","Santader AM","pos","neu","neu","True","False","test"
"1422","Las hoteleras Silken y Vincci piden el rescate a la SEPI.","hoteleras Silken y Vincci","neg","neu","neg","True","False","test"
"1423","La Comisión Europea (CE) presentará su propuesta para introducir una tasa digital en la Unión Europea (UE) antes de final de año.","Unión Europea","neg","neg","neg","True","False","test"
"1424","Los beneficios industriales en China caen un 2,1 % hasta septiembre","beneficios industriales en China","neg","neg","neg","True","False","test"
"1425","Huelga en la mayor compañía minera de Mauritania casi paraliza la actividad","mayor compañía minera de Mauritania","neg","neg","neg","True","False","test"
"1426","Día del Soltero 2021: Alibaba celebra la jornada con más ventas en línea del planeta en su momento más comprometido","Alibaba","pos","neu","neu","True","False","test"
"1427","El presidente de la OPEP dice que el petróleo está demasiado caro","el petróleo","pos","neg","neg","True","False","test"
"1428","Agile Content crece un 160% en 2021 y factura 52 millones ","Agile Content","pos","neg","pos","True","False","test"
"1429","DAZN anuncia una importante subida de precios a partir de febrero en Alemania y Japón, dos de los primeros países en los que empezó a emitir. ¿Y en España?","DAZN","pos","neu","neg","True","False","test"
"1430","GAM compra el 51% de GDH y será el distribuidor principal de Hyster y Yale en España","GAM","pos","neu","neu","True","False","test"
"1431","Boeing recibe un pedido de hasta 50 aviones 737 Max por parte de Qatar Airways","Boeing","neg","neu","neu","True","False","test"
"1432","Grupo Otis lanza una opa de 1.646 millones por el 49,99% que no controla de su filial Zardoya","Grupo Otis","neu","neu","neu","True","False","test"
"1433","LoMásLeído | Las pensiones suben un 2,5% en enero: la mínima se eleva a 10.103 euros anuales y la máxima a 39.468. Nos lo cuenta EduOrtegaso","Las pensiones","pos","neu","pos","True","False","test"
"1434","El Portal de Transparencia de la Junta publicará las retribuciones en 2015 de Vara, los consejeros y altos cargos","Portal de Transparencia de la Junta","pos","neu","pos","True","False","test"
"1435","Miles de personas se manifiestan en varias ciudades contra la reforma de las pensiones","ciudades","neg","neu","neg","True","False","test"
"1436","El director de producto y diseño del fabricante danés de cocinas y baños confirma que hay una tendencia hacia diseños de alta calidad y funcionales","fabricante danés de cocinas","pos","neu","pos","True","False","test"
"1437","RT rubenesteller: El Tribunal de Cuentas avala subir los impuestos a los carburantes 'sucios'  via elEconomistaes","impuestos a los carburantes 'sucios' ","neg","neu","neg","True","False","test"
"1438","Banco Mediolanum distribuirá entre sus clientes los seguros de salud de Mapfre","sus clientes","pos","neu","pos","True","False","test"
"1439","Iberdrola alcanzará los 900 MW de almacenamiento en baterías","Iberdrola ","pos","neu","neu","True","False","test"
"1440","Merck sube en 2018 el beneficio neto un 29,5 % tras desinversiones","Merck","pos","neu","neu","True","False","test"
"1441","El sector TIC mejora sus expectativas de actividad en el corto plazo, según Vass y Ceprede","El sector TIC","pos","pos","pos","True","False","test"
"1442","Pallete (Telefónica) ganó 5,37 millones en 2019, un 0,6% menos que en 2018","Pallete","neg","neu","neu","True","False","test"
"1443","La inflación empieza el 2022 en el 6% tras bajar cinco décimas en enero por el abaratamiento de la luz","inflación","neg","pos","pos","True","False","test"
"1444","Competencia del Reino Unido denuncia la compra de Giphy por parte de Facebook, ya que podría perjudicar a usuarios y anunciantes.","Facebook","neg","neu","neg","True","False","test"
"1445","Malos tiempos para el inversor más conservador en renta fija","el inversor más conservador en renta fija","neg","neu","neg","True","False","test"
"1446","Un Black Friday más caro y con menos descuentos por la escasez global de productos","Black Friday","neg","neu","neg","True","False","test"
"1447","Coca-Cola European Partners gana un 54,5% menos en 2020","Coca-Cola European Partners","neg","neu","neu","True","False","test"
"1448","Alza Real Estate diluye al 14,3% su participación en el capital de Urbas ","Urbas","neg","neu","neg","True","False","test"
"1449","Yolanda Díaz califica como ""obscenas"" las retribuciones de los directivos del Ibex 35 ","retribuciones","neg","neg","neg","True","False","test"
"1450","Hacienda cambia el criterio para repartir el fondo de 16.000 millones a las CCAA","Hacienda","pos","neu","pos","True","False","test"
"1451","La inversión en I+D gana peso en España durante la pandemia, pero ralentiza su crecimiento. Informa disruptores_in","La inversión","pos","neu","pos","True","False","test"
"1452","En las últimas semanas, ya ha comenzado una batalla en los supermercados: subir los precios lo menos posible.","supermercados","pos","neu","neg","True","False","test"
"1453","La crisis del coronavirus retrasa el estreno de la última película de James Bond","crisis del coronavirus","neg","neg","neg","True","False","test"
"1454","Los directivos de Sareb verán limitado su sueldo","Los directivos de Sareb","neg","neu","neu","True","False","test"
"1455","La inflación se dispara en diciembre al 6,7%, el mayor nivel en casi tres décadas","inflación","neg","neg","neg","True","False","test"
"1456","WallStreet extiende su rebote pero el Nasdaq cae un 10% en enero","Nasdaq","neg","neg","neg","True","False","test"
"1457","Ebro Foods vende el negocio de pasta seca de Panzani a CVC Partners por 550 millones ","Ebro Foods","pos","neu","pos","True","False","test"
"1458","El Supremo obliga a Bankia a indemnizar a los inversores institucionales por la salida a Bolsa. Lo cuenta Raquel Lander en ","Bankia","neg","neu","pos","True","False","test"
"1459","Opdenergy lanza pagarés verdes siete meses después del fiasco de su salida a bolsa","Opdenergy ","neu","neu","pos","True","False","test"
"1460","Autorizan a la startup vasca de biotecnología Aleovitro a investigar nuevos usos farmacológicos del cannabis, en disruptores_inn","Aleovitro","pos","neu","neu","True","False","test"
"1461","Las administraciones recuperan un proyecto que descartaron para Nissan tras el ‘no’ de Great Wall","administraciones","pos","neu","pos","True","False","test"
"1462","Las ventas de grandes empresas y pymes en el tercer trimestre siguen por debajo de los niveles prepandemia","ventas de grandes empresas y pymes","neg","neu","neg","True","False","test"
"1463","El Gobierno invertirá 1.200 millones en la línea de AVE entre Burgos y Vitoria","la línea de AVE entre Burgos y Vitoria","pos","neu","pos","True","False","test"
"1464","Los bancos del Ibex estropean gravemente su aspecto técnico: ¿alguno se salva de la quema?","bancos del Ibex","neg","neu","neg","True","False","test"
"1465","Cada extremeño gastará de media 11,3 euros en el sorteo de El Niño","Cada extremeño","pos","neu","neu","True","False","test"
"1466","Actualización | El bitcoin remonta hasta 46.000 tras tres días de caídas en el cierre de su mejor año","bitcoin","pos","neu","pos","True","False","test"
"1467","La lira turca marca un nuevo mínimo tras perder casi un 30% en un mes ","lira turca","neg","neu","neg","True","False","test"
"1468","Las contrataciones para la campaña de rebajas de Navidad de 2022 superarán a las de antes de la pandemia, según Randstad","contrataciones","pos","neu","pos","True","False","test"
"1469","Alphabet ganó 76.033 millones de dólares en 2021, casi el doble que en 2020 ","Alphabet","pos","neu","pos","True","False","test"
"1470","La bolsa de Sao Paulo encadena tercera caída consecutiva en jornada volátil","La bolsa de Sao Paulo","neg","neg","neg","True","False","test"
"1471","InbestMe rebaja de nuevo las comisiones de sus carteras de fondos indexados","InbestMe","neg","neu","pos","True","False","test"
"1472","Arranca el proyecto de AVE entre Burgos y Vitoria, que costará 1.200 millones ","proyecto de AVE","pos","neu","pos","True","False","test"
"1473","Empresas Energía | El banco estadounidense, junto a Swiss Life y Covalis, ejerce su opción para hacerse con las acciones de Adic por 250 millones. Informa RcasadoRoberto","banco estadounidense, junto a Swiss Life y Covalis","pos","neu","pos","True","False","test"
"1474","Neflicofrades, el Netflix de los cofrades que vendía VHS en El Corte Inglés ya tiene 1.000 suscriptores","Neflicofrades","pos","neu","neu","True","False","test"
"1475","La inflación se nos comerá el Presupuesto (y ya lo avisé), la opinión de JRPinArboledas","Presupuesto","neg","neg","neg","True","False","test"
"1476","CaixaBank celebra el décimo aniversario de su presencia en el centro y sudeste de Asia con cifras de negocio récord","CaixaBank","pos","neu","neu","True","False","test"
"1477","Incremento de sueldos en Gullón","sueldos","neg","neg","pos","True","False","test"
"1478","Xiaomi distribuye la OTA que soluciona la vulnerabilidad presente en los patinetes Mi Electric Scooter","Xiaomi","pos","pos","pos","True","False","test"
"1479","La inmobiliaria de Isak Andic, propietario de Mango, entró en pérdidas en 2020 por la pandemia","Isak Andic","neg","neu","neg","True","False","test"
"1480","Santander y Mastercard lanzan una pulsera de pago 'contactless'","pulsera de pago 'contactless'","pos","neu","pos","True","False","test"
"1481","Iberdrola inicia este lunes su gran planta fotovoltaica en Usagre (Badajoz)","Iberdrola","pos","neu","pos","True","False","test"
"1482","Merlin gana 262 millones, el 45,4 % menos, tras los extraordinarios de 2018","Merlin","pos","neu","neu","True","False","test"
"1483","El litro de gasolina de 95 octanos se ha apreciado un 26,2% y el de gasóleo un 27,6% en lo que va de año.","El litro de gasolina","pos","neg","neg","True","False","test"
"1484","Ferrovial recorta más de un 90 % sus números rojos hasta 6 millones","Ferrovial","pos","neu","neu","True","False","test"
"1485","Evergrande se dispara en Bolsa tras anunciar un acuerdo para pagar parte de su deuda","Evergrande","pos","neu","pos","True","False","test"
"1486","Alierta presume de su viejo Nokia: ""Soy el único libre, ni Google, ni Apple ni Facebook saben mi vida""","Alierta","pos","neu","neg","True","False","test"
"1487","La Bolsa de París baja un 0,09 % a la apertura","La Bolsa de París","neg","neg","neg","True","False","test"
"1488","El cava prevé igualar en 2021 las ventas pre-Covid ","cava","pos","neu","neu","True","False","test"
"1489","Sareb factura 1.090 millones hasta junio, aunque engrosa sus pérdidas un 73%.","Sareb","pos","neu","neu","True","False","test"
"1490","Gazprom retrasa sus entregas de gas a Alemania","Alemania","neg","neg","neg","True","False","test"
"1491","S&amp;P mejora los rátings de BBVA y CaixaBank ","BBVA y CaixaBank","pos","neu","pos","True","False","test"
"1492","El Gobierno dará hasta 900 millones en ayudas a la planta de baterías","planta de baterías","pos","neu","pos","True","False","test"
"1493","Banco Santander llevará su modelo de oficina 'Work Café' a Barcelona a finales de febrero","Banco Santander","pos","neu","neu","True","False","test"
"1494","Amancio Ortega, enemigo del pueblo según Podemos, ha pagado 11.000 millones en impuestos desde 2014","Amancio Ortega","neu","pos","pos","True","False","test"
"1495","El Banco de España ha sido concluyente: la economía española no va a crecer lo que estaba previsto. ","economía española","neg","neg","neg","True","False","test"
"1496","Volkswagen era consciente del fraude de las emisiones semanas antes de lo admitido","Volkswagen","neg","neu","neg","True","False","test"
"1497","La OCDE rebaja las previsiones de crecimiento para España y aparca la plena recuperación a 2023","España","neg","neg","neg","True","False","test"
"1498","Bear Stearns eleva Telefónica y Móviles hasta ""sobreponderar""","Bear Stearns","pos","pos","neu","True","False","test"
"1499","Moody's hunde más a OHL en 'bono basura' tras sus ""pobres resultados"" trimestrales","Moody's","neg","neu","neu","True","False","test"
"1500","RSC.- Fundación 'Integra' pide ""concienciación ""a los responsables de RRHH de las empresas en los procesos de selección","Fundación 'Integra'","pos","pos","pos","True","False","test"
"1501","La recaudación por el impuesto de hidrocarburos creció un 10,6% hasta octubre","impuesto de hidrocarburos","pos","neu","neg","True","False","test"
"1502","Bitpanda invertirá diez millones de euros en un 'hub' tecnológico en Barcelona
Via FundsnewsBM","hub' tecnológico en Barcelona","pos","neu","pos","True","False","test"
"1503","España recibe los 10.000 millones del primer tramo del fondo de recuperación de la Unión Europea","España","pos","pos","pos","True","False","test"
"1504","LoMásLeído | España afronta la peor cuesta de enero en 30 años con la inflación desbocada por la luz, los alimentos y los test Covid, por maria_vega_","España","neg","neg","neg","True","False","test"
"1505","Dónde invertir en bolsa este viernes: Cellnex, Endesa, Indra y Siemens Gamesa","bolsa","neu","neu","neu","True","False","test"
"1506","El Banco de España considera imprudente subir los impuestos y el 0,9% a pensionistas y funcionarios","Banco de España","neg","neu","neu","True","False","test"
"1507","Celaá ve la FP como ""la joya de la corona"" y firma un acuerdo con Samsung para paliar la falta de habilidades digitales","Celaá","pos","pos","pos","True","False","test"
"1508","España ha dejado de ingresar 11.000 millones de euros por resoluciones no ejecutadas. ""La Administración de Justicia española es una de las peores de Europa en la ejecución de sentencias"". Por Víctor Moreno en ","España","neg","neg","neg","True","False","test"
"1509","Las aerolíneas como Air Europa tendrán muchas dificultades este año, según Scope","aerolíneas","neg","neu","neg","True","False","test"
"1510","El Gobierno destina 175 millones al Covax para la lucha contra el Covid","Covax","pos","pos","pos","True","False","test"
"1511","El precio medio de la vivienda nueva en Madrid capital se ha situado en 3.802 euros/m2","precio medio de la vivienda nueva en Madrid capital","pos","neg","neg","True","False","test"
"1512","Novartis llega a un acuerdo para comprar The Medicines Company por 8.805 millones de euros","Novartis","pos","neu","neu","True","False","test"
"1513","El precio del bitcoin vive su particular día de la marmota: casi igual que hace un año","precio del bitcoin","pos","neu","pos","True","False","test"
"1514","El precio de la electricidad se incrementará este miércoles, un 73,5% para situarse en 181,09 euros/megavatio hora.","precio de la electricidad","pos","neg","neg","True","False","test"
"1515","Iberdrola se va de Siemens Gamesa: cierra la venta de su 8% por 1.100 millones","Iberdrola","pos","neu","neu","True","False","test"
"1516","Así afectan las elecciones de EEUU a la Bolsa española","elecciones de EEUU","pos","neu","neu","True","False","test"
"1517","Las acciones de ArcelorMittalES suben un 2,5% en Bolsa tras conocerse sus beneficios del último trimestre.","Las acciones de ArcelorMittalES","pos","neu","pos","True","False","test"
"1518","Telefónica gana un 50% menos hasta septiembre tras reestructurar su plantilla","Telefónica","neg","neu","neg","True","False","test"
"1519","Ante el preocupante aumento de la desigualdad de ingresos","desigualdad de ingresos","neg","neg","neg","True","False","test"
"1520","La pionera del 'fracking' se declara en quiebra","pionera del 'fracking'","neg","neu","neu","True","False","test"
"1521","Los hoteleros impugnan los pliegos del Imserso por ""lesionar gravemente"" sus intereses","pliegos del Imserso","neg","neg","neu","True","False","test"
"1522","En la calle a la espera del Ingreso Mínimo Vital","Ingreso Mínimo Vital","neg","neu","neg","True","False","test"
"1523","La compañía textil propietaria de Cortefiel_es o womensecret cerró el primer semestre de su año fiscal acelerando en la recuperación de los ingresos previos a la pandemia.","Cortefiel_es o womensecret","pos","neu","neu","True","False","test"
"1524","Vodafone se dispara más de un 6% en bolsa tras los rumores de su fusión en Italia con Iliad","Vodafone","pos","neu","pos","True","False","test"
"1525","Abante reitera su apuesta por las bolsas aunque reduce el riesgo de sus carteras","Abante","neu","neu","neu","True","False","test"
"1526","Las tarifas aeroportuarias de Aena van quedar congeladas entre 2022 y 2026.","tarifas aeroportuarias de Aena","neg","neu","neu","True","False","test"
"1527","Bankinter repartirá en dividendos 46 millones el 30 de diciembre ","Bankinter","pos","neu","pos","True","False","test"
"1528","La estación de esquí del Pirineo leridano facturó apenas 13 millones de euros en el ejercicio 2020-2021 por las limitaciones derivadas del coronavirus. ","estación de esquí del Pirineo leridano","neg","neu","neu","True","False","test"
"1529","No habrá fondos europeos en 2022 sin reforma laboral","fondos europeos","neg","neg","neg","True","False","test"
"1530","El líder de Samsung no se libra de los juzgados","El líder de Samsung","neg","neu","neu","True","False","test"
"1531","Inditex recupera en Bolsa el valor previo al nombramiento de Marta Ortega como presidenta","Inditex","pos","neu","pos","True","False","test"
"1532","El Gobierno amplía a 1.000 millones de capitalización el techo para las cotizadas en BME Growth","El Gobierno","pos","pos","neu","True","False","test"
"1533","Seat cerrará la planta de Martorell cinco días por falta de semiconductores","planta de Martorell","neg","neu","neg","True","False","test"
"1534","“En el sector financiero, el Brexit será una nota a pie de página dentro de 20 años”","Brexit","neg","neu","neg","True","False","test"
"1535","Macy’s se apunta al auge del deporte y firma un acuerdo con Fanatics para su tienda online","Macy’s","pos","pos","neu","True","False","test"
"1536","Un ataque informático obliga a paralizar la principal planta de la cervecera Damm","Damm","neg","neu","neg","True","False","test"
"1537","El 47% del bono del Tesoro español fue suscrito por fondos de pensiones y aseguradoras.","Tesoro español","pos","neu","neu","True","False","test"
"1538","El Nikkei lidera las subidas en Asia, con el banco central de Australia otra vez bajo el foco","Nikkei ","pos","neu","pos","True","False","test"
"1539","Banco Sabadell vende su negocio de renting de vehículos por 59 millones de euros","Banco Sabadell","pos","neu","neu","True","False","test"
"1540","HomeAway, filial española del grupo turístico Expedia, ganó 1,6 millones a pesar de la pandemia","HomeAway","pos","neu","pos","True","False","test"
"1541","Nueva línea de financiación 'verde' de 107 millones con Societé Générale.","Societé Générale","pos","neu","pos","True","False","test"
"1542","La Fiscalía aprecia defectos en la actuación del Banco de España en Bankia","Banco de España","neg","neg","neu","True","False","test"
"1543","Los transportistas desconvocan el cierre patronal tras llegar a un acuerdo con el Gobierno","transportistas ","pos","neu","pos","True","False","test"
"1544","El déficit público se reduce un 31% hasta el 4,5% del PIB","El déficit público","pos","pos","pos","True","False","test"
"1545","La Agencia Tributaria vigila en especial el alto uso de dinero en efectivo: OJO, si perteneces a ciertos sectores","Autónomos ","neg","neu","neu","True","False","test"
"1546","La compra de Air Europa por Iberia, al borde de la ruptura","Iberia","neg","neu","neu","True","False","test"
"1547","Cimic gana 90 millones en el primer trimestre, un 5% más","Cimic","pos","neu","neu","True","False","test"
"1548","desdelamoncloa avanza cambios en la tarifa regulada (PVPC) para tratar de estabilizar la factura de la luz y descarta una intervención pública del mercado. Teresaribera mitecogob","la factura de la luz","pos","pos","pos","True","False","test"
"1549","Línea Directa pagará 25,3 millones en dividendos el 23 de diciembre ","Línea Directa","pos","neu","pos","True","False","test"
"1550","Apertura | El Ibex despierta con subidas del 0,54%, hasta los 8.773 puntos","Ibex","pos","neu","pos","True","False","test"
"1551","Botín compra opciones para adquirir 2,16 millones de acciones de Santander","Botín ","pos","neu","neu","True","False","test"
"1552","La Bolsa de Buenos Aires abre con un avance del 0,12 %","La Bolsa de Buenos Aires","pos","pos","pos","True","False","test"
"1553","En el nuevo barrio de Los Cerros en Madrid están previstas más de 14.276 viviendas y conllevará una inversión de 3.000 millones.","nuevo barrio de Los Cerros en Madrid","pos","neu","pos","True","False","test"
"1554","División de opiniones entre las CCAA sobre la decisión de Hacienda de dar un mayor margen de déficit tras negar los fondos del IVA","Hacienda","neg","neu","neg","True","False","test"
"1555","El mercado castiga al BBVA por su inversión en Turquía pese a anunciar una subida del dividendo","BBVA","neg","neu","neu","True","False","test"
"1556","Los ingresos por primas están a la baja desde 2020. ","Los ingresos por primas","neg","pos","pos","True","False","test"
"1557","Nissan ha recibido 179 millones de ayudas públicas desde 2009, según comité","Nissan","pos","neu","neu","True","False","test"
"1558","La facturación trimestral del grupo PSA baja un 1,1 % interanual","grupo PSA","neg","neu","neu","True","False","test"
"1559","Los riesgos económicos ante la repetición electoral de noviembre","Los riesgos económicos","neg","neg","neg","True","False","test"
"1560","Endesa anuncia que abandonará el negocio del gas antes de 2040, para cuando adelanta la plena descarbonización","Endesa","pos","neu","pos","True","False","test"
"1561","La inflación sube en la eurozona en enero hasta el 5,1% ","inflación","neg","neg","neg","True","False","test"
"1562","IFM vuelve a reforzar posiciones en Naturgy hasta alcanzar un 12%","IFM","pos","neu","pos","True","False","test"
"1563","Acciona ve imposible adjudicar el contrato de ATLL a Agbar","Acciona","neg","neg","neu","False","True","train"
"1564","Los sindicatos europeos quieren que Ryanair no sea Ryanair","Los sindicatos europeos","pos","neg","pos","False","True","train"
"1565","Nuestro objetivo es conseguir que la energía renovable pueda llegar a todo el mundo","la energía renovable","pos","neu","pos","False","True","train"
"1566","Merck sube en 2018 el beneficio neto un 29,5 % tras desinversiones","Merck","pos","neu","neu","False","True","train"
"1567","La AEB defiende la solvencia de los bancos","La AEB","pos","pos","neu","False","True","train"
"1568","España es el tercer país de la UE donde más cae el paro, aunque sigue creciendo el de larga duración","España","pos","pos","pos","False","True","train"
"1569","Las altas de autónomos subieron un 6,4% hasta septiembre y las bajas cayeron un 13,2%","altas de autónomos","pos","neu","neu","False","True","train"
"1570","La publicidad emitida en TV cae casi un 12% en el tercer trimestre","publicidad emitida en TV","neg","neg","neu","False","True","train"
"1571","Wall Street cierra plana para celebrar el segundo aniversario de mercado alcista","Wall Street","pos","neu","neu","False","True","train"
"1572","Nuevo parque eólico en Estados Unidos","Nuevo parque eólico","pos","pos","pos","False","True","train"
"1573","GE califica de ""positiva"" la reunión con Hollande sobre Alstom","GE","pos","pos","neu","False","True","train"
"1574","Cofares rompe su techo histórico de facturación y aumenta su cuota de mercado","Cofares","pos","neg","neu","False","True","train"
"1575","Sólo el PSOE se enroca en mantener la subida del impuesto de matriculación","PSOE","neg","neg","neg","False","True","train"
"1576","La Generalitat gestionará los terrenos de BCN World mientras se concretan inversores","La Generalitat","pos","pos","neu","False","True","train"
"1577","Plus500 resiste a la Covid y multiplica casi por cuatro sus ingresos del primer semestre","Plus500","pos","neu","neu","False","True","train"
"1578","La ley de sociedades profesionales se retrasa de nuevo en el Congreso","ley de sociedades profesionales","neg","neg","neu","False","True","train"
"1579","AMLO recuerda la solución de mercadotecnia de Alazraki contra Morena y rechazan campaña publicitaria","AMLO","neg","neu","neu","False","True","train"
"1580","Volkswagen introducirá el filtro de partículas en los motores de gasolina a partir de 2017","Volkswagen","pos","neu","pos","False","True","train"
"1581","“Es importante lo que está sucediendo en España con el mercado Growth”","mercado Growth","pos","pos","pos","False","True","train"
"1582","Acciona contraataca y recurre ante el TSJC su exclusión del concurso de ATLL","Acciona","pos","neu","neu","False","True","train"
"1583","Inditex, Mercadona y Santander, las empresas con mejor reputación corporativa en España","Inditex","pos","neu","neu","False","True","train"
"1584","Un vicepresidente de Santander presidirá Lloyds of London","vicepresidente de Santander","pos","neu","neu","False","True","train"
"1585","Reunión de la Fed: tipos estables y un discurso prudente con una pizca de optimismo","Reunión de la Fed","pos","pos","neu","False","True","train"
"1586","Alquilar un piso compartido en Aragón cuesta de media de 252 euros al mes","Alquilar un piso compartido","neg","neu","neg","False","True","train"
"1587","Renfe pierde 480 millones tras un año sin apenas viajeros en el AVE","Renfe","neg","neu","neu","False","True","train"
"1588","Los índices de Alemania, mixtos al cierre; el DAX avanza un 0,82%","Los índices de Alemania","neu","neu","neu","False","True","train"
"1589","Goldman Sachs adquiere NN Investment Partners por 1.600 millones de euros","Goldman Sachs","pos","neu","neu","False","True","train"
"1590","El Ibex se desmarca con caídas, pero salva los 7.100 puntos","El Ibex","pos","pos","pos","False","True","train"
"1591","Las pretensiones de EEUU de una mayor regulación abren un horizonte de más 'bandazos' en las criptomonedas","Las pretensiones de EEUU","neg","neg","neu","False","True","train"
"1592","Latam prevé operar a 72% de capacidad en enero, pero condicionado al avance de ómicron","Latam","pos","neu","neu","False","True","train"
"1593","ArcelorMittal paraliza su planta de Olaberría-Bergara por el elevado coste de la energía","ArcelorMittal","neg","neu","neg","False","True","train"
"1594","7 grandes retos a los que se enfrenta el CEO de Disney, Bob Chapek, tras la marcha de Bob Iger","CEO de Disney","neg","neu","neu","False","True","train"
"1595","Virginia Rometty será la primera consejera delegada de IBM","Virginia Rometty","pos","neu","pos","False","True","train"
"1596","AENA trabaja con el fondo First State para pujar por el aeropuerto de Sofía","AENA","pos","neu","neu","False","True","train"
"1597","La CEOE pide un pacto de estado para impulsar la industria","La CEOE","pos","pos","neu","False","True","train"
"1598","FIAL acoge 1.300 reuniones entre expositores y compradores","FIAL","pos","pos","pos","False","True","train"
"1599","La confianza empresarial cae en Alemania en septiembre por quinto mes","La confianza empresarial","neg","neg","neu","False","True","train"
"1600","Consejera Trabajo en Holanda: ""Cuidado con las trampas laborales en la red""","Consejera Trabajo en Holanda","neu","neu","neu","False","True","train"
"1601","El activismo climático veta al gas","gas","neg","neg","neu","False","True","train"
"1602","El Ibex enfila su peor semana en un año por el miedo a las nuevas restricciones en Europa","El Ibex","neg","neg","neg","False","True","train"
"1603","Muestran la existencia de la brecha salarial con esta campaña por el 8M","existencia de la brecha salarial","neg","neu","neg","False","True","train"
"1604","15 negocios muy raros con un éxito que nadie hubiera imaginado","15 negocios muy raros","pos","neu","neu","False","True","train"
"1605","Tenemos una interpretación diferente a la Cofece: BBVA","la Cofece","neg","neu","neu","False","True","train"
"1606","Ryanair dejará de operar en el Aeropuerto de Alguaire a partir de junio","Ryanair","neg","neu","neu","False","True","train"
"1607","El Covid-19 recorta en 2.150 millones el beneficio de las cotizadas catalanas","El Covid-19","neg","neg","neu","False","True","train"
"1608","Un 92% de las empresas que deberían por ley tener un plan de igualdad no lo tiene","92% de las empresas","neg","pos","neg","False","True","train"
"1609","La Junta de Andalucía estudia ampliar la hora del cierre de la hostelería a petición del sector","La Junta de Andalucía","pos","pos","pos","False","True","train"
"1610","Una directiva con burbujas en la sangre","Una directiva","neg","neu","neu","False","True","train"
"1611","España cumple con el guión de Merkel y Sarkozy en poco más de una semana","España","pos","neu","neu","False","True","train"
"1612","El comité de Tubacex se abre ahora a negociar con la empresa sin condiciones","comité de Tubacex","pos","pos","neu","False","True","train"
"1613","Los analistas apuntan a que Telefónica bajará el dividendo para mejorar su posición financiera","Telefónica","pos","neu","neu","False","True","train"
"1614","Abengoa coloca 66 millones en bonos para financiar una línea eléctrica en Brasil","Abengoa","pos","pos","pos","False","True","train"
"1615","El número de desempleados aumenta en 932 personas en octubre","número de desempleados","neg","neg","neg","False","True","train"
"1616","Chollos de Ikea para renovar tu hogar por menos de cinco euros","Chollos de Ikea","pos","neu","pos","False","True","train"
"1617","Economía/Bolivia.- Gómez Navarro dice que la decisión de Morales no provocará un ""cataclismo"" en las empresas españolas","la decisión de Morales","pos","pos","pos","False","True","train"
"1618","Codere pide 100 millones más a sus bonistas y estudia capitalizar parte de su deuda","Codere","pos","neg","neu","False","True","train"
"1619","FCC duplica su cartera en Costa Rica tras lograr 2 contratos por 70 millones de euros","FCC","pos","neu","neu","False","True","train"
"1620","Bear Stearns eleva Telefónica y Móviles hasta ""sobreponderar""","Bear Stearns","pos","pos","neu","False","True","train"
"1621","Madrid negocia con Economía para poder destinar las viviendas del 'banco malo' a desahuciados","Madrid","pos","neu","pos","False","True","train"
"1622","Isern Patentes y Marcas presenta un ERTE","Isern Patentes y Marcas","neg","neu","neg","False","True","train"
"1623","Rebajas en Bershka: 8 vestidos preciosos para fardar de estilo","Bershka","neg","neu","pos","False","True","train"
"1624","La CNMV advierte sobre el 'chiringuito' Plus Trades","La CNMV","pos","neu","neu","False","True","train"
"1625","El dólar blue cayó en la primera rueda del año","dólar blue","neg","pos","neu","False","True","train"
"1626","Telefónica corrige su subida anual y encara 2022 con los analistas divididos","Telefónica","neg","neu","neu","False","True","train"
"1627","El Gobierno Vasco propone quitar primas y complementos de las nóminas de los funcionarios","El Gobierno Vasco","pos","neu","pos","False","True","train"
"1628","El vaivén de Donald Trump con los aranceles de China sacude todas las bolsas mundiales","vaivén de Donald Trump","neg","neg","neg","False","True","train"
"1629","Con las cuotas a vueltas","las cuotas","neg","neg","neg","False","True","train"
"1630","EDreams coloca una emisión de bonos de 325 millones de euros","EDreams","pos","pos","pos","False","True","train"
"1631","Hacienda premia a la 'España vacía' con su futuro sistema de financiación","España vacía","pos","pos","pos","False","True","train"
"1632","Iglesias coloca un vicario en la negociación de los Presupuestos","Iglesias","neg","neu","neg","False","True","train"
"1633","Vuelve el vértigo a los inversores en IAG y las aerolíneas europeas","inversores en IAG","neg","neu","neu","False","True","train"
"1634","Brasil calcula que recibirá 20.000 millones de dólares por la privatización de Eletrobras","Brasil","pos","neu","neg","False","True","train"
"1635","Thomas Cook cae un 14,72 % en Bolsa tras multiplicar por seis sus pérdidas","Thomas Cook","neg","neu","neu","False","True","train"
"1636","Los titanes digitales chinos caen en Bolsa por el cerco de Pekín","titanes digitales chinos","neg","neu","neu","False","True","train"
"1637","Catalunya Banc y Novagalicia Banco baten a Bankia en ayudas públicas","Catalunya Banc","pos","neg","pos","False","True","train"
"1638","Unicaja reacciona ante un manifiesto de exdirectivos contra Braulio Medel","Unicaja","pos","neu","neu","False","True","train"
"1639","Liberbank fija nuevos objetivos de reducción de activos tóxicos en dos años","Liberbank","pos","neu","neu","False","True","train"
"1640","Los valores de Hódar: Abengoa, OHL, Tubos Reunidos, Tubacex","valores de Hódar","neu","neu","neu","False","True","train"
"1641","«Los índices europeos parecen haber entrado en modo rebote»","índices europeos","neg","neg","neg","False","True","train"
"1642","Tesoro Público finaliza recompra deuda 2006 por 4.386 millones","Tesoro Público","pos","pos","pos","False","True","train"
"1643","Santander abrirá desde este lunes 500 oficinas por la tarde","Santander","pos","neu","pos","False","True","train"
"1644","Montoro anuncia que emprenderá, en plena crisis catalana, la mejora de la financiación autonómica","Montoro","pos","neu","pos","False","True","train"
"1645","Telecom: desregular o regular de forma efectiva","Telecom","neg","neu","neu","False","True","train"
"1646","El marketplace de alquiler de coches Swipcar consigue 1.5M€ para su expansión internacional","Swipcar","pos","neu","neu","False","True","train"
"1647","123tinta confía la logística de sus pedidos a MRW","123tinta","pos","pos","neu","False","True","train"
"1648","Reciba asesoría sobre la declaración informativa de proveedores","declaración informativa de proveedores","neu","neu","neu","False","True","train"
"1649","El presidente de la OPEP dice que el petróleo está demasiado caro","el petróleo","pos","neg","neg","False","True","train"
"1650","Toxo: Europa necesita otro Plan Marshall","Europa","neg","neg","neg","False","True","train"
"1651","El precio de la luz sube levemente este sábado, pero sigue por debajo de los 200 euros/MWh","precio de la luz","neg","neg","neg","False","True","train"
"1652","Consultorio de Fondos con José María Luna, Luna y Sevilla Asesores Patrimoniales","Consultorio de Fondos","neu","neu","neu","False","True","train"
"1653","La tasa de empleo en los países desarrollados cae por vez primera desde 2013","tasa de empleo en los países desarrollados","neg","neg","neg","False","True","train"
"1654","La disolución de empresas se duplicó en junio respecto a mayo","disolución de empresas","neg","neg","neg","False","True","train"
"1655","La Fundación Jiménez Díaz, el mejor hospital de España en la sexta edición del IEH 2021","Fundación Jiménez Díaz","pos","neu","pos","False","True","train"
"1656","Hacienda y las CCAA analizan el jueves la reforma fiscal y los objetivos de déficit","Hacienda","neu","neu","neu","False","True","train"
"1657","Mejores aseguradoras en España 2022","Mejores aseguradoras en España","pos","pos","pos","False","True","train"
"1658","El IDIS reclama que las reversiones en sanidad se justifiquen en ""términos económicos y asistenciales""","El IDIS","pos","neu","pos","False","True","train"
"1659","Dos mercados españoles que ningún gourmet debería perderse","Dos mercados españoles","pos","neu","neu","False","True","train"
"1660","Toyota y Carmera se alían para elaborar mapas en alta definición","Toyota","pos","neu","pos","False","True","train"
"1661","España pierde su segundo arbitraje internacional por el recorte de las primas a las renovables","España","neg","neg","neg","False","True","train"
"1662","Los peligros de financiarse sólo con rondas","rondas","neg","neg","neu","False","True","train"
"1663","La luz anticipa mañana otro récord con España congelada","La luz","neg","neg","neg","False","True","train"
"1664","Nueve de cada diez empresas apostaría por planes de pensiones colectivos con sus empleados con mejores incentivos fiscales","planes de pensiones colectivos","pos","pos","pos","False","True","train"
"1665","Portugal teme que las deudas de Madeira afecten la imagen del país","deudas de Madeira","neg","neg","neg","False","True","train"
"1666","Grifols sacrifica el dividendo hasta 2023 y promete que no acometerá nuevas compras","Grifols","neg","neu","neu","False","True","train"
"1667","Sánchez responde a los pensionistas que blindará la pensión al IPC real","Sánchez","pos","neu","pos","False","True","train"
"1668","La fiscalía investiga a Commerzbank por presunta evasión de impuestos","Commerzbank","neg","neu","neg","False","True","train"
"1669","Italiana Enel abre parque eólico de 150 millones dólares en México","Italiana Enel","pos","neu","pos","False","True","train"
"1670","Farfetch, a doble velocidad: crece un 56% en 2018 pero engorda sus pérdidas","Farfetch","neu","neu","neu","False","True","train"
"1671","Los VTC hacen campaña a dos días del decreto del Gobierno","Los VTC","pos","neu","neg","False","True","train"
"1672","Alcoa ofrece seguir fabricando aluminio en España a cambio de un cese de dos años y rebajas eléctricas","Alcoa","pos","neu","neu","False","True","train"
"1673","Econonomía/Iberoamérica.- Una delegación de empresas catalanas buscará nuevas alianzas comerciales en Chile","delegación de empresas catalanas","pos","pos","neu","False","True","train"
"1674","Cómo son las tiendas relámpago que llegan a la Avenida Santa Fe para paliar la caída de ventas","tiendas relámpago","pos","pos","pos","False","True","train"
"1675","Así hace Bruselas la lista negra de aerolíneas en la Unión Europea","aerolíneas en la Unión Europea","neg","neu","neu","False","True","train"
"1676","Las vacaciones también las fijan los convenios colectivos","Las vacaciones","pos","neu","pos","False","True","train"
"1677","Los máximos del bono y la prima hunden a la banca y al Ibex","Los máximos del bono","neg","neg","neg","False","True","train"
"1678","Airbus reclama lanzar nuevos programas europeos para seguir creciendo","Airbus","pos","neu","neu","False","True","train"
"1679","La voracidad de China con el carbón impulsará aún más los precios de la energía","voracidad de China","neg","neg","neg","False","True","train"
"1680","ConocoPhillips anuncia pérdidas de 3.958 millones y la reducción del dividendo trimestral en un 66%","ConocoPhillips","neg","neu","neu","False","True","train"
"1681","Dapper Labs se convierte en la primera empresa de NFT en registrarse para hacer lobby con el gobierno de EEUU","Dapper Labs","pos","neu","neu","False","True","train"
"1682","El salario mínimo ante la fragilidad empresarial","El salario mínimo","neu","neu","neu","False","True","train"
"1683","Recuperación e inflación, protagonistas de este semestre en los fondos","Recuperación","pos","pos","pos","False","True","train"
"1684","Commerzbank y su posible fusión","Commerzbank","pos","neu","neu","False","True","train"
"1685","CaixaBank reduce a 6.950 las salidas del ERE para alcanzar un acuerdo","CaixaBank","pos","neu","pos","False","True","train"
"1686","Boeing sube en bolsa después de volver a la senda de los beneficios tras dos años","Boeing","pos","neu","neu","False","True","train"
"1687","Ferrovial construirá un tramo del gaseoducto que conecta Noruega, Dinamarca y Polonia por 70 millones","Ferrovial","pos","neu","pos","False","True","train"
"1688","El Gobierno avala las inspecciones sorpresa de Hacienda en los domicilios de particulares y empresas","El Gobierno","pos","pos","pos","False","True","train"
"1689","La fiscalidad del automóvil se atasca en cinco carteras ministeriales","fiscalidad del automóvil","neg","neu","neu","False","True","train"
"1690","Moody's hunde más a OHL en 'bono basura' tras sus ""pobres resultados"" trimestrales","Moody's","neg","neu","neu","False","True","train"
"1691","El FMI urge a Italia y España a pedir el rescate para detener la crisis de deuda","El FMI","pos","neg","neg","False","True","train"
"1692","Economía/Fiscal.- El Congreso rechaza las enmiendas de totalidad contra la reforma fiscal","enmiendas de totalidad","neg","neu","neu","False","True","train"
"1693","China lidera una nueva energía nuclear, limpia y barata, basada en el torio","China","pos","pos","pos","False","True","train"
"1694","Esfera Robotics, un fondo para no perderse la megatendencia de la robotización","Esfera Robotics","pos","neu","pos","False","True","train"
"1695","Con diseño improvisado, crean “al vapor” web de KEI Partners, empresa donde asegura trabajar el hijo de AMLO","KEI Partners,","neg","neu","neu","False","True","train"
"1696","Seis municipios de Valencia y uno de Castellón pagaron la extra de Navidad a los funcionarios","municipios de Valencia","pos","neu","pos","False","True","train"
"1697","Un documental chino muestra que hay vida después de la quiebra de una empresa","documental chino","pos","pos","pos","False","True","train"
"1698","El Tesoro coloca el máximo de deuda previsto y enfría la prima de riesgo","El Tesoro","pos","pos","pos","False","True","train"
"1699","La chocolatera Natra ganó 23 millones de euros en 2018","La chocolatera Natra","pos","neu","neu","False","True","train"
"1700","Correos negocia la compra de Unipost","Correos","pos","neu","neu","False","True","train"
"1701","La OCDE reclamó a la Argentina la sanción de la Ley de Responsabilidad Penal Empresaria","La OCDE","neg","neu","neu","False","True","train"
"1702","El Parlament recorta su presupuesto un 9 por ciento y ahorra otros seis millones","El Parlament","pos","pos","pos","False","True","train"
"1703","Netflix: el empujón inesperado del turismo hacia España","Netflix","pos","pos","pos","False","True","train"
"1704","Criteria alcanza un 1,27% de Telefónica tras invertir 2,85 millones el último mes","Criteria","pos","neu","neu","False","True","train"
"1705","Repsol mejora un 41% su beneficio y gana 1.583 millones de euros","Repsol","pos","neu","neu","False","True","train"
"1706","Ford Almussafes anuncia un nuevo ERTE de 33 días","Ford Almussafes","neg","neu","neg","False","True","train"
"1707","Osborne entra en el mercado de la cerveza artesanal: se alía con la empresa productora líder en Amazon","Osborne","pos","pos","pos","False","True","train"
"1708","En qué consiste el procedimiento preventivo de crisis de empresa","procedimiento preventivo de crisis","neu","neu","neu","False","True","train"
"1709","ACS inicia la negociación de las nuevas acciones del dividendo flexible","ACS","pos","neu","neu","False","True","train"
"1710","Lagarde se niega a cancelar la deuda pública para evitar problemas como los de ""Venezuela, Argentina y Líbano""","Lagarde","pos","pos","pos","False","True","train"
"1711","Allen & Overy y Herbert, las marcas más valoradas de Europa","Allen & Overy","pos","neu","neu","False","True","train"
"1712","Calviño tendrá que revisar a la baja su previsión de crecimiento del PIB antes del martes","Calviño","neg","neg","neg","False","True","train"
"1713","El crédito a las empresas repunta: seguirán demandando financiación tras el verano","crédito a las empresas","pos","pos","neu","False","True","train"
"1714","Economía/Agricultura.- Asaja pide que la retencion de ovejas y cabras acabe un mes antes para evitar ""graves perjuicios""","Asaja","neg","neu","neg","False","True","train"
"1715","Selfridges entra en pérdidas en 2020 antes de cambiar de manos","Selfridges","neg","neu","neu","False","True","train"
"1716","La importancia de un plan estratégico en la 4ª revolución industrial","un plan estratégico","pos","pos","neu","False","True","train"
"1717","Acuerdos comerciales, sinónimo de oportunidades para República Dominicana","Acuerdos comerciales","pos","pos","pos","False","True","train"
"1718","Sparta Sport Center inaugura su nuevo gimnasio en Tudela","Sparta Sport Center","pos","neu","pos","False","True","train"
"1719","La bolsa española supera en 2010 el billón de euros de negociación","La bolsa española","pos","pos","pos","False","True","train"
"1720","El petróleo de Texas cae un 0,6% y cierra en 58,81 dólares el barril","petróleo de Texas","neg","neg","neg","False","True","train"
"1721","Casademont abrirá una fábrica en Norteamérica el próximo año","Casademont","pos","neu","pos","False","True","train"
"1722","Amazon planta cara a El Corte Inglés: entrega en 1 hora alimentos frescos","Amazon","pos","neg","pos","False","True","train"
"1723","Mercadona quiere abrir otras 200 tiendas en España, anuncia Juan Roig","Mercadona","pos","neu","pos","False","True","train"
"1724","Alcoa promete mantener la actividad de la planta de Cervo (Lugo) sin despidos colectivos hasta julio de 2022","Alcoa","pos","neu","pos","False","True","train"
"1725","Los españoles conservan pesetas por valor de 1.624 millones de euros","Los españoles","pos","neu","pos","False","True","train"
"1726","Aragón lidera la disminución del paro en España en términos anuales","Aragón","pos","pos","pos","False","True","train"
"1727","Banco Sabadell supera las previsiones y eleva su beneficio un 11,6% hasta septiembre","Banco Sabadell","pos","neu","neu","False","True","train"
"1728","Tras los descalabros del lunes, el Ibex 35 lanza un claro mensaje de fortaleza","el Ibex 35","pos","pos","pos","False","True","train"
"1729","Presidente del Banco Central de Brasil alerta sobre alza de los precios","alza de los precios","neg","neg","neg","False","True","train"
"1730","El petróleo avista los 82 dólares: la demanda gana a la normalidad en Kazajistán y Libia","El petróleo","pos","neg","neg","False","True","train"
"1731","Los controladores no harán huelga en agosto","Los controladores","neg","pos","pos","False","True","train"
"1732","Una de cada diez empresas cerrará y la mitad entrará en pérdidas","Una de cada diez empresas ","neg","neg","neg","False","True","train"
"1733","Los maquinistas de Renfe convocan cuatro días de huelga en junio","maquinistas de Renfe","neg","neu","neg","False","True","train"
"1734","Este es el servicio que Carrefour ofrece a sus clientes y que la competencia debería imitar ","servicio que Carrefour ofrece","pos","neg","pos","False","True","train"
"1735","Vesuvius se niega a retirar el ERE que afecta a 128 trabajadores","Vesuvius","neg","neu","neg","False","True","train"
"1736","Zara: 10 bolsos chulos en rebajas que puedes comprar por 9,99 euros","Zara","pos","neu","pos","False","True","train"
"1737","Los banqueros del Ibex invierten ocho millones en el sector en pleno caos bursátil","Los banqueros del Ibex","pos","pos","pos","False","True","train"
"1738","Kostarof: Repsol, OHL, BBVA, Caixabank, ASML Holding, Palantir…","Kostarof","neu","neu","neu","False","True","train"
"1739","Un juez deniega a siete controladores extinguir sus contratos con AENA","Un juez","neg","pos","neg","False","True","train"
"1740","Las mujeres cobran de media un 30% menos que los hombres, según Gestha","Las mujeres","neg","pos","neg","False","True","train"
"1741","Los factores que sí se valorarán en el futuro para conseguir un empleo","empleo","neu","neu","neu","False","True","train"
"1742","Intu Costa del Sol, Open Sky y Lagoh añadirán 426.000 m2 en centros comerciales","Intu Costa del Sol","pos","pos","pos","False","True","train"
"1743","El Gobierno de EEUU investiga 11 accidentes supuestamente provocados por el piloto automático de Tesla","piloto automático de Tesla","neg","neu","neg","False","True","train"
"1744","Cinco valores triplican la recuperación del Ibex en los últimos 12 meses","Ibex","pos","pos","pos","False","True","train"
"1745","María José García, responsable del supermercado de Mercadona de Ondara, destaca que la compañía defiende que el talento no entiende de género y que se apuesta por la aptitud y el esfuerzo","Mercadona","pos","neu","pos","False","True","train"
"1746","Los hogares aragoneses podrían ahorrar 158 millones al año en la factura energética","hogares aragoneses","pos","neu","pos","False","True","train"
"1747","IAG estudia una ampliación de capital de hasta 2.750 millones para ""fortalecer"" el balance","IAG","pos","neu","neu","False","True","train"
"1748","Telefónica anuncia el cierre y desembolso de dos emisiones de deuda perpetua por 1.750 millones","Telefónica","neg","pos","neu","False","True","train"
"1749","Huelga la reforma","la reforma","neg","neu","neg","False","True","train"
"1750","La Fundación Cellnex selecciona tres startups para acompañarles en el desarrollo de su proyecto de impacto social","La Fundación Cellnex ","pos","pos","pos","False","True","train"
"1751","­El lado más absurdo del turismo de masas llega al teatro Lliure","turismo de masas","neg","neu","neu","False","True","train"
"1752","Los Xiaomi Mi 11 Ultra y Mi 11i llegan a España para batirse en duelo con lo mejor del mercado: buena cámara, diseño y procesador","Xiaomi Mi 11 Ultra","pos","neg","neu","False","True","train"
"1753","El Ministerio de Transportes aprueba el estudio para la ampliación de Chamartín","Ministerio de Transportes","pos","pos","pos","False","True","train"
"1754","Inditex podría ganar más de un 34% en bolsa este año, según Goldman Sachs","Inditex","pos","neu","neu","False","True","train"
"1755","La Bolsa de México pierde un 0,36 % al inicio de la sesión","Bolsa de México","neg","neg","neg","False","True","train"
"1756","Donald Trump y el Brexit han dejado de ser comparables","Donald Trump y el Brexit","neu","neu","neu","False","True","train"
"1757","El nuevo Renault Mégane R.S ofrecerá un sistema de cuatro ruedas directrices","nuevo Renault Mégane R.S","pos","neu","pos","False","True","train"
"1758","La Cámara de Comercio de Sevilla redobla su esfuerzo en el Área Internacional para ayudar a las empresas","Cámara de Comercio de Sevilla","pos","pos","neu","False","True","train"
"1759","Las concesiones disparan el beneficio de OHL","Las concesiones","pos","pos","neu","False","True","train"
"1760","Gisela Sánchez es reconocida como la primera latinoamericana “Intraemprendedora Social Corporativa”","Gisela Sánchez","pos","neu","pos","False","True","train"
"1761","Central sindical argentina llama a una huelga general el 29 de mayo","Central sindical argentina","pos","neg","neu","False","True","train"
"1762","Elona Capital y EnerHi invertirán en 750 MW solares","750 MW solares","pos","neu","pos","False","True","train"
"1763","BBVA pide igualdad de trato para los planes de pensiones de empresa y los individuales","BBVA","neu","neu","neu","False","True","train"
"1764","Ana García-Oliveros: ""La crisis abre puertas para cambiar el planeta""","La crisis","pos","neu","neu","False","True","train"
"1765","Telefónica negocia traspasar las torres de su filial alemana a Telxius","Telefónica","pos","neu","neu","False","True","train"
"1766","Iberia Express lanza una nueva tarifa 'classic plus' para adaptarse a las nuevas necesidades de los clientes","Iberia Express","pos","neu","pos","False","True","train"
"1767","Privalia aumentó sus ingresos un 90% en 2011, hasta 320 millones","Privalia","pos","neu","neu","False","True","train"
"1768","Ferrovial y Acciona impugnan el principal contrato de Colau","Ferrovial","neg","neu","neu","False","True","train"
"1769","Euríbor: hipotecas nuevas más baratas pero se encarecen las antiguas","Euríbor","pos","pos","pos","False","True","train"
"1770","CAM liquidará toda su cartera industrial: 30 empresas valoradas en casi 200 millones","CAM","neg","pos","neu","False","True","train"
"1771","CCOO avisa que el sistema tendrá una «dudosa relevancia»","CCOO","pos","neg","neg","False","True","train"
"1772","Huawei se lanza a la gran pantalla con el MateBook 16: un portátil de 16 pulgadas con diseño y productividad como grandes bazas","Huawei","pos","neu","pos","False","True","train"
"1773","Calviño ve «absolutamente fundamental» trabajar de forma conjunta en el proceso de digitalización de España","digitalización de España","pos","pos","pos","False","True","train"
"1774","El sector textil cae un 8% en un semestre ""dramático"" en ventas","sector textil","neg","neg","neu","False","True","train"
"1775","CaixaBank se abre a rebajar más los despidos por el ERE","CaixaBank","pos","neu","pos","False","True","train"
"1776","El lobby europeo del capital riesgo tiene nueva presidenta para afrontar un periodo clave","lobby europeo del capital riesgo","pos","neu","neu","False","True","train"
"1777","Los repartidores de Glovo buscan un colapso nacional","repartidores de Glovo","neg","neg","neg","False","True","train"
"1778","Robots y 'start up', la alianza más estratégica","Robots","neu","neu","neu","False","True","train"
"1779","Demandarán al Estado por costos operativos generados por las DJAI","Estado","neg","neg","neg","False","True","train"
"1780","Housers amenaza a la CNMV con ir a Competencia para que cese su trato ""discriminatorio"" con la plataforma","la CNMV","neg","neu","neu","False","True","train"
"1781","La consecuencia de una pérdida de valores","pérdida de valores","neg","neu","neu","False","True","train"
"1782","Noticias sobre el precio de Berkeley Energia","precio de Berkeley Energia","neu","neu","neu","False","True","train"
"1783","El IBEX 35 sube el 0,71 % a mediodía, a punto de alcanzar el nivel de 9.200","El IBEX","pos","pos","pos","False","True","train"
"1784","Cómo funciona el nuevo sistema para liquidar el IVA","sistema para liquidar el IVA","neu","neu","neu","False","True","train"
"1785","Sacyr construirá la primera fase del Plan de Riego de Adelaida del Norte","Sacyr","pos","neu","pos","False","True","train"
"1786","Acciona nombra consejera a una profesora de Harvard","Acciona","neu","neu","neu","False","True","train"
"1787","Las ventas de vehículos de ocasión cae un 9,7% en el primer trimestre del año","ventas de vehículos de ocasión","neg","neu","neu","False","True","train"
"1788","La Fundación Amancio Ortega dona 320 millones a la sanidad pública para luchar contra el cáncer","Fundación Amancio Ortega","pos","neu","pos","False","True","train"
"1789","El mejor programa de gestión para centros de estética en 2021","mejor programa de gestión","pos","pos","neu","False","True","train"
"1790","Zapatos de lujo con nombre de diva italiana","Zapatos de lujo","neu","neu","neu","False","True","train"
"1791","La marca ZARA vale 6.075 millones de euros y Santander, 3.832 millones","ZARA vale 6.075 millones de euros y Santander","pos","neu","neu","False","True","train"
"1792","Un rebote que sabe a poco","Un rebote","neg","neu","neu","False","True","train"
"1793","Eudel defiende que la Ley de Aportaciones garantiza más recursos para los ayuntamientos","la Ley de Aportaciones","pos","neu","pos","False","True","train"
"1794","Vodafone reduce sus ingresos en los tres primeros meses un 8,2%, hasta los 994,1 millones","Vodafone","neg","pos","neu","False","True","train"
"1795","Yolanda Díaz quiere obligar a las empresas a llevar un censo de los trabajadores fijos-discontinuos","Yolanda Díaz","pos","neg","pos","False","True","train"
"1796","Santander y Unicaja, los bancos favoritos de Goldman Sachs para ganar en bolsa","Santander","pos","neg","neu","False","True","train"
"1797","Singerfy recibe una inversión de 500.000€ por parte de diversos business angels","Singerfy","pos","neu","neu","False","True","train"
"1798","EEUU demanda a 17 grandes bancos por las pérdidas generadas en la crisis subprime","17 grandes bancos","neg","neu","neu","False","True","train"
"1799","Elon Musk cree que las criptomonedas son imposibles de destruir y apunta a problemas con el suministro eléctrico para explicar la prohibición de China","las criptomonedas","pos","neu","neu","False","True","train"
"1800","El Gobierno amplía a 1.000 millones de capitalización el techo para las cotizadas en BME Growth","El Gobierno","pos","pos","neu","False","True","train"
"1801","A partir de hoy Netflix sube sus tarifas en México","Netflix","neg","neu","neg","False","True","train"
"1802","10 puntos clave para hacer bien la declaración de la renta 2015","declaración de la renta","pos","neu","neu","False","True","train"
"1803","La prestigiosa marca de joyería Dinh Van muestra que una joya es también el regalo ideal para el Día del Padre","marca de joyería Dinh Van","pos","neu","neu","False","True","train"
"1804","Cotización de Major Grp Lux","Major Grp Lux","neu","neu","neu","False","True","train"
"1805","Charal: El primer IMOCA 60 con foils de serie toca el agua","Charal","pos","neu","pos","False","True","train"
"1806","El sector TIC mejora sus expectativas de actividad en el corto plazo, según Vass y Ceprede","El sector TIC","pos","pos","pos","False","True","train"
"1807","Sanitas abandona el seguro de salud de los funcionarios de Muface en el que siguen Adeslas, Asisa y DKV","Sanitas","neg","neg","neg","False","True","train"
"1808","Santander ganó 2.911 millones de euros, un 32% menos, y supera previsiones","Santander","pos","neu","neu","False","True","train"
"1809","Cotización de Frt 8.25% CRPP Rg-C","Cotización de Frt ","neu","neu","neu","False","True","train"
"1810","Bruselas pide a Sánchez una política fiscal ""prudente"" por el alto nivel de deuda pública","Sánchez","neg","neg","neg","False","True","train"
"1811","Volkswagen era consciente del fraude de las emisiones semanas antes de lo admitido","Volkswagen","neg","neu","neg","False","True","train"
"1812","El pensamiento paralelo en el Metaverso","el Metaverso","pos","neu","pos","False","True","train"
"1813","Estrella Galicia instala paneles solares en su fábrica de A Coruña para el autoconsumo","Estrella Galicia","pos","pos","pos","False","True","train"
"1814","La dimisión de Monti asusta a las bolsas","dimisión de Monti","neg","neg","neg","False","True","train"
"1815","Las Cortes analizan las previsiones de gasto de Agricultura y Educación para 2015","Las Cortes","neu","neu","neu","False","True","train"
"1816","El dólar sube más de $8 al cierre en jornada volátil por Ucrania y alza del petróleo","El dólar","pos","pos","pos","False","True","train"
"1817","Bankinter ve “injusto” el impuesto a la banca y confía en que no salga adelante","impuesto a la banca","neg","neu","neu","False","True","train"
"1818","Värde e inversores internacionales inyectarán 250 millones en WiZink","Värde","pos","neu","pos","False","True","train"
"1819","Orlando dona más de 110.000 raciones de tomate a Cáritas y Carifood como parte de su programa ‘Orlando cocina y camina’","Orlando","pos","pos","pos","False","True","train"
"1820","La reforma de las pensiones sigue estando pendiente","reforma de las pensiones","neg","neu","neg","False","True","train"
"1821","Mutua Madrileña dice adiós a la pandemia y gana 230 millones este año","Mutua Madrileña","pos","neu","neu","False","True","train"
"1822","Merlin Properties compra un edificio en Barcelona por 46,75 millones","Merlin Properties","pos","neu","neu","False","True","train"
"1823","Tapestry crece un 15,8% en el ejercicio 2021 y recupera los beneficios","Tapestry","pos","neu","neu","False","True","train"
"1824","De Guindos: la condición para recibir ayuda es el control del déficit","De Guindos","pos","neu","pos","False","True","train"
"1825","El Gobierno señala el camino del diálogo a Gas Natural y Colombia","El Gobierno","pos","pos","pos","False","True","train"
"1826","La banca italiana se rebela contra Moody's tras la rebaja de ráting","La banca italiana","neg","neu","neu","False","True","train"
"1827","Los beneficios de Twitter se hunden un 95% en el tercer trimestre, hasta los 33 millones","beneficios de Twitter","neg","neu","neu","False","True","train"
"1828","La fortaleza del euro entorpece la recuperación del Viejo Continente","La fortaleza del euro","neg","neg","neg","False","True","train"
"1829","La AIReF cree que España podría rebajar el déficit al «3% o inferior»","España","pos","pos","pos","False","True","train"
"1830","Vodafone","Vodafone","neu","neu","neu","False","True","train"
"1831","Tinsa: el precio de la vivienda cae un 10,4% en mayo y un 37,4% desde 2007","el precio de la vivienda","pos","neu","pos","False","True","train"
"1832","El precio del crudo de la OPEP baja un 0,31 % hasta los 69,66 dólares/barril","crudo de la OPEP","pos","pos","pos","False","True","train"
"1833","El precio del crudo debería dar un respiro en la campaña navideña","precio del crudo","pos","pos","pos","False","True","train"
"1834","La Xunta apuesta por una fábrica de microchips en Galicia para acabar con la crisis de PSA","La Xunta","pos","pos","neu","False","True","train"
"1835","Economía brasileña creció en primer trimestre pero sin entusiasmo","Economía brasileña","pos","pos","pos","False","True","train"
"1836","¡Quiero un ‘iPad’, cueste lo que cueste!","un ‘iPad’","pos","neu","neu","False","True","train"
"1837","Diez años después de la muerte de Steve Jobs, Apple sigue siendo la empresa más valiosa del mundo","Apple","pos","neg","neu","False","True","train"
"1838","Ana Botín ingresará este jueves 1,21 millones de euros por el tercer dividendo a cuenta de Santander","Ana Botín","pos","pos","neu","False","True","train"
"1839","Estos son los productos que la DGT recomienda tener en el coche durante el invierno","productos que la DGT recomienda","pos","neu","pos","False","True","train"
"1840","El Espanyol busca más ingresos comerciales y crear una marca potente en China","El Espanyol","pos","neu","neu","False","True","train"
"1841","Análisis de la actualidad económica con Miguel Córdoba","Análisis de la actualidad económica","neu","neu","neu","False","True","train"
"1842","Polonia aprueba un impuesto para la banca para financiar políticas sociales","Polonia","pos","neu","pos","False","True","train"
"1843","Las ‘boutiques’ plantan cara a los grandes bancos en el ranking de rentabilidad","Las ‘boutiques’","pos","neg","neu","False","True","train"
"1844","La UE devuelve a Panamá a su lista negra de paraísos fiscales","Panamá","neg","neg","neg","False","True","train"
"1845","Luz verde de la CNMV a la opa de Mittal sobre Arcelor","opa de Mittal","pos","neu","neu","False","True","train"
"1846","Las distribuidoras de Mahou repartirán cerveza a domicilio en Madrid, Valencia y Granada","distribuidoras de Mahou","pos","neu","pos","False","True","train"
"1847","El bitcóin cae a mínimos de dos meses tras la prohibición de publicidad en Facebook","El bitcóin","neg","neu","neu","False","True","train"
"1848","Cotización de Chargeurs","Cotización de Chargeurs","neu","neu","neu","False","True","train"
"1849","Compran a la empresa dueña de Choco Milk y Cal-C-Tose por 16 mil millones de dólares","Choco Milk y Cal-C-Tose","pos","neu","neu","False","True","train"
"1850","La luz cierra este lunes enero con un descenso del 4 % hasta 221,82 euros/MWh","La luz","pos","pos","pos","False","True","train"
"1851","Repsol somete este viernes a su junta de accionistas el pago de un dividendo complementario de 0,45 euros","Repsol","neg","neu","neu","False","True","train"
"1852","El AWACS: El “súper radar” capaz de controlar una batalla aérea","El AWACS","pos","pos","pos","False","True","train"
"1853","Siemens Gamesa: el ajuste de plantilla no se hizo bien porque ""hubo mucho ruido y rumores""","Siemens Gamesa","neg","neu","neu","False","True","train"
"1854","Ana Botín garantiza su ""máximo esfuerzo"" para mantener la trayectoria de éxito de Santander","Ana Botín","pos","pos","neu","False","True","train"
"1855","Caída de Google y de sus servicios de Gmail y Youtube en EEUU, España y otros países europeos","Caída de Google","neg","neg","neg","False","True","train"
"1856","La Bolsa de Sao Paulo pierde un 0,41 % en la apertura","Bolsa de Sao Paulo","neg","neg","neg","False","True","train"
"1857","La pionera del 'fracking' se declara en quiebra","pionera del 'fracking'","neg","neu","neu","False","True","train"
"1858","Vestidos de Mango rebajados para ir abrigada y a la moda este otoño","Mango","pos","neu","pos","False","True","train"
"1859","Latinoamérica contribuirá a revolucionar el mapa mundial del gas","Latinoamérica","pos","pos","pos","False","True","train"
"1860","Dólar futuro: intervención oficial cayó hasta niveles que no se veían desde antes de la crisis del COVID","intervención oficial","neg","neg","neg","False","True","train"
"1861","Broseta impulsa procesal y arbitraje con Jesús Giner","Broseta","pos","neu","neu","False","True","train"
"1862","La CNMV aprobará en breve la opa de Atlantia sobre Abertis","La CNMV","pos","pos","neu","False","True","train"
"1863","Las claves de la Bolsa y la agenda del viernes (08-09-2017)","claves de la Bolsa","pos","neu","neu","False","True","train"
"1864","Mercadona contrata a 7.000 personas para el verano","Mercadona","pos","neu","pos","False","True","train"
"1865","Exconsejeros de Bankia niegan cualquier interés personal en la salida a Bolsa","Exconsejeros de Bankia","neg","neu","neu","False","True","train"
"1866","Farggi presenta un ERE para despedir a 153 trabajadores","Farggi","neg","neu","neg","False","True","train"
"1867","El IPC escala al 3,3% y elevará la factura de las pensiones en más de 3.200 millones","El IPC","pos","neu","pos","False","True","train"
"1868","Las franquicias con una inversión media tienen un club de mecenas","franquicias con una inversión media","pos","pos","neu","False","True","train"
"1869","El Ibex-35 pierde un 0,29% en la sesión y gana un 0,14% en octubre","El Ibex-35","neg","neg","neg","False","True","train"
"1870","Uber revela el motivo por el cual sus tarifas son tan altas en estos días","Uber","neg","pos","neg","False","True","train"
"1871","La UE celebra el Día de la Internet Segura","La UE","pos","pos","pos","False","True","train"
"1872","O'Leary no ve claro el futuro de IAG como dueña de British Airways tras el Brexit","futuro de IAG","neg","neu","neu","False","True","train"
"1873","Cotización de Codex DNA","Cotización de Codex DNA","neu","neu","neu","False","True","train"
"1874","Preacuerdo en el convenio de obradores y pastelería de Cantabria, que afecta a 900 trabajadores","convenio de obradores y pastelería","pos","pos","pos","False","True","train"
"1875","Cataluña, Comunidad Valenciana y Baleares, las más expuestas a problemas de financiación","Cataluña","neg","neg","neg","False","True","train"
"1876","Las pernoctaciones en hoteles aumentaron un 4,9 % en marzo","pernoctaciones en hoteles","pos","pos","pos","False","True","train"
"1877","Ford «contrata» a los inquietantes perros robot de Boston Dynamic","Ford","pos","pos","neu","False","True","train"
"1878","Arcano abre oficina en Bilbao para crecer en la industria","Arcano","pos","neu","neu","False","True","train"
"1879","Guerra fría': MSC crea un almacén refrigerado en la ZAL tras comprar Agro Merchants Fríopuerto","MSC","pos","neu","neu","False","True","train"
"1880","El FMI prevé una “carrera de obstáculos” en la recuperación en 2022","El FMI","neg","neg","neg","False","True","train"
"1881","Los beneficios corporativos de Japón registran una caída trimestral del 12 %","beneficios corporativos de Japón","neg","neg","neg","False","True","train"
"1882","TSJM rechaza el recurso de Glovo y encuadra a ""riders"" en convenio de reparto","recurso de Glovo","neg","neu","neu","False","True","train"
"1883","EasyHotel promueve el primer hotel en Barcelona desde el inicio del Covid","EasyHotel","pos","neu","pos","False","True","train"
"1884","TAG Heuer se sube a los esquís","TAG Heuer","pos","neu","neu","False","True","train"
"1885","Stripe, el mayor 'unicornio' de Silicon Valley tras ser valorada en 95.000 millones de dólares","Stripe","pos","neu","neu","False","True","train"
"1886","Minoritarios de Cassa denuncian a cinco consejeros por falta de imparcialidad en la opa de Agbar","cinco consejeros","neg","neu","neu","False","True","train"
"1887","Westinghouse, Iberdrola y Gas Natural construirán el almacén nuclear","Westinghouse","pos","pos","pos","False","True","train"
"1888","Presupuesto populista con cimientos frágiles","Presupuesto populista","neg","neg","neg","False","True","train"
"1889","Polaroo, la startup que quiere convertirse en el gestor digital de todos tus gastos recurrentes","Polaroo","pos","neu","neu","False","True","train"
"1890","Cepyme tacha de “pírricas” las ayudas directas del Gobierno","ayudas directas del Gobierno","neg","neg","neg","False","True","train"
"1891","Masaveu aprovecha las caídas por Ucrania para comprar más acciones de Línea Directa y Bankinter","Masaveu","pos","neg","neu","False","True","train"
"1892","Llega el horario de verano: consejos para ahorrar luz","horario de verano","pos","neu","pos","False","True","train"
"1893","Jubilados protestan en Madrid contra norma sobre pensiones y el taxi se une","norma sobre pensiones","neg","neu","neg","False","True","train"
"1894","Lidl se estrena como inquilino de un centro comercial","Lidl","pos","neg","pos","False","True","train"
"1895","Nissan amaga con cerrar la planta de Barcelona ante la huelga de la plantilla","Nissan","neg","neu","neg","False","True","train"
"1896","Disney y Fox retrasarían fusión y Televisa está detrás","Disney","neg","neu","neu","False","True","train"
"1897","CCEP busca ampliar negocio en el Pacífico","CCEP","pos","neu","pos","False","True","train"
"1898","BBVA apuesta por la digitalización en México","BBVA","pos","pos","pos","False","True","train"
"1899","El beneficio de las empresas cae un 44,5 % por las plusvalías de 2018","beneficio de las empresas","neg","neg","neg","False","True","train"
"1900","La producción industrial repunta un 0,1% en febrero tras caer enero","producción industrial","pos","pos","pos","False","True","train"
"1901","Google invierte 30,000 mdd en expansión y cables submarinos","Google","pos","neu","pos","False","True","train"
"1902","Castilla y León transita hacia la movilidad eléctrica con la vista en los Next Generation y 17 millones en incentivos","Castilla y León","pos","pos","pos","False","True","train"
"1903","Las preferentes impagadas de Banco de Valencia","Banco de Valencia","neg","neg","neg","False","True","train"
"1904","Avance del petróleo derriba a las bolsas mundiales y S&P 500 sufre mayor caída desde octubre de 2020","Avance del petróleo","neg","neg","neg","False","True","train"
"1905","Los 21 mejores juegos de Xbox Game Pass","Xbox Game Pass","pos","neu","neu","False","True","train"
"1906","Tres motivos para que el oro vuelva a ser un activo refugio en medio de la inestabilidad de los mercados","el oro","pos","pos","pos","False","True","train"
"1907","La familia Entrecanales reorganiza su participación en el capital de Acciona","La familia Entrecanales","pos","pos","neu","False","True","train"
"1908","La afiliación de extranjeros logra su mejor febrero en una década","afiliación de extranjeros","pos","neu","pos","False","True","train"
"1909","España ya sólo aporta un 8% del beneficio de Santander y BBVA","España","neg","neg","neg","False","True","train"
"1910","Grecia emite bonos a 10 años en primera subasta desde primer rescate en 2010","Grecia","pos","neu","neu","False","True","train"
"1911","La CNMC multa a seis empresas inmobiliarias con 1,25 millones por pactar comisiones","seis empresas inmobiliarias","neg","neu","pos","False","True","train"
"1912","El acuerdo extrajudicial contempla la devolución de las cláusulas suelo en tres meses","acuerdo extrajudicial","pos","neu","pos","False","True","train"
"1913","El Gobierno admite que la fortaleza del euro es una ""amenaza importante"" para el turismo en España","fortaleza del euro","neg","neg","neg","False","True","train"
"1914","Bankia cierra la venta del 50% de Ribera Salud a Centene","Bankia","pos","neu","neu","False","True","train"
"1915","Los coches reservados en agosto y entregados en septiembre tributarán con dos tipos de IVA distintos","coches reservados en agosto","neg","neu","neg","False","True","train"
"1916","Lefties refuerza su internacionalización con su entrada en Túnez","Lefties","pos","neu","pos","False","True","train"
"1917","Moody's rebaja el rating de Repsol por el coronavirus y la caída del precio del crudo","el rating de Repsol","neg","neu","neu","False","True","train"
"1918","La sanidad privada pide a las administraciones una gran reforma","La sanidad privada","pos","neu","neu","False","True","train"
"1919","Los fondos españoles que apuestan por IAG en 2022","Los fondos españoles","pos","pos","neu","False","True","train"
"1920","Iberdrola se adjudica el mayor número de lotes en subasta solar de Portugal","Iberdrola","pos","neg","neu","False","True","train"
"1921","Presidentes de Nissan y FCA preparan reunión para tratar la oferta a Renault","Presidentes de Nissan y FCA","pos","neu","neu","False","True","train"
"1922","La tasa de 'hash' del bitcoin se acerca a máximos históricos, pero el precio sigue cayendo: qué debes saber sobre el 'trading' de bitcoin en 2022, y 14 'tokens' alternativos a vigilar","bitcoin","neg","neu","neu","False","True","train"
"1923","Las ventas de GM en EE.UU. aumentaron un 6,3 % en el tercer trimestre","Las ventas de GM en EE.UU.","pos","neu","neu","False","True","train"
"1924","Los ‘nuevos’ ERTE mantienen la prohibición de despedir y eliminan las ventajas sociales a las empresas que no formen","Los ‘nuevos’ ERTE","pos","neg","pos","False","True","train"
"1925","Hyundai Motor México busca seguir conectando con el consumidor con experiencias digitales","Hyundai Motor México","pos","neu","pos","False","True","train"
"1926","El Ibex recupera un 2,48% de la sangría 'post-Brexit'","El Ibex","pos","pos","pos","False","True","train"
"1927","La UE advierte de las consecuencias económicas que tendrá no encontrar solución a la crisis de los refugiados","UE","pos","neg","neg","False","True","train"
"1928","La Bolsa de Lisboa sube el 0,57 % al cierre","La Bolsa de Lisboa","pos","pos","pos","False","True","train"
"1929","El Corte Inglés eleva un 14% la deuda desde febrero tras unos gastos extra de 220 millones","El Corte Inglés","neg","neu","neu","False","True","train"
"1930","Bruselas quiere proteger las reservas de gas en la UE de firmas como Gazprom","Bruselas","pos","pos","pos","False","True","train"
"1931","Unesid pide que se activen las medidas comprometidas para un precio competitivo de la luz","Unesid","pos","pos","pos","False","True","train"
"1932","Regal Lion, el tapón joya para vinos y licores que cuesta 21.000 euros","Regal Lion","pos","neu","neu","False","True","train"
"1933","Departamento Transporte investiga Boeing, en fase final actualizar software","Boeing","neg","neu","neu","False","True","train"
"1934","Encontrar un abogado de familia especializado de manera inmediata es posible gracias a LexGoApp","LexGoApp","pos","neu","pos","False","True","train"
"1935","Telefónica gana un 50% menos hasta septiembre tras reestructurar su plantilla","Telefónica","neg","neu","neg","False","True","train"
"1936","Las empresas ya trasladan a los precios la presión de las materias primas y la energía","Las empresas","neg","neg","neg","False","True","train"
"1937","Las camisas solidarias que ha diseñado Hawes & Curtis junto al Príncipe Carlos","Hawes & Curtis","pos","neu","pos","False","True","train"
"1938","Portugal versiona las ""socimi"" para frenar la crisis de la vivienda","Portugal","pos","pos","pos","False","True","train"
"1939","IESE: la incertidumbre económica no para de crecer por la deuda","la incertidumbre económica","neg","neg","neg","False","True","train"
"1940","Tras la reforma laboral llegó el tiempo de aprobar otras leyes","reforma laboral","pos","pos","pos","False","True","train"
"1941","Roche despedirá a unos 100 empleados en España","Roche","neg","neu","neg","False","True","train"
"1942","Cómo conseguir tu objetivo en trading","objetivo en trading","pos","neu","pos","False","True","train"
"1943","Las autoridades chinas detienen al presidente y al consejero delegado de HNA","HNA","neg","neu","neu","False","True","train"
"1944","Los 10 cursos gratis de Harvard para cambiar de trabajo y ganar un ""sueldazo""","Harvard","pos","neu","pos","False","True","train"
"1945","El IPC se modera hasta el 6,1% en enero, por la luz, los alimentos y el turismo","El IPC","pos","pos","pos","False","True","train"
"1946","La confianza empresarial en Alemania cae por cuarto mes consecutivo","confianza empresarial en Alemania","neg","neg","neg","False","True","train"
"1947","Indra refuerza la seguridad en superficie en dos grandes aeropuertos de Corea del Sur","Indra","pos","pos","pos","False","True","train"
"1948","El Tesoro vende la reforma de las cajas en Asia","El Tesoro","pos","neu","neu","False","True","train"
"1949","“Londres tiene que dar gracias porque Santander esté ahí”","Londres","pos","neu","neu","False","True","train"
"1950","Cómo un BMW ayudó a descubrir el fraude de Volkswagen","un BMW","pos","neg","pos","False","True","train"
"1951","Reddit se burla de la bolsa y rescata GameStop","Reddit","pos","neu","neu","False","True","train"
"1952","Epson renueva sus gafas inteligentes y ahora permiten pilotar drones","Epson","pos","pos","pos","False","True","train"
"1953","“La tecnología no puede perder de vista a las personas”","La tecnología","pos","neu","pos","False","True","train"
"1954","El ICO no descarta recurrir a la inyección de liquidez del BCE","El ICO","pos","pos","pos","False","True","train"
"1955","Ferrovial se adjudica el mantenimiento de la refinería más grande de Australia por 88 millones","Ferrovial","pos","neu","neu","False","True","train"
"1956","El presidente de Danone pasa las riendas ejecutivas a Emmanuel Faber","presidente de Danone","pos","neu","neu","False","True","train"
"1957","Sube el IRPF: de qué sueldo neto dispones con un salario de 150.000 euros","IRPF","neu","neu","neu","False","True","train"
"1958","El Gobierno británico vuelve a pedir apoyo a su pacto de Brexit sin haber obtenido concesiones de la UE","El Gobierno británico","pos","neu","neu","False","True","train"
"1959","Los economistas critican el plazo de entrada en vigor de la Ley de Auditoría","Ley de Auditoría","neg","neu","neu","False","True","train"
"1960","El Banco Popular de China recorta tipos por primera vez desde la pandemia","Banco Popular de China","pos","pos","pos","False","True","train"
"1961","Atlantia pide a Italia una decisión con criterios ""legales"" sobre la retirada de todas sus concesiones por la caída del puente de Morandi","Atlantia","neg","neu","neu","False","True","train"
"1962","Ikea declara la guerra al desperdicio de alimentos en sus restaurantes españoles","Ikea","pos","neu","pos","False","True","train"
"1963","Rusia y EEUU inician mañana en Viena las negociaciones sobre el desarme nuclear","Rusia","pos","neu","neu","False","True","train"
"1964","Mercedes paraliza la separación de negocios que abría un 'agujero' fiscal de 200 millones en Álava","Mercedes","pos","neu","neu","False","True","train"
"1965","Lyft pierde 1.138 millones dólares en primeros resultados tras salida a bolsa","Lyft","neg","neu","neu","False","True","train"
"1966","Un récord de consumo de asfalto vial le daría tregua a un factor de encarecimiento de los fletes","consumo de asfalto vial","pos","neu","pos","False","True","train"
"1967","Barcelona será una ratonera por la huelga de todos los transportes públicos","Barcelona","neg","neg","neg","False","True","train"
"1968","Afectados por el coronavirus demandarán a Torra por las residencias","Torra","neg","neu","neg","False","True","train"
"1969","Apple añade a su familia de tabletas un iPad Pro de 10,5 pulgadas","Apple","pos","neg","pos","False","True","train"
"1970","Steve Jobs prometió una 'guerra santa' contra Google","Steve Jobs","neg","neu","neu","False","True","train"
"1971","Ignacio Garralda: “Hay que propiciar que los ricos inyecten capital en las empresas”","los ricos","pos","pos","pos","False","True","train"
"1972","El sector del vapeo culpa a Sanidad de la reducción del 30% de las ventas","sector del vapeo","neg","neu","neu","False","True","train"
"1973","Fundación Repsol lanza la 10ª convocatoria de su acelerador de 'startups' de energía","Fundación Repsol","pos","pos","neu","False","True","train"
"1974","La Fundación BBVA y la SCIE premian a seis jóvenes investigadores informáticos","La Fundación BBVA","pos","neu","pos","False","True","train"
"1975","El PERTE de renovables, hidrógeno y almacenamiento movilizará inversiones de más de 16.300 millones","PERTE de renovables","pos","pos","pos","False","True","train"
"1976","Icónica marca de cosméticos presuntamente analiza la venta de partes de su negocio","Icónica marca de cosméticos","neg","neu","neu","False","True","train"
"1977","El Gobierno estudiará incentivos para funcionarios que quieran trabajar más allá de los 60","incentivos para funcionarios","pos","neu","pos","False","True","train"
"1978","El PIB trimestral añade una muesca más al fin de la crisis","El PIB trimestral","pos","pos","pos","False","True","train"
"1979","Calviño calcula un crecimiento superior al 10% en el tercer trimestre","Calviño","pos","pos","pos","False","True","train"
"1980","Nike HyperAdapt 1.0, las zapatillas que se atan solas","Nike HyperAdapt 1.0","pos","neu","pos","False","True","train"
"1981","Presentan una querella criminal contra Volkswagen ante la Audiencia Nacional","Volkswagen","neg","neu","neu","False","True","train"
"1982","Igea: «Los problemas del campo no se solucionan trayendo señoritos de Madrid con castellanos a hacerse unas fotos»","problemas del campo","neg","neg","neg","False","True","train"
"1983","Economistas difieren ante posibilidad de alcanzar rango meta de inflación","Economistas","neg","neg","neg","False","True","train"
"1984","Saracho deja JP Morgan para fichar como presidente de Popular","Saracho","neu","neu","neu","False","True","train"
"1985","El Comisario Europeo de Empleo sugiere crear en España un ""contrato único abierto""","Comisario Europeo de Empleo","pos","pos","pos","False","True","train"
"1986","Pallete (Telefónica) ganó 5,37 millones en 2019, un 0,6% menos que en 2018","Pallete","neg","neu","neu","False","True","train"
"1987","Se presenta un foro de debate de alto nivel para analizar el futuro de la movilidad","foro de debate","pos","pos","pos","False","True","train"
"1988","Fondos que suben más de un 100%","Fondos que suben","pos","pos","neu","False","True","train"
"1989","Bestinver: no hay ""momento más inoportuno"" para el Brexit","Bestinver","neg","neg","neg","False","True","train"
"1990","El 84% del capital privado en España apuesta por la inversión responsable ambiental, social y de gobierno","capital privado en España","pos","neu","pos","False","True","train"
"1991","Sofofa pide a Convención enmendar norma sobre derecho de propiedad que se vota mañana en el Pleno","Sofofa","pos","neu","neu","False","True","train"
"1992","Caídas para el ethereum pese al optimismo tras los máximos de 10 días","el ethereum","neg","neg","neg","False","True","train"
"1993","Cellnex emite 450 millones en bonos para reestructurar su deuda","Cellnex","pos","neu","neu","False","True","train"
"1994","Aliexpress: 10 vestidos de manga larga muy económicos para ir a fiestas o eventos","Aliexpress","pos","neu","pos","False","True","train"
"1995","El G7 empuja la reforma fiscal que obligará a pagar más a las multinacionales","G7","pos","neg","neu","False","True","train"
"1996","La gestión del patrimonio familiar tras el coronavirus","gestión del patrimonio familiar","neu","neu","neu","False","True","train"
"1997","Susan Collins, la primera mujer negra a la cabeza de una sucursal de la Fed","Susan Collins","pos","neu","pos","False","True","train"
"1998","El arte español más femenino conquista la Gran Manzana","arte español más femenino","pos","neu","pos","False","True","train"
"1999","El Consejo de Europa constata mejoras en Andorra contra el blanqueo","El Consejo de Europa","pos","neu","pos","False","True","train"
"2000","A&G firma a Andrés Allende, ex número dos de Paramés, para que gestione un fondo","A&G","pos","neu","neu","False","True","train"
"2001","JC Flowers y otros inversores pujarán por CAM sólo si la sanea antes el Frob","JC Flowers","pos","pos","neu","False","True","train"
"2002","El despliegue del 5G es una oportunidad de oro para que Europa se iguale a EEUU y China en la carrera tecnológica, según la exministra Pilar del Castillo","despliegue del 5G","pos","pos","pos","False","True","train"
"2003","Ryanair cancela cuatro rutas en El Prat por la subida de las tasas aeroportuarias","Ryanair","neg","neu","neg","False","True","train"
"2004","Las bajas del Mobile World Congress","Mobile World Congress","neu","neu","neu","False","True","train"
"2005","Andersen Tax & Legal se marca como objetivo ""contribuir fuertemente"" al crecimiento internacional de la firma","Andersen Tax & Legal","pos","neu","neu","False","True","train"
"2006","Edificios inteligentes y sistemas operativos, el inmobiliario que viene","inmobiliario que viene","pos","pos","pos","False","True","train"
"2007","Los Gallardo encuentran en la dermatología su gallina de los huevos de oro","Los Gallardo","pos","neu","neu","False","True","train"
"2008","Los inversores se preguntan si la cartera 60/40 tiene futuro","inversores","neu","neu","neu","False","True","train"
"2009","Este plan de 30 pasos te ayudará a conseguir el aumento de sueldo que mereces","plan de 30 pasos","pos","neu","pos","False","True","train"
"2010","GVC Gaesco nombra a Enrique García Palacio nuevo director general del grupo","Enrique García Palacio","pos","neu","neu","False","True","train"
"2011","Canarias impulsa que España sea pionera en autorizar naves de vuelo rasante","España","pos","pos","pos","False","True","train"
"2012","Los áticos y dúplex de obra nueva más lujosos del centro de Madrid","Los áticos y dúplex","pos","neu","neu","False","True","train"
"2013","Las mejores operaciones con divisas en verano","operaciones con divisas","pos","pos","neu","False","True","train"
"2014","Un tercio del Ibex todavía resiste en positivo en 2022 tras las caídas","tercio del Ibex","pos","pos","pos","False","True","train"
"2015","El beneficio del Santander se reduce un 4,9% por los tipos de cambio","El beneficio del Santander","neg","neg","neg","False","True","train"
"2016","Novartis llega a un acuerdo para comprar The Medicines Company por 8.805 millones de euros","Novartis","pos","neu","neu","False","True","train"
"2017","El Banco de España cree que la reforma de pensiones no basta para cubrir costes","El Banco de España","pos","neg","neg","False","True","train"
"2018","El Gobierno impulsará el coche eléctrico subiendo el impuesto de matriculación de los que contaminan","el coche eléctrico","pos","neu","pos","False","True","train"
"2019","Hyundai confirma inversiones de 800 millones de euros en Chequia y en China","Hyundai","pos","neu","neu","False","True","train"
"2020","Putin apoya a empresarios al inaugurar primera planta Mercedes-Benz en Moscú","Putin","pos","pos","pos","False","True","train"
"2021","En la calle a la espera del Ingreso Mínimo Vital","Ingreso Mínimo Vital","neg","neu","neg","False","True","train"
"2022","Clece ofertará 1.000 puestos laborales en la segunda edición de LaboralMAD","Clece","pos","neu","pos","False","True","train"
"2023","A lo largo del ejercicio del año 2021 la deuda de la banca española se ha incrementado en 28.590 millones de euros, un 11% más","deuda de la banca española","neg","neg","neg","False","True","train"
"2024","Acerinox última su programa de recompra de acciones con sensaciones discordantes","Acerinox","neg","neu","neu","False","True","train"
"2025","BBVA se juega más de 100 millones con el rescate de Tubos Reunidos","BBVA","neg","neu","neu","False","True","train"
"2026","La mitad de los partes fraudulentos se produce en los seguros de coche","partes fraudulentos","neg","neg","neg","False","True","train"
"2027","Más cambios en L'Occitane: la compañía nombra nuevo consejero delegado","L'Occitane","neu","neu","neu","False","True","train"
"2028","El noruego Helge Lund, nuevo presidente de BP a partir de 2019","Helge Lund","neu","neu","neu","False","True","train"
"2029","Las turísticas arrancan el año con buen pie en Bolsa","Las turísticas","pos","neu","neu","False","True","train"
"2030","Clase de matemáticas para la Junta de Andalucía y su revalorización en las pensiones de 20 millones","Junta de Andalucía","pos","neu","pos","False","True","train"
"2031","La banca española se mantiene a la cola de la eurozona en capital","La banca española","neg","neg","neg","False","True","train"
"2032","Bruselas recuerda a Francia su compromiso de mantener reformas","Bruselas","pos","neu","neu","False","True","train"
"2033","Abanca se hace con Bankoa","Abanca","pos","neg","neu","False","True","train"
"2034","Ocho de las diez marcas líderes en gran consumo son de origen español","marcas líderes en gran consumo","pos","pos","pos","False","True","train"
"2035","La campaña del corcho en Extremadura logra un 40% más de producción","campaña del corcho","pos","neu","neu","False","True","train"
"2036","Claves para ahorrar impuestos al cobrar el seguro de vida","Claves para ahorrar impuestos","pos","neu","pos","False","True","train"
"2037","México, obligado a crear infraestructura para el e-commerce: Mastercard","México","neg","pos","pos","False","True","train"
"2038","La tendencia en bolsa de EADS es alcista, pero su precio es muy elevado","bolsa de EADS","pos","pos","pos","False","True","train"
"2039","Amancio Ortega se convierte en la persona más rica del mundo, según Forbes","Amancio Ortega","pos","neu","neg","False","True","train"
"2040","50 cmo’s más influyentes para 2020","50 cmo’s","pos","neu","neu","False","True","train"
"2041","Derechos sociales europeos, por favor","Derechos sociales europeos","neu","neu","neu","False","True","train"
"2042","Así ha sido el robo de película de 750 kg. de oro en un aeropuerto de Brasil","robo de película","neg","neu","neg","False","True","train"
"2043","Adif licita su contrato de suministro eléctrico por 215 millones","Adif","pos","pos","neu","False","True","train"
"2044","El peor asiento de Wall Street","Wall Street","neg","neu","neu","False","True","train"
"2045","Alemania: cinco escenarios para la Bolsa, el Ibex y la prima de riesgo","Alemania","neu","neu","neu","False","True","train"
"2046","Amazon, Microsoft, Adidas... la lista de la compra de Capital Group para 2020","Capital Group","pos","pos","neu","False","True","train"
"2047","Cuatro de cada diez contratos públicos en 2021 se adjudicaron sin competencia","contratos públicos","neg","neu","neg","False","True","train"
"2048","La revista ejecutivos ha celebrado la III edición de los premios ejecutivos Cantabria","La revista ejecutivos","pos","pos","neu","False","True","train"
"2049","Fitch mantiene la nota de la deuda griega en 'BB' con perspectiva estable","la deuda griega","pos","pos","pos","False","True","train"
"2050","Aedas Homes gana 24,5 millones de euros en el semestre fiscal y bate un nuevo récord de ventas","Aedas Homes","pos","neu","neu","False","True","train"
"2051","Samsung lanzará en octubre un smartphone con pantalla curva","Samsung","pos","neu","neu","False","True","train"
"2052","La CAF celebra su conferencia anual en Washington","La CAF","neu","neu","neu","False","True","train"
"2053","Fitch 'limita' el contagio de la crisis de deuda en las empresas españolas","Fitch","pos","pos","neu","False","True","train"
"2054","Bankia defiende que el folleto de salida a Bolsa era un reflejo fiel y exhaustivo de su patrimonio","Bankia","pos","neu","neu","False","True","train"
"2055","Musk se enfada con Biden por citar a Ford y GM pero no a Tesla en su discurso","Biden","neg","neu","neu","False","True","train"
"2056","Ferrero compra a Nestle su negocio de dulces en EEUU por unos 2.300 millones","Ferrero","pos","neu","neu","False","True","train"
"2057","La reunión sobre tipos del BCE y el IPC de EEUU, grandes citas de próxima semana","reunión sobre tipos","pos","neu","neu","False","True","train"
"2058","E-COMMERCE","E-COMMERCE","neu","neu","neu","False","True","train"
"2059","La inflación de la eurozona se queda en diciembre en el 1,6%","inflación de la eurozona","pos","pos","pos","False","True","train"
"2060","JP Morgan: el PIB de España crecerá un 2,5% en 2015","el PIB","pos","pos","pos","False","True","train"
"2061","Bolinches: «Mientras el Ibex aguante los 9.750, sigue en la senda del 10.000»","el Ibex","pos","pos","pos","False","True","train"
"2062","EM Grup invertirá 130 millones en una planta renovable en Cercs (Barcelona)","EM Grup","pos","neu","pos","False","True","train"
"2063","España recaudaría 5.400 millones más con un tipo mínimo del 21% en Sociedades","España","pos","pos","pos","False","True","train"
"2064","La UE reduce su lista de paraísos fiscales en medio del escándalo por los 'Papeles de Pandora'","La UE","neg","neg","pos","False","True","train"
"2065","Broadcom quiere a Qualcomm y lanza la mayor oferta por una tecnológica","Qualcomm","pos","neg","neu","False","True","train"
"2066","AstraZeneca sufre el dolor de las grandes farmacéuticas","AstraZeneca ","neg","neu","neu","False","True","train"
"2067","La radio online Pandora se dispara un 60% en su debut en bolsa","radio online Pandora","pos","neu","neu","False","True","train"
"2068","Banca Cívica destina 77 millones a créditos para las familias andaluzas","Banca Cívica","pos","neu","pos","False","True","train"
"2069","H&M gana un 22% menos pero aguanta el tirón en España: vende un 2% más","H&M","neg","neu","neu","False","True","train"
"2070","Tim Hortons aterriza en España con cafés libres de aranceles","Tim Hortons","pos","neu","pos","False","True","train"
"2071","La banca cobra comisión de custodia por vender fondos y será deducible","La banca","pos","neu","neu","False","True","train"
"2072","UGT pide que el derecho a la salud sea una prioridad en la reincorporación al trabajo","UGT","pos","pos","pos","False","True","train"
"2073","Dancausa admite que las sinergias de Línea Directa con Bankinter “son mínimas”","Dancausa","pos","neg","neu","False","True","train"
"2074","Lone Star avanza en la compra de la inmobiliaria de Kutxabank","Lone Star","pos","neu","neu","False","True","train"
"2075","Acuerdan 38 prejubilaciones en dos empresas de Lladró y siguen negociaciones","empresas de Lladró","pos","neu","neg","False","True","train"
"2076","Barcelona premiará con tres años de transporte público gratuito a los que se deshagan de sus coches contaminantes","Barcelona","pos","neu","pos","False","True","train"
"2077","La movilidad sostenible al alcance de todos","movilidad sostenible","pos","neu","pos","False","True","train"
"2078","Google reduce beneficio en España tras elevar un 31% la plantilla de la filial","Google","neg","neu","pos","False","True","train"
"2079","La Reina y la Princesa de Asturias cobrarán un sueldo fijo anual","La Reina","neg","neu","neg","False","True","train"
"2080","Boeing vende aviones a dos aerolíneas chinas por 10.000 millones de dólares","Boeing","pos","neu","neu","False","True","train"
"2081","La banca lusa registra pérdidas históricas a las que solo escapa el Santander","banca lusa ","neg","neu","neu","False","True","train"
"2082","Los valores de Hódar: Banco Santander, Repsol YPF, Red Eléctrica, BBVA","valores de Hódar","neu","neu","neu","False","True","train"
"2083","Cuando el heredero no sirve como directivo","el heredero","neg","neg","neu","False","True","train"
"2084","Gobierno y organización chocan por la cancelación del Mobile: en juego, una alerta sanitaria y el cobro de indemnizaciones","cancelación del Mobile","neg","neu","neu","False","True","train"
"2085","Los cruceros reabren sus puertas con solo un quinto de su negocio","cruceros","neg","neg","neg","False","True","train"
"2086","Airbnb ficha a un directivo de Amazon como director financiero global","Airbnb","pos","neu","neu","False","True","train"
"2087","El proveedor de chicles de Mercadona factura un 14% menos que en 2019","proveedor de chicles","neg","neu","neu","False","True","train"
"2088","Telefónica prorroga el plan de bajas y subirá los sueldos un 1,5% en 2018","Telefónica","pos","neu","pos","False","True","train"
"2089","Biotecnología es el referente para el desarrollo de nuevos clústeres","Biotecnología","pos","pos","neu","False","True","train"
"2090","Grenergy gana un 22,5% menos a septiembre debido a más amortizaciones","Grenergy","neg","neu","neu","False","True","train"
"2091","Los bancos detectan un aumento de la demanda solvente y prevén que irá a más","la demanda solvente","pos","pos","pos","False","True","train"
"2092","Tubos Reunidos multiplica por diez su beneficio por el tirón exterior","Tubos Reunidos","pos","neu","neu","False","True","train"
"2093","Galicia afronta la crisis de Alcoa y Alu Ibérica con el precio del aluminio disparado","Galicia","neg","neu","neg","False","True","train"
"2094","El misterio de quién inventó el bitcóin llega a juicio","el bitcóin","neg","neu","neu","False","True","train"
"2095","Goldman baja del 9% al 5,5% su previsión de alza del PIB de EE UU del tercer trimestre","Goldman","neg","neu","neu","False","True","train"
"2096","Las fechas clave de la declaración de la Renta","declaración de la Renta","neu","neu","neu","False","True","train"
"2097","Repsol innova en A Coruña: transforma el aceite de freír en diésel renovable","Repsol","pos","neu","pos","False","True","train"
"2098","Galicia: protesta por el ERE del Santander, que afectará a 370 empleos","ERE del Santander","neg","neu","neg","False","True","train"
"2099","Tercer mes a la baja en el Ibex-35","Ibex-35","neg","neg","neg","False","True","train"
"2100","El riesgo de ‘ángeles caídos’ es más elevado en México que el resto de AL: Fitch","riesgo de ‘ángeles caídos’","neg","pos","neg","False","True","train"
"2101","La oposición obliga a retirar los expedientes de modificación de crédito para pagar los ICO","La oposición","pos","pos","neu","False","True","train"
"2102","La Bolsa española logra la sexta mayor subida semanal y roza los 9.000 puntos","La Bolsa española","pos","pos","pos","False","True","train"
"2103","Presume este verano de manos y pies gracias a Aldi","Aldi","pos","neu","pos","False","True","train"
"2104","Divina Pastora gana 5,3 millones de euros en 2011, un 14 % más","Divina Pastora","pos","neu","neu","False","True","train"
"2105","El Estado volverá a operar tres concesiones de trenes de carga","El Estado","pos","pos","neu","False","True","train"
"2106","Toushka celebra la 2º edición del Foro de Inversión en Venture Capital","Toushka","pos","neu","neu","False","True","train"
"2107","Las empresas han dado un salto de competitividad","Las empresas","pos","pos","neu","False","True","train"
"2108","La banca europea afronta su ""última oportunidad"" para crear un gran campeón de los pagos","banca europea","pos","pos","neu","False","True","train"
"2109","APORTAR VALOR A LA HOSTELERÍA","LA HOSTELERÍA","pos","neu","neu","False","True","train"
"2110","Vivienda: esperando la ""remontada""","Vivienda","neg","neu","neu","False","True","train"
"2111","Así evoluciona el precio de la vivienda usada","precio de la vivienda usada","neu","neu","neu","False","True","train"
"2112","Competencia cuestiona las UTE en contratación pública","las UTE","neg","neu","neg","False","True","train"
"2113","Santander se alía con IBM para acelerar su transformación digital y reducir costes","Santander","pos","neu","neu","False","True","train"
"2114","Minoritarios de Bankia reclamarán responsabilidad patrimonial al Banco de España, Economía y la CNMV","Minoritarios de Bankia","pos","neg","neu","False","True","train"
"2115","El grifo de cerveza se vuelve digital","grifo de cerveza","pos","neu","neu","False","True","train"
"2116","Los valencianos reciben 3.000M en prestaciones por desempleo desde el inicio de la pandemia","Los valencianos","pos","neu","pos","False","True","train"
"2117","El éxito agridulce de las constructoras españolas: son líderes en el mundo pero sufren en casa","las constructoras españolas","neu","neu","neu","False","True","train"
"2118","El expresidente de la CNMV Sebastián Albella se incorpora a Latham & Watkins","expresidente de la CNMV Sebastián Albella","neu","neu","neu","False","True","train"
"2119","España inaugura las subastas de julio con una emisión de bonos y obligaciones","España","pos","pos","neu","False","True","train"
"2120","Ipar Kutxa compra el 5% de la sociedad de créditos participativos Luzaro","Ipar Kutxa","pos","neu","neu","False","True","train"
"2121","El Nikkei cierra plano","El Nikkei","neu","neu","neu","False","True","train"
"2122","Glencore vende un 40% de su negocio agrícola a un fondo canadiense","Glencore","pos","neu","neu","False","True","train"
"2123","Globalvia agotará las acciones legales para que se tenga en cuenta el laudo","Globalvia","pos","neu","neu","False","True","train"
"2124","El banco malo, a punto de vender 2.000 pisos a un ‘fondo buitre’","El banco malo","neg","neu","neu","False","True","train"
"2125","Los fondos obligan a Abengoa a salir del Nasdaq para eludir al mercado","Abengoa","neg","neu","neu","False","True","train"
"2126","Las pensiones en España, rumbo hacia el iceberg","pensiones en España","neg","neu","neg","False","True","train"
"2127","El capital riesgo busca nuevos Facebook en la universidad","El capital riesgo","pos","neu","pos","False","True","train"
"2128","Santander y Mastercard lanzan una pulsera de pago 'contactless'","pulsera de pago 'contactless'","pos","neu","pos","False","True","train"
"2129","Tony Hawk tiene nuevo videojuego y su soundtrack es marketing de nostalgia puro","Tony Hawk","pos","neu","pos","False","True","train"
"2130","Esta es la parte de tu nómina que dice lo que cotizas a la Seguridad Social","parte de tu nómina","neu","neu","neu","False","True","train"
"2131","Goldman Sachs reduce su presencia en Dia hasta el 3,3%","Goldman Sachs","neg","neu","neu","False","True","train"
"2132","Bolsa mexicana cierra sin cambios una jornada de bajas en mercados mundiales","Bolsa mexicana","neg","neg","neg","False","True","train"
"2133","Fomento tomará medidas para evitar que se especule con las licencias de empresas como Uber","Fomento","pos","pos","pos","False","True","train"
"2134","Siemens Gamesa suministrará 232 megavatios a un parque de EDF en EEUU","Siemens Gamesa","pos","neu","neu","False","True","train"
"2135","Solo las eléctricas logran perseguir a Pablo Isla en la creación de valor","las eléctricas","pos","neu","neu","False","True","train"
"2136","Fráncfort sube moderadamente tras una negociación falta de impulsos","Fráncfort","pos","neu","neu","False","True","train"
"2137","Pioneer lanza dos fondos alternativos con liquidez diaria","Pioneer","pos","neu","neu","False","True","train"
"2138","El tirón del crossover lleva a Lexus a cerrar 2020 con su mejor cuota en España","Lexus","pos","neu","neu","False","True","train"
"2139","Los coches eléctricos cortocircuitarán a los concesionarios","Los coches eléctricos","neg","neg","neu","False","True","train"
"2140","El PP lamenta que Extremadura sea la ""campeona"" del déficit ""por quinto mes consecutivo""","Extremadura","neg","neg","neg","False","True","train"
"2141","La cuota de los autónomos sube hasta 24 euros más al mes","cuota de los autónomos","neg","neu","neg","False","True","train"
"2142","Amazon (también) te lleva a viajar al espacio","Amazon","pos","neu","pos","False","True","train"
"2143","El paro de la zona euro llega en abril al 12,2% y en España, al 26,8%","El paro","neg","neg","neg","False","True","train"
"2144","Kutxabank Gestión termina el 2020 como líder en suscripciones de fondos","Kutxabank Gestión","pos","neu","neu","False","True","train"
"2145","Los riesgos económicos ante la repetición electoral de noviembre","Los riesgos económicos","neg","neg","neg","False","True","train"
"2146","FCC finaliza parte de las obras del metro de Singapur","FCC","pos","neu","pos","False","True","train"
"2147","Bankia prevé terminar el ERE el próximo 30 de noviembre","Bankia","pos","neu","pos","False","True","train"
"2148","Cuánto paga Instagram por tus reels exitosos (spoiler: no te imaginas)","Instagram","pos","neu","pos","False","True","train"
"2149","Asturias será la primera región europea con abastecimiento de hidrógeno verde a gran escala","Asturias","pos","pos","pos","False","True","train"
"2150","El BCE concluye que Nordea tiene suficiente capital pero débil sistema datos","Nordea","neg","neu","neu","False","True","train"
"2151","La banca se acicala para reconquistar al cliente","La banca","pos","pos","pos","False","True","train"
"2152","BBVA y Sabadell se repartirán la cúpula de la entidad fusionada","BBVA","pos","pos","neu","False","True","train"
"2153","AliExpress abrirá su primera tienda en España y lo celebrará con descuentos y sorteos","AliExpress","pos","neg","pos","False","True","train"
"2154","Lista de morosos 2021: entran Carlo Ancelotti e Ildefonso Falcones, sale Neymar y reaparece Rodrigo Rato","Lista de morosos","neg","neu","neg","False","True","train"
"2155","El Gobierno revisará los sueldos de los directivos de empresas públicas","El Gobierno","pos","neg","pos","False","True","train"
"2156","El servicio de radio de la BBC entra en crisis por los despidos masivos","la BBC","neg","neu","neg","False","True","train"
"2157","Todo sobre la Sociedad Limitada de Formación Sucesiva","Sociedad Limitada de Formación Sucesiva","neu","neu","neu","False","True","train"
"2158","El PP cuelga el cartel de 'Se Vende' en Génova: esto es lo que puede pedir por la sede","PP","neu","neu","neu","False","True","train"
"2159","Brasil: la prioridad de reducir la deuda","Brasil","pos","neu","pos","False","True","train"
"2160","El Corte Inglés incorpora el sistema de pago WeChat Pay, usado por 800 millones de chinos","El Corte Inglés","pos","neu","pos","False","True","train"
"2161","Este gráfico muestra por qué los problemas de la banca van más allá del COVID-19","problemas de la banca","neg","neg","neg","False","True","train"
"2162","Iberdrola, Seat y Volkswagen llegan a un acuerdo para promover el coche eléctrico en España: instalarán 150.000 puntos de carga en espacios públicos y privados","Iberdrola","pos","pos","pos","False","True","train"
"2163","El paro baja en 11.394 personas en febrero y se crean 67.711 empleos con récord de indefinidos","El paro","pos","pos","pos","False","True","train"
"2164","Bolsa de Sao Paulo acompaña exterior, sube 2,43 % y pone fin a cuatro caídas","Bolsa de Sao Paulo","pos","pos","pos","False","True","train"
"2165","CaixaBank planea igualar las condiciones laborales de su plantilla y la de Bankia","CaixaBank","pos","neu","pos","False","True","train"
"2166","Un 20% de las horas extras trabajadas en la hostelería son en negro","horas extras","neg","pos","neg","False","True","train"
"2167","Slack se dispara casi un 50% en su estreno en Bolsa en Wall Street: empieza a cotizar a 38,5 dólares la acción","Slack","pos","neu","neu","False","True","train"
"2168","El fabricante textil nipón Toray revela un nuevo caso de falseo de datos","fabricante textil nipón Toray","neg","neu","neu","False","True","train"
"2169","El rey prueba el primer Opel Corsa eléctrico en su visita a Figueruelas","Opel Corsa eléctrico","pos","neu","pos","False","True","train"
"2170","IAG gana 1.814 millones hasta septiembre, un 27,8% menos","IAG","neg","neu","neu","False","True","train"
"2171","Los deportistas establecidos en España tendrán que tributar como residentes","deportistas establecidos en España","neg","pos","pos","False","True","train"
"2172","Realia gana un 74% menos en 2017 por los extraordinarios de 2016","Realia","neg","neu","neu","False","True","train"
"2173","Natra escribe su punto final en bolsa: quedará excluida el 30 de agosto","Natra","neg","neu","neu","False","True","train"
"2174","Amadeus hunde el beneficio un 80% por los gastos de la salida a bolsa","Amadeus","neg","neu","neu","False","True","train"
"2175","El PIB catalán cayó en el cuarto trimestre hasta el -0,1%","PIB catalán","neg","neg","neg","False","True","train"
"2176","La situación en Grecia y España lastra la confianza inversora en Alemania","situación en Grecia y España","neg","neg","neg","False","True","train"
"2177","El Gobierno argentino estudia derogar las jubilaciones de privilegio","El Gobierno argentino","pos","neu","pos","False","True","train"
"2178","Irene Lozano: ""España puede ocupar el espacio que deja Reino Unido en la UE""","España","pos","pos","pos","False","True","train"
"2179","Hacienda nunca vio delito en Afinsa y alega que cumplía con los clientes","Afinsa","pos","neu","pos","False","True","train"
"2180","Bank of America recorta el precio objetivo de Bankia y cree que no cumplirá con el dividendo","Bank of America","neg","neg","neu","False","True","train"
"2181","MásMóvil lidera el crecimiento de móviles en septiembre con 42.000 líneas","MásMóvil","pos","neg","neu","False","True","train"
"2182","Mediolanum lanza un fondo sobre la economía circular","Mediolanum","neu","neu","neu","False","True","train"
"2183","La compra de coches se traslada del concesionario al Whatsapp","La compra de coches","pos","neg","pos","False","True","train"
"2184","El grupo ASV construirá un nuevo tanatorio en Callosa del Segura","grupo ASV","pos","pos","pos","False","True","train"
"2185","CaixaBank pierde cuota en empresas por la fusión: ganan Bankinter y Sabadell","CaixaBank","neg","pos","neu","False","True","train"
"2186","El precio de la luz baja ligeramente y la gasolina está disparada: estas son las franjas horarias más baratas","precio de la luz","pos","pos","pos","False","True","train"
"2187","OMIE: en las entrañas del mercado eléctrico","OMIE","pos","neu","neu","False","True","train"
"2188","Rea vende su 6,59% en Europac por 45 millones tras salir el lunes del capital de Tubacex","Rea","pos","neu","neu","False","True","train"
"2189","Enagás ganó 404 millones en 2021, un 9% menos que un año antes","Enagás","pos","neu","neu","False","True","train"
"2190","MásMóvil: ""El coronavirus va a aumentar la demanda de empresas con conciencia social""","El coronavirus","pos","pos","pos","False","True","train"
"2191","Economía/OPA.- El Supremo resolverá el próximo día 20 sobre las medidas cautelares pedidas por Endesa para frenar la OPA","El Supremo ","pos","pos","neu","False","True","train"
"2192","Hochtief recibe sus primeras mejoras de recomendación en plena OPA de Abertis","Hochtief","pos","neu","neu","False","True","train"
"2193","El BCE ante el Covid-19: un balance","El BCE","neu","neu","neu","False","True","train"
"2194","Los garantizados elevan su interés para competir con los depósitos","Los garantizados","pos","neu","neg","False","True","train"
"2195","Tres de cada cuatro aeropuertos españoles siguen perdiendo dinero","aeropuertos españoles","neg","neu","neu","False","True","train"
"2196","Empeoran las condiciones de los créditos para empresas","créditos para empresas","neg","neg","neu","False","True","train"
"2197","Santander: ""Estamos atentos a oportunidades inorgánicas en EEUU""","Santander","pos","neu","neu","False","True","train"
"2198","Bershka: los ocho chollos al 40% que no puedes desaprovechar","Bershka","neg","neu","pos","False","True","train"
"2199","Halcón Viajes y Viajes Ecuador lanzan la campaña 'Disfrutarás Seguro' con cancelación gratuita y pruebas del Covid incluidas","Halcón Viajes","pos","neu","pos","False","True","train"
"2200","Del metaverso a la IA: agenda digital de 2022","metaverso","neu","neu","neu","False","True","train"
"2201","Ibarrola dimite como presidente de Deoleo por motivos de salud","Ibarrola","neg","neu","neu","False","True","train"
"2202","Hacienda advierte a 21.500 usuarios de plataformas como Airbnb de que deben declarar todos sus ingresos","usuarios de plataformas como Airbnb","neg","neg","neg","False","True","train"
"2203","Banca Cívica tantea el interés de sus clientes para acudir a la salida a Bolsa","Banca Cívica","pos","neu","neu","False","True","train"
"2204","Aviso del BCE a España: cuidado con el déficit y con unos Presupuestos insostenibles","España","neg","neg","neg","False","True","train"
"2205","Repsol logra el apoyo del mercado para emitir bonos en plena sequía","Repsol","pos","pos","pos","False","True","train"
"2206","Samsung aumentó su beneficio neto un 5,12% en 2018","Samsung","pos","neg","neu","False","True","train"
"2207","Fomento invertirá 1.400 millones en Cataluña en 2014, un 15,1% más","Fomento","pos","pos","pos","False","True","train"
"2208","El proyecto de terminal de Ros Casares y Banco de Valencia en Sagunto naufraga","proyecto de terminal","neg","neu","neu","False","True","train"
"2209","Una tractorada en Córdoba abre las protestas contra la PAC y la subida de costes","tractorada en Córdoba","pos","neg","neg","False","True","train"
"2210","La inversión inmobiliaria cae 45 % por ausencia de operaciones corporativas","La inversión inmobiliaria","neg","neg","neg","False","True","train"
"2211","Las 'telecos' españolas sacan el 5G pero sólo al escaparate (por ahora)","Las 'telecos' españolas","pos","neu","neu","False","True","train"
"2212","Cuenta regresiva para proyecto de Enjoy en Pucón: sigue sin tener la autorización del regulador y se acorta el tiempo para entregar las obras","proyecto de Enjoy","neg","neu","neu","False","True","train"
"2213","Diputados aprueban, por segunda ocasión, ley para exonerar del IVA al sector construcción","Diputados","pos","pos","pos","False","True","train"
"2214","Ana Botín sobre DIA: Hemos tratado de llegar a un acuerdo bueno para todos","Ana Botín","pos","pos","neu","False","True","train"
"2215","Funes de Rioja: ""Todo indica que el aguinaldo del sector privado se va a pagar en cuotas""","aguinaldo del sector privado","neg","neg","neg","False","True","train"
"2216","El fondo de los profesores de Arkansas demanda a Allianz","Allianz","neg","neu","neu","False","True","train"
"2217","Cobra se hace con el mayor complejo petrolero de Brasil","Cobra","pos","neu","neu","False","True","train"
"2218","CaixaBank, Iberdrola y Telefónica, empresas distinguidas por sus acciones climáticas","CaixaBank","pos","pos","pos","False","True","train"
"2219","Inveravante (Manuel Jove) y BBVA levantan viviendas de lujo en el centro de Madrid","Inveravante","pos","neu","pos","False","True","train"
"2220","El Hospital de Sant Pau negocia un ERE que afectará a unos 500 trabajadores","Hospital de Sant Pau","neg","neu","neg","False","True","train"
"2221","Corregir un billete de avión es más caro que comprar otro pasaje","Corregir un billete de avión","pos","neu","pos","False","True","train"
"2222","Gunningham, el aliado de Ana Botín para digitalizar el Santander","Gunningham","neu","neu","neu","False","True","train"
"2223","El Volvo XC60 cuida de ti como tú cuidas de los demás: así son las innovaciones en seguridad de Volvo, explicadas en este video","El Volvo XC60","pos","neu","pos","False","True","train"
"2224","Investigadores del MIT desarrollan un sistema para que los robots puedan reconocer un objeto a través del tacto","Investigadores del MIT","pos","pos","pos","False","True","train"
"2225","Economía/Electricidad.- El sector eléctrico prevé unas inversiones de 11.600 millones hasta 2008","sector eléctrico","pos","pos","pos","False","True","train"
"2226","Al volante del Dacia Duster: más completo y ambicioso","Dacia Duster","pos","neu","neu","False","True","train"
"2227","Apple da el salto al 5G con el iPhone 12","Apple","pos","neu","neu","False","True","train"
"2228","La Societat Econòmica d'Amics del País pide diálogo y rechaza la desobediencia","La Societat Econòmica d'Amics","pos","pos","pos","False","True","train"
"2229","Escribano (RIElcano): ""En la transición energética habrá países vecinos perdedores""","países vecinos","neg","pos","neg","False","True","train"
"2230","El banco central de China sube los tipos interbancarios tras el alza de la Fed","banco central de China","pos","neu","neu","False","True","train"
"2231","Albella (CNMV): ""La investigación interna de BBVA está tardando demasiado""","investigación interna de BBVA","neg","neu","neu","False","True","train"
"2232","Bogotá: la nueva meca para el turismo en bicicleta","Bogotá","pos","pos","pos","False","True","train"
"2233","Abanca gana 250,1 millones de euros en el primer semestre, un 1,26% más","Abanca","pos","neu","neu","False","True","train"
"2234","IAG pierde 2.622 millones hasta septiembre","IAG","neg","neu","neu","False","True","train"
"2235","Sánchez anuncia nuevas ayudas a los hogares vulnerables en invierno","ayudas a los hogares vulnerables","pos","neu","pos","False","True","train"
"2236","Los grandes emprendedores también fracasaron","grandes emprendedores","neg","neu","neu","False","True","train"
"2237","La Generalitat Valenciana presentará este lunes las alegaciones a la propuesta de financiación","La Generalitat Valenciana","neg","neu","neu","False","True","train"
"2238","Deutsche Telekom reduce su beneficio un 56,7% pero bate las previsiones","Deutsche Telekom","pos","neu","neu","False","True","train"
"2239","La estrategia de Iberia para salir de la crisis y retomar el vuelo","estrategia de Iberia","pos","neu","pos","False","True","train"
"2240","La mudanza de la TDT para dar paso al 5G puede costar 350 millones en ayudas","mudanza de la TDT","neg","neu","neu","False","True","train"
"2241","El Banco de Inglaterra no mueve ficha, pero anuncia una recuperación muy rápida de la economía en 2021","El Banco de Inglaterra","pos","pos","pos","False","True","train"
"2242","Las empresas tienen por delante el reto de diseñar un marco más estable de organización de la plantilla","Las empresas","neg","neg","neg","False","True","train"
"2243","Esto es lo que pueden deducirse los autónomos","los autónomos","pos","neu","pos","False","True","train"
"2244","Colonial gana 338 millones en el primer semestre del año, un 33 % más","Colonial","pos","neu","neu","False","True","train"
"2245","DuPont recorta un 57% el beneficio","DuPont","neg","neu","neu","False","True","train"
"2246","Lo que tienes que saber sobre el marketing para niños","marketing para niños","neu","neu","neu","False","True","train"
"2247","Roto de casi 50 millones a los concellos gallegos por el veto judicial al impuesto de plusvalía","concellos gallegos","neg","neu","neu","False","True","train"
"2248","El Eurogrupo consigue movilizar 540.000 millones contra el COVID-19","El Eurogrupo","pos","neu","pos","False","True","train"
"2249","Sánchez cambia el Plan de Recuperación y prometerá nuevas reformas a la UE para amarrar otros 70.000 millones en préstamos","Plan de Recuperación","pos","pos","pos","False","True","train"
"2250","Martinsa Fadesa premia a su presidente","Martinsa Fadesa","pos","neu","neu","False","True","train"
"2251","El 20% de los españoles ya tiene problemas para pagar su hipoteca o alquiler","El 20% de los españoles","neg","neu","neg","False","True","train"
"2252","LVMH y Marcolin moldean su ‘joint venture’ con el consejero delegado de la óptica al frente","LVMH y Marcolin","pos","neu","neu","False","True","train"
"2253","AJE Sevilla presenta su nuevo proyecto de trabajo y a su ejecutiva","AJE Sevilla","pos","neu","neu","False","True","train"
"2254","69 pesos la naranja; Walmart acepta que vende cara la fruta con este letrero","Walmart","neg","neu","neg","False","True","train"
"2255","El Grupo Telefónica evita males mayores al Ibex 35","El Grupo Telefónica","pos","neu","neu","False","True","train"
"2256","Iberdrola reconoce a la vasca Ingeteam su compromiso por la internacionalización","Iberdrola","pos","pos","neu","False","True","train"
"2257","ING recrudece la batalla hipotecaria al rebajar sus hipotecas fija y mixta","ING","pos","neg","pos","False","True","train"
"2258","Análisis: La lucha de las petroleras por la supervivencia","las petroleras","neg","neg","neg","False","True","train"
"2259","AMLO descarta ‘apagón’ en Nuevo León si termina contrato de Iberdrola","AMLO","pos","neu","pos","False","True","train"
"2260","Repara tu Deuda Abogados cancela 293.589€ en Badalona (Barcelona) con la Ley de la Segunda Oportunidad","Ley de la Segunda Oportunidad","pos","pos","pos","False","True","train"
"2261","Sea World dice que se dedicará a la conservación del océano con nueva campaña","Sea World","pos","neu","pos","False","True","train"
"2262","Rappi quiere entregar pizzas y más en 10 minutos; esta es su estrategia","Rappi","pos","neu","pos","False","True","train"
"2263","Llerena acogerá una feria que difunde cultura","Llerena","pos","neu","pos","False","True","train"
"2264","Josep Prats: ""2018 será el año de los bancos""","los bancos","pos","pos","pos","False","True","train"
"2265","El Louvre cierra este viernes para resguardar sus obras de las inundaciones","El Louvre","pos","neu","pos","False","True","train"
"2266","Airbus plantea un ERTE para sus centros de Getafe, Illescas y Puerto Real","Airbus","neg","neu","neg","False","True","train"
"2267","El bono americano ya deja pérdidas del 2,4% en el año","bono americano","neg","neg","neg","False","True","train"
"2268","Telefónica cierra la compra del 50% del negocio de alarmas de Prosegur por 305 millones","Telefónica","pos","neu","neu","False","True","train"
"2269","Restaurantes elásticos para sobrevivir","Restaurantes elásticos","pos","neu","pos","False","True","train"
"2270","Zapatero inicia el lunes su viaje a China y Japón con un marcado componente económico","Zapatero","pos","pos","pos","False","True","train"
"2271","Cataluña amenaza el año récord de Caixabank","Cataluña","neg","neg","neu","False","True","train"
"2272","La bolsa sufre su mayor castigo desde agosto al retroceder un 3%","La bolsa","neg","neg","neg","False","True","train"
"2273","Repsol sale al mercado para captar 1.250 millones en deuda sostenible","Repsol","pos","neu","pos","False","True","train"
"2274","Wall Street vuelve a las ventas afectado por la caída del petróleo","Wall Street","neg","neg","neg","False","True","train"
"2275","Consultorios","Consultorios","neu","neu","neu","False","True","train"
"2276","Sitio del día: Swiftkey, una app para escribir más rápido","Swiftkey","pos","neu","pos","False","True","train"
"2277","FMI: el déficit de España se disparará al 9,5% del PIB y la deuda pública ascenderá al 113% en 2020","el déficit de España","neg","neg","neg","False","True","train"
"2278","Famosa celebra 50 años de Nancy con una edición limitada de 10.000 unidades","Famosa","pos","neu","pos","False","True","train"
"2279","La financiación vía mercados se acerca al 50%, máximo histórico","financiación vía mercados","pos","pos","pos","False","True","train"
"2280","Bombardier gana un 4,5% menos pese a disparar las ventas del negocio aeroespacial","Bombardier","neg","neu","neu","False","True","train"
"2281","Los trabajadores de ITP en Sestao y Barakaldo piden una solución 'in extremis' a sus despidos","trabajadores de ITP","neg","neg","neg","False","True","train"
"2282","El Tribunal de Estrasburgo confirma la ilegalización de la formación ANV","El Tribunal de Estrasburgo","pos","neu","pos","False","True","train"
"2283","El Ayuntamiento abre el plazo para solicitar las ayudas económicas al deporte escolar","El Ayuntamiento","pos","neu","pos","False","True","train"
"2284","La volatilidad seguirá subiendo según se acerquen las elecciones de EEUU","La volatilidad","neg","neg","neg","False","True","train"
"2285","El potencial reemplazo de Powell afectará a la renta fija y entorpecerá el tapering","reemplazo de Powell","neg","neg","neg","False","True","train"
"2286","8 de cada 10 españoles son felices en su trabajo","españoles","pos","pos","pos","False","True","train"
"2287","La Reserva Federal estudia reducir la compra de bonos a final de año","La Reserva Federal ","pos","pos","pos","False","True","train"
"2288","Xiaomi Redmi 5, un smartphone todoterreno por 125 euros","Xiaomi Redmi 5","pos","neu","pos","False","True","train"
"2289","La Ruta Xacobea de AC bate un récord","La Ruta Xacobea de AC","pos","neu","neu","False","True","train"
"2290","Teknei espera crecer con la transformación digital y el cambio generacional","Teknei","pos","neu","neu","False","True","train"
"2291","WhatsApp añade nuevas funciones para mejorar la comunicación entre empresas y clientes","WhatsApp","pos","pos","pos","False","True","train"
"2292","Los clientes de las franquicias prefieren Facebook a Twitter","Facebook","pos","neg","neu","False","True","train"
"2293","La economía china ya acecha el podio de las potencias mundiales","economía china","pos","neg","neu","False","True","train"
"2294","Best Buy ya no quiere que vayas a su tienda y ha tomado esta decisión","Best Buy","neg","neu","neg","False","True","train"
"2295","Bankia asume otro ajuste de red y plantilla al absorber BMN","Bankia","pos","neu","neg","False","True","train"
"2296","EURUSD: es probable un nuevo máximo antes de cualquier corrección importante","EURUSD","pos","pos","pos","False","True","train"
"2297","Caixa Penedès cerrará 39 oficinas, el 6% de su red","Caixa Penedès","neg","neu","neg","False","True","train"
"2298","La subida está encabezada por el sector servicios, al que pertenecen dos de cada tres contratos temporales firmados en 2021","sector servicios","pos","neu","pos","False","True","train"
"2299","Reyal Urbis evita de nuevo la liquidación, al admitirse su propuesta de convenio","Reyal Urbis","pos","neu","neu","False","True","train"
"2300","Pizarro: la crisis ha tocado fondo, pero la recuperación económica tardará","la crisis","pos","pos","pos","False","True","train"
"2301","Iberdrola apuesta por la eólica marina y las subastas para duplicar su cartera 'verde' en EEUU","Iberdrola","pos","neu","pos","False","True","train"
"2302","Accenture compra la firma española de 'big data' Pragsis Bidoop","Accenture","pos","neu","neu","False","True","train"
"2303","Iberdrola engrasa las puertas giratorias: ficha a la exministra del PP Isabel García Tejerina","Iberdrola","pos","neu","neu","False","True","train"
"2304","El Eurogrupo intentará cerrar hoy el refuerzo del fondo de rescate para avalar bonos de España e Italia","El Eurogrupo","pos","pos","pos","False","True","train"
"2305","Wall Street cerró en rojo por los enfrentamientos entre Rusia y Ucrania","Wall Street","neg","neg","neg","False","True","train"
"2306","Agencias de viajes recomiendan no viajar a China y facilitar cancelaciones","China","neg","neu","neg","False","True","train"
"2307","La mitad de los españoles reducirá sus gastos esta Navidad","mitad de los españoles","neg","neg","neg","False","True","train"
"2308","Los malos resultados de ArcelorMittal preocupan a las plantas del País Vasco"," ArcelorMittal","neg","neg","neu","False","True","train"
"2309","Productos refugio para el inversor conservador","Productos refugio","pos","neu","neu","False","True","train"
"2310","El número de inversores en la Bolsa española cae un 35% en 2021","inversores en la Bolsa española","neg","neg","neg","False","True","train"
"2311","La producción industrial regresa a tasas positivas tras subir un 5,6% en noviembre","producción industrial","pos","pos","pos","False","True","train"
"2312","Sorteo de móvil Samsung para nuestros mejores lectores","Samsung","pos","neu","pos","False","True","train"
"2313","EE.UU. alza la voz contra la reforma eléctrica de México que también afecta a la española Iberdrola","EE.UU.","pos","pos","neu","False","True","train"
"2314","La pandemia no es una crisis global: las tecnológicas ganan con el confinamiento","La pandemia","neu","pos","neu","False","True","train"
"2315","La sombra de Bankia llega hasta Ibercaja: los minoristas vuelven a quedarse fuera","Bankia","neg","neg","neu","False","True","train"
"2316","Renfe afronta mañana un nuevo día de paros parciales de los maquinistas","Renfe","neg","neg","neg","False","True","train"
"2317","Sacyr repartirá un dividendo flexible de 0,049 euros o una acción por cada 45 antiguas","Sacyr","pos","neu","neu","False","True","train"
"2318","La británica Dyson traslada su sede a Singapur para ""blindar"" su futuro","La británica Dyson","pos","neu","neu","False","True","train"
"2319","Pemex no necesita perforar pozo para evaluar el megayacimiento Zama: Talos Energy","Pemex","pos","neu","neu","False","True","train"
"2320","La inflación de China se mantiene en el 1,8% en mayo","La inflación de China","neg","neg","neg","False","True","train"
"2321","S&P retira su consejo de 'vender' BBVA","S&P","pos","pos","neu","False","True","train"
"2322","Bancos y turísticas frenan el repunte de pagos de dividendos en 2021","Bancos","neg","neu","neu","False","True","train"
"2323","Arrendamiento y seguridad, dos conceptos que deberían ir de la mano para las compañías","Arrendamiento","pos","pos","neu","False","True","train"
"2324","Reforma a ley de aduanas daría armas tecnológicas a los encargados de controlar el tránsito de mercancías en Costa Rica","ley de aduanas","pos","pos","pos","False","True","train"
"2325","El Ibex vuelve a perder el 9.000 lastrado por el Brexit y la guerra comercial","El Ibex","neg","neg","neg","False","True","train"
"2326","Ayuso propone a Hacienda emular su modelo de bajos impuestos en todo el país","modelo de bajos impuestos","pos","pos","pos","False","True","train"
"2327","GN suspende toda su actividad comercial con Rusia","GN","neg","neu","neu","False","True","train"
"2328","Los datos sobre el uso de los ascensores arrojan una caída del 45% en la afluencia a la oficina por ómicron","uso de los ascensores","neg","neg","neu","False","True","train"
"2329","Las franquicias cinematográficas más taquilleras","franquicias cinematográficas","pos","neu","neu","False","True","train"
"2330","El gigante chino del petróleo Sinopec se lanza a la carrera por liderar el hidrógeno","Sinopec","pos","neg","neu","False","True","train"
"2331","Los bonos en dólares cayeron y el riesgo país se disparó por encima de 1800 puntos","bonos en dólares","neg","neg","neg","False","True","train"
"2332","Llega la hora de los recortes en RTVE","RTVE","neg","neu","neu","False","True","train"
"2333","Ence sufre su primera crisis tras el regreso al Ibex","Ence","neg","neu","neu","False","True","train"
"2334","Se vendieron más motos que autos por primera vez en la historia","motos","pos","pos","neu","False","True","train"
"2335","Mercadona abre un nuevo supermercado en Binéfar","Mercadona","pos","neu","pos","False","True","train"
"2336","El Gobierno lanzará el martes la primera subasta de la banda de frecuencias de 700MHz para el 5G","El Gobierno","pos","pos","pos","False","True","train"
"2337","Sodercan aprueba ayudas para nueve proyectos de I+D de economía circular","Sodercan","pos","neu","pos","False","True","train"
"2338","Cotización de AF Acqn Ut 28","AF Acqn Ut 28","neu","neu","neu","False","True","train"
"2339","Señales que alertan a una pyme de que puede ser el momento de cambiar su ERP","pyme","neu","neu","neu","False","True","train"
"2340","El FMI calcula que el coronavirus puede costarle entre un 0,1% y un 0,2% al PIB mundial este año","el coronavirus","neg","neg","neg","False","True","train"
"2341","Así afronta Leroy Merlin el coronavirus","Leroy Merlin","pos","neu","neu","False","True","train"
"2342","La inversión inmobiliaria caerá en 2020 a niveles no vistos desde 2014, según CBRE","La inversión inmobiliaria","neg","neg","neg","False","True","train"
"2343","HSBC toma un 6,9% de Axiare en plena opa de Colonial","HSBC","pos","neg","neu","False","True","train"
"2344","Macron renuncia a su pensión vitalicia para dar ""ejemplo""","Macron","pos","neu","pos","False","True","train"
"2345","OHLA construirá cuatro hospitales en Chile por cerca de 290 millones de euros","OHLA","pos","neu","pos","False","True","train"
"2346","China y países árabes acuerdan duplicar intercambios comerciales","China","pos","pos","pos","False","True","train"
"2347","BMW acaba de anunciar que a partir de 2025 únicamente fabricará scooter eléctricas.","BMW","pos","neu","pos","False","True","train"
"2348","El Banco de España considera imprudente subir los impuestos y el 0,9% a pensionistas y funcionarios","Banco de España","neg","neu","neu","False","True","train"
"2349","Ahora en DF | De gris a blanco: BMW estrena auto que cambia de color","BMW","pos","neu","neu","False","True","train"
"2350","Banco Sabadell cierra la venta del 80 % de Solvia a Intrum por 241 millones","Banco Sabadell","pos","neu","neu","False","True","train"
"2351","La reunión de Fomento con los estibadores acaba sin acuerdo","reunión de Fomento","neg","neu","neg","False","True","train"
"2352","Wall Street sufre un varapalo del 2% y borra los avances semanales","Wall Street","neg","neg","neg","False","True","train"
"2353","Los jueces piden que no se conceda indultos por casos de corrupción","Los jueces","pos","neu","pos","False","True","train"
"2354","Generación Z rechaza la publicidad; el 74 por ciento prefiere ahorrar y conocer a las marcas","Generación Z","pos","pos","pos","False","True","train"
"2355","España trabaja en privado para promocionar un fondo de recuperación para Latam","España","pos","pos","neu","False","True","train"
"2356","La vivienda se encarece un 4,2 % en eurozona y UE en último trimestre de 2018","La vivienda","neg","neu","neg","False","True","train"
"2357","Oral B, Braun y más: 10 productos de higiene y belleza con rebajas increíbles en Amazon","Oral B","pos","neu","pos","False","True","train"
"2358","Las facturas de los negocios se duplican por la subida del precio de la electricidad","facturas de los negocios","neg","neg","neg","False","True","train"
"2359","Este es el salario que gana la mitad de los mexicanos","salario que gana la mitad de los mexicanos","neu","neu","neu","False","True","train"
"2360","LA BANCA ANTE LA JUSTICIA DE LA UE","LA BANCA","neu","neu","neu","False","True","train"
"2361","La gran banca pide beneficios fiscales para la financiación 'verde'","La gran banca","pos","neu","neu","False","True","train"
"2362","ACS gana 9 parques fotovoltaicos en Brasil por 406 millones de euros","ACS","pos","neu","neu","False","True","train"
"2363","Euskadi es la única comunidad con repunte del paro en marzo","Euskadi","pos","pos","pos","False","True","train"
"2364","La producción industrial modera su avance en julio con un alza del 2%","La producción industrial","pos","pos","pos","False","True","train"
"2365","Range Rover Sport HST MHEV: un seis cilindros de 400 CV con etiqueta ECO","Range Rover Sport","pos","neu","pos","False","True","train"
"2366","Precio del cobre cierra con máximo histórico en la Bolsa de Metales de Londres por invasión a Ucrania","Precio del cobre","neg","neg","neg","False","True","train"
"2367","Ampliaciones de Capital","Ampliaciones de Capital","pos","pos","neu","False","True","train"
"2368","Los ""ricos"" merecen menos impuestos que los pobres","Los ""ricos""","pos","pos","neg","False","True","train"
"2369","La Justicia europea declara ilegal la acción de oro lusa sobre PT y allana la compra de Vivo","La Justicia europea","pos","neu","neu","False","True","train"
"2370","Nova Austral logra certificación internacional para cinco centros","Nova Austral","pos","neu","neu","False","True","train"
"2371","Consultorio de Bolsa con Nicolás López y Eduardo Bolinches","Consultorio de Bolsa","neu","neu","neu","False","True","train"
"2372","Los cuatro directivos de Repsol investigados por el vertido no podrán salir de Perú durante 18 meses","directivos de Repsol","neg","neu","neg","False","True","train"
"2373","El Banco de Inglaterra mantiene tipos y espera que la inflación llegue al 4% en el cuarto trimestre","Banco de Inglaterra","neg","neg","neg","False","True","train"
"2374","Empresarios asturianos piden acuerdo que garantice futuro de Duro Felguera","Empresarios asturianos","pos","pos","neu","False","True","train"
"2375","7 razones por las que deberías solicitar financiación a través del Crowdlending","Crowdlending","pos","neu","pos","False","True","train"
"2376","El Ibex 35 sube un 10% y otras 5 claves de la Bolsa en 2017","El Ibex 35","pos","pos","pos","False","True","train"
"2377","La hora del ‘Green Recovery’ y la digitalización","‘Green Recovery’","pos","neu","neu","False","True","train"
"2378","Economía/Macro.- Almunia pide a los países de la UE que no aplacen la reforma de las pensiones","Almunia","pos","neu","pos","False","True","train"
"2379","El Consejo de Ministros aprobará este mes la Obligación de Servicio Público","El Consejo de Ministros","pos","neu","pos","False","True","train"
"2380","La eurozona prestará 150.000 millones al FMI y pide a otros países que contribuyan","La eurozona","pos","pos","pos","False","True","train"
"2381","Netzer Consulting presenta su división cloud, «365 Makers»","Netzer Consulting","pos","neu","neu","False","True","train"
"2382","Leopoldo del Nogal abandona el consejo de administración de El Corte Inglés","Leopoldo del Nogal","neg","neu","neu","False","True","train"
"2383","Adif multará a adjudicatarias que pacten concursos con el 10 % del contrato","Adif","neg","neu","neu","False","True","train"
"2384","El FMI alerta a Italia de que sus políticas podrían dejar ""vulnerable"" al país ante los mercados","Italia","neg","neg","neg","False","True","train"
"2385","Un joven 'gamer' de 17 años gana 1,4 millones de euros en 2020 revendiendo en tiempos de pandemia PS5, Xbox Series X/S y otros productos de lujo","Un joven 'gamer'","pos","neu","neu","False","True","train"
"2386","Duro revés para PharmaMar en la Bolsa","PharmaMar","neg","neu","neu","False","True","train"
"2387","La Airef considera que la política fiscal de los Presupuestos es «muy similar» a la de otros años","Presupuestos","neg","neu","neu","False","True","train"
"2388","Luz verde definitiva para Iberdrola y su 'megaproyecto' de interconexión en EEUU","Iberdrola","pos","neu","neu","False","True","train"
"2389","Bankinter prevé recuperar en 2 o 3 años la aportación de Línea Directa","Bankinter","pos","neu","neu","False","True","train"
"2390","Shikku Izakaya lanza una carta de carne wagyu","Shikku Izakaya","pos","neu","pos","False","True","train"
"2391","Así es el coche autónomo del ejército español","coche autónomo","pos","neu","neu","False","True","train"
"2392","OHL logra un préstamo de 750 millones poniendo en garantía su 15,24% de Abertis","OHL","pos","neu","neu","False","True","train"
"2393","Facturas falsas y fraude fiscal: varapalo al promotor de oficinas que acusa al Gobierno de comprar periodistas","promotor de oficinas","neg","neu","neg","False","True","train"
"2394","Las gestoras catalanas frenan los reembolsos de sus fondos","gestoras catalanas","neg","neu","neu","False","True","train"
"2395","Los empresarios catalanes lamentan el “amateurismo económico” de ERC con la reforma laboral","empresarios catalanes","neg","neg","neg","False","True","train"
"2396","El Tamagotchi regresa por todo lo alto: pantalla a color, cámara y mucho más","El Tamagotchi","pos","neu","neu","False","True","train"
"2397","El Ibex 35 lidera Europa y se asienta sobre los 9.800 puntos","Ibex 35","pos","pos","pos","False","True","train"
"2398","La luz superará este jueves los 400 euros MWh y marcará récord histórico","La luz","neg","neg","neg","False","True","train"
"2399","El mayor fabricante mundial de semiconductores, afectado por un virus informático","fabricante mundial de semiconductores","neg","neu","neu","False","True","train"
"2400","La gestión integral del patrimonio, clave para la empresa familiar","gestión integral del patrimonio","pos","pos","pos","False","True","train"
"2401","Las empresas fintech (ITF) que han obtenido la autorización de la CNBV","Las empresas fintech","pos","neu","neu","False","True","train"
"2402","Facebook mantiene su plan de integrar los chats de todas sus aplicaciones: ahora le podría tocar a WhatsApp y Messenger","Facebook","pos","neu","pos","False","True","train"
"2403","Vox Andalucía presenta una enmienda a la totalidad de los presupuestos de la comunidad","Vox Andalucía","neg","neg","neg","False","True","train"
"2404","Draghi protesta por el registro policial efectuado en el banco central de Eslovenia","Draghi","neg","neg","neu","False","True","train"
"2405","Cotización de Nyesa Valores","Cotización de Nyesa Valores","neu","neu","neu","False","True","train"
"2406","Aena estudia mejorar el dividendo para aplacar las exigencias de TCI","Aena","pos","neu","neu","False","True","train"
"2407","Sánchez e Iglesias presentarán los Presupuestos en un acto conjunto el martes","los Presupuestos","neu","neu","neu","False","True","train"
"2408","Sube solo un 2% el tipo efectivo que las empresas pagan a Hacienda","tipo efectivo ","neg","neg","neu","False","True","train"
"2409","III Foro Reciclaje y Economía Circular. Fotografías de grupo","Foro Reciclaje y Economía Circular","pos","neu","pos","False","True","train"
"2410","Iberdrola se va de Siemens Gamesa: cierra la venta de su 8% por 1.100 millones","Iberdrola","pos","neu","neu","False","True","train"
"2411","Productos de alimentación de El Corte Inglés que están al 50%","El Corte Inglés","pos","neu","pos","False","True","train"
"2412","La SEC investiga a Exxon por la valoración de sus activos de la Cuenca Pérmica","Exxon","neg","neu","neu","False","True","train"
"2413","Si el mercado de bolsas de todo el mundo se vuelve bajista estas son las medias en descenso históricas","mercado de bolsas","neg","neu","neu","False","True","train"
"2414","Gimeno pide la auditoría sobre contratación en el área de seguridad de ECI","área de seguridad de ECI","neg","neu","neu","False","True","train"
"2415","Los usuarios del transporte público aumentaron un 31,6% en marzo, la primera subida en pandemia","usuarios del transporte público","pos","neu","pos","False","True","train"
"2416","La AIReF asegura que el PIB creció un 0,75% en el segundo trimestre y repuntará un 0,8% en el tercero","el PIB","pos","pos","pos","False","True","train"
"2417","Un negocio en el metaverso","negocio en el metaverso","pos","pos","neu","False","True","train"
"2418","El presidente de Italia llama a la unidad nacional para superar la crisis","El presidente de Italia","pos","pos","pos","False","True","train"
"2419","La castellonense Valfortec invertirá 18 millones en un planta entre Elda y Novelda","La castellonense Valfortec","pos","neu","pos","False","True","train"
"2420","Blanco anuncia una inversión de más de 1.700 millones hasta 2012 para rehabilitar 190.000 viviendas","Blanco","pos","neu","pos","False","True","train"
"2421","La expedición de DNI y pasaportes generó 118 millones de euros en ingresos en 2018","La expedición de DNI","pos","neu","pos","False","True","train"
"2422","Los 'hedge' se reparten el 3,87% de Enagás, el valor con más posiciones cortas del Ibex","Los 'hedge'","pos","neu","neu","False","True","train"
"2423","Strauss-Kahn ficha por el banco ruso VBRR, controlado por Rosneft","Strauss-Kahn","pos","neu","neu","False","True","train"
"2424","Mapfre prepara un anuncio ""importante"", CNMV suspende cotización","Mapfre","neg","neu","neu","False","True","train"
"2425","Las administraciones coordinarán el congreso de móviles desde una fundación","Las administraciones","pos","neu","pos","False","True","train"
"2426","VozTelecom cierra un principio de acuerdo para comprar ComyMedia","VozTelecom","pos","neu","neu","False","True","train"
"2427","La locura por el running relanza la venta de deportivas españolas","el running","pos","pos","neu","False","True","train"
"2428","La Agencia Tributaria quiere ‘pescar’ entre los beneficiarios del plan PIVE","La Agencia Tributaria","neg","neu","neu","False","True","train"
"2429","Metrovacesa pagará un dividendo de 0,3955 euros el 16 de diciembre","Metrovacesa","pos","neu","neu","False","True","train"
"2430","Los sueldos inician su recuperación en Euskadi tras cuatro años de bajadas","Los sueldos","pos","pos","pos","False","True","train"
"2431","El Ibex cierra la sesión con un aumento del 2,07%, hasta los 6.585 puntos","El Ibex","pos","pos","pos","False","True","train"
"2432","Reale Seguros logra un resultado récord de 57 millones de euros","Reale Seguros","pos","neu","neu","False","True","train"
"2433","Mercado inmobiliario, 2020: 25% menos de ventas y un 14% más baratas","Mercado inmobiliario","neg","neu","pos","False","True","train"
"2434","Adif dará el lunes el pistoletazo de salida a la liberalización ferroviaria","Adif","pos","neu","neu","False","True","train"
"2435","Iberdrola acelera las megadonaciones del Ibex con 22 millones de euros","Iberdrola","pos","neu","neu","False","True","train"
"2436","ACS construirá el metro ligero de Ottawa","ACS","pos","neu","pos","False","True","train"
"2437","Las pernoctaciones extrahoteleras caen un 84,6% en junio tras abrir menos de un tercio de los establecimientos","Las pernoctaciones extrahoteleras","neg","neg","neg","False","True","train"
"2438","El debate pendiente sobre los ayuntamientos","los ayuntamientos","neu","neu","neu","False","True","train"
"2439","Continental revisa a la baja sus pronósticos de beneficio y facturación","Continental","neg","neu","neu","False","True","train"
"2440","General Electric saldrá del índice Dow Jones después de 111 años y será reemplazada por Walgreens","General Electric","neg","pos","neu","False","True","train"
"2441","El juez liquida una inmobiliaria de Banco de Valencia, Gesfesa, Igsa y Planea","El juez","neg","neg","neu","False","True","train"
"2442","Barclays mejora sus previsiones para este año en BBVA y Banco Sabadell","Barclays","pos","neu","neu","False","True","train"
"2443","""El impacto de la guerra en la inflación será mayor en España e Italia""","impacto de la guerra","neg","neg","neg","False","True","train"
"2444","El programa militar FCAS garantiza el crecimiento futuro de la empresa vasca ITP","programa militar FCAS","pos","pos","neu","False","True","train"
"2445","Telefónica sale de la Bolsa de Argentina por su escaso volumen de negociación","Telefónica","neg","neu","neu","False","True","train"
"2446","El Supremo ratifica la validez de las hipotecas IRPH tras las últimas resoluciones del Tribunal de la UE","El Supremo","pos","pos","neu","False","True","train"
"2447","Barclays bate pronósticos al ganar un 29% más y reducir provisiones","Barclays","pos","neu","neu","False","True","train"
"2448","Los billetes de 100 euros en circulación marcan mínimos históricos en abril","billetes de 100 euros","neg","neu","neg","False","True","train"
"2449","RSC.- Nestlé llegó en 2004 a 82.400 niños en Brasil a través de 'NUTRIR', su campaña nacional contra la desnutrición","Nestlé","pos","neu","pos","False","True","train"
"2450","Santander aprueba la salida a Bolsa de Getnet para impulsar su nueva plataforma de pagos PagoNxt","Santander","pos","neu","neu","False","True","train"
"2451","La agencia de calificación china Dagong recorta su nota a EEUU","Dagong","pos","neg","neu","False","True","train"
"2452","AQR desembarca en BBVA y ya es el mayor azote bajista de la banca","AQR","pos","neu","neu","False","True","train"
"2453","Socio mayoritario de Carige está dispuesto a ""apoyar una solución de mercado""","Socio mayoritario de Carige","pos","neu","pos","False","True","train"
"2454","FCC cierra al filo de los 7,6 euros en su despedida del Ibex","FCC","neg","neu","neu","False","True","train"
"2455","El peor Día Mundial de la Energía en España: precios récord en todo","Energía en España","neg","neg","neg","False","True","train"
"2456","Pedro Sánchez abrirá foro de la OMT sobre el reto demográfico y el turismo","foro de la OMT","pos","pos","pos","False","True","train"
"2457","La cara B de la oferta china por Nissan Barcelona: apenas beneficiará a los proveedores","oferta china","neg","neg","neu","False","True","train"
"2458","El Ibex cubre el hueco bajista que se dejara el pasado 6 de diciembre","El Ibex","neg","neg","neg","False","True","train"
"2459","México sustituye a Turquía en las pesadillas de BBVA","México","neg","neu","neu","False","True","train"
"2460","Récord de la prima de riesgo de España mientras la UE prepara el rescate irlandés","prima de riesgo de España","neg","neg","neg","False","True","train"
"2461","Los extranjeros copan el 15,4% de las compras de pisos","Los extranjeros","pos","pos","neu","False","True","train"
"2462","Merlin gana 262 millones, un 45% menos, por la ausencia de extraordinarios","Merlin","neg","neu","neu","False","True","train"
"2463","La UE y AstraZeneca ponen fin a la batalla legal por los retrasos de entregas de vacunas","La UE","pos","pos","pos","False","True","train"
"2464","Las economías avanzadas frenan su recuperación: la OCDE avanza que el crecimiento ha tocado techo y se ralentizará en los próximos meses","Las economías avanzadas","neg","neg","neg","False","True","train"
"2465","El proyecto energético del Gobierno sale victorioso de su reválida en el Congreso","proyecto energético del Gobierno","pos","neu","pos","False","True","train"
"2466","Técnicas Reunidas multiplica por trece su beneficio en el primer trimestre","Técnicas Reunidas","pos","neu","neu","False","True","train"
"2467","Vodafone emite 4.000 millones en bonos para comprar activos de Liberty","Vodafone","pos","neu","neu","False","True","train"
"2468","Todas las fábricas de BSH ya son neutras en emisiones","fábricas de BSH","pos","neu","pos","False","True","train"
"2469","Vichy Catalan apuesta por la feria Gulfood 2016 para incrementar sus exportaciones","Vichy Catalan","pos","neu","neu","False","True","train"
"2470","Cae la tasa de ahorro de los hogares en 2018 al mínimo histórico","tasa de ahorro","neg","neg","neg","False","True","train"
"2471","Inquietud en el Banco de España","Banco de España","neg","neg","neg","False","True","train"
"2472","Un juzgado de Valencia reconoce la relación laboral existente entre 97 'riders' y Deliveroo","relación laboral","pos","neu","neu","False","True","train"
"2473","Jupiter lanza un fondo que invierte en bonos sostenibles","Jupiter","pos","pos","pos","False","True","train"
"2474","Más recortes para el ahorro en planes de pensiones","planes de pensiones","neg","neu","neg","False","True","train"
"2475","De TikTok a Xiaomi: así están actuando los gigantes tecnológicos chinos ante la invasión rusa en Ucrania","gigantes tecnológicos chinos","neu","neu","neu","False","True","train"
"2476","Emmanuel Macron: inspector fiscal, banquero y nuevo presidente de Francia","Emmanuel Macron","neu","neu","neu","False","True","train"
"2477","El Gobierno prorroga el 'escudo social' contra los desahucios y cortes energéticos","El Gobierno","pos","neu","pos","False","True","train"
"2478","Bondora condenada en Las Palmas al pago de 7000 euros por inclusión indebida en ASNEF","Bondora","neg","neu","neu","False","True","train"
"2479","70 puestos cotizados para trabajar en 12 sectores emergentes","70 puestos cotizados","pos","neu","pos","False","True","train"
"2480","Renault garantiza a los sindicatos el futuro de las factorías españolas","Renault","pos","pos","pos","False","True","train"
"2481","Nueva oportunidad para el mecenazgo con el informe sobre la reforma fiscal","el mecenazgo","pos","neu","neu","False","True","train"
"2482","Cellnex cierra su macroampliación de capital con fuerte demanda","Cellnex","pos","neu","neu","False","True","train"
"2483","La CNMV autoriza la opa de exclusión de bolsa de Vueling","La CNMV","pos","pos","neu","False","True","train"
"2484","Los españoles necesitan 7,5 años de sueldo íntegro para comprar una vivienda","Los españoles","neg","neu","neg","False","True","train"
"2485","El empeño de Google en volver a las oficinas en septiembre está frustrando a algunos empleados que dicen que renunciarán si no pueden trabajar a distancia de manera permanente","Google","neg","neu","neu","False","True","train"
"2486","El consejo de Norwegian rechaza las dos ofertas de compra planteadas por IAG","consejo de Norwegian","pos","neg","neu","False","True","train"
"2487","«Soy ALT es la radio que nos gustaría escuchar»","Soy ALT ","pos","neu","pos","False","True","train"
"2488","FMI: la economía de España se desplomará un 12,8% este año","la economía de España","neg","neg","neg","False","True","train"
"2489","Grupo CaixaBank, primera entidad en España en recibir la certificación de Finanzas Sostenibles de AENOR en la gestión de activos","Grupo CaixaBank","pos","pos","neu","False","True","train"
"2490","Invasión día 14: Rusia asegura que buscará lograr sus objetivos a través de ""conversaciones"", mientras la UE acuerda nueva ronda de sanciones","UE","pos","neg","neg","False","True","train"
"2491","La confianza empresarial cae un 2,5% por las peores expectativas ante ómicron","La confianza empresarial","neg","neg","neu","False","True","train"
"2492","Francia dará primas a los que desguacen su coche para comprar una bicicleta","Francia","pos","neu","pos","False","True","train"
"2493","Seat León FR, un gran salto adelante","Seat León FR","pos","neu","neu","False","True","train"
"2494","El déficit público en la eurozona sube al 0,5% en el tercer trimestre","El déficit público","neg","neg","neg","False","True","train"
"2495","Bolsa: las mejores opciones para el 'rally' automovilístico","rally' automovilístico","pos","neu","neu","False","True","train"
"2496","Las aerolíneas de bajo coste incrementan sus pasajeros un 12,9% hasta noviembre","aerolíneas de bajo coste","pos","neu","pos","False","True","train"
"2497","Avanza la precarización del trabajo en México, advierten analistas","precarización del trabajo en México","neg","neg","neg","False","True","train"
"2498","Amazon tiene un cálculo anual del número de trabajadores que no le importaría perder, y para sus empleados es una de las razones por las que su cultura empresarial es despiadada","Amazon","pos","neu","neg","False","True","train"
"2499","El fondo holandés APG eleva su presencia en Viscofan a más del 10%","fondo holandés APG","pos","neu","neu","False","True","train"
"2500","GM perdió 758 millones de dólares en el segundo trimestre por el Covid","GM","neg","neu","neu","False","True","train"
"2501","La importancia económica de Brasil para Extremadura, a debate en los cursos de verano de la UEX","importancia económica de Brasil","neu","neu","neu","False","True","train"
"2502","El BdE aconseja evitar presupuestos expansivos y señala que el PIB crecerá otro 0,7% en el segundo trimestre","El BdE","pos","pos","pos","False","True","train"
"2503","Biden impone sanciones a Rusia y enviará soldados a los países bálticos","sanciones a Rusia","neg","neg","neg","False","True","train"
"2504","Fitch cree que el préstamo para comprar MásMóvil refleja el interés del mercado","préstamo para comprar MásMóvil","pos","pos","neu","False","True","train"
"2505","Ecuador denuncia Air Comet y da al caso un cariz internacional","Air Comet","neg","neu","neu","False","True","train"
"2506","El sector inmobiliario, a la cola en sostenibilidad, pide objetivos realistas","El sector inmobiliario","neg","neu","neg","False","True","train"
"2507","Telefónica consolida su racha alcista y alcanza máximos de dos meses","Telefónica","pos","neu","neu","False","True","train"
"2508","El 60% de las empresas no prevé mejorar sus ventas este verano","60% de las empresas","neg","neg","neu","False","True","train"
"2509","Banco Madrid intenta frenar la fuga de empleados","Banco Madrid","neg","neu","neg","False","True","train"
"2510","El Black Friday salva la venta de coches en Euskadi","El Black Friday","pos","pos","neu","False","True","train"
"2511","Así es como Tous, Scalpers y D.Franklin pisan el acelerador digital tras el Covid-19","Tous","pos","pos","pos","False","True","train"
"2512","Barclays gana 2.271 millones de euros en el primer semestre, un 269 % más","Barclays","pos","neu","neu","False","True","train"
"2513","Black Friday Aliexpress: 10 chollazos de hogar con entrega en 7 días (y envío gratuito)","Aliexpress","pos","neu","pos","False","True","train"
"2514","Actualmente, la generación de empleos directos por el sector vivienda es un 20 % mayor que en 2019","empleos directos","pos","pos","pos","False","True","train"
"2515","S&P mejora la perspectiva de España y abre la puerta a una subida del ráting","perspectiva de España","pos","pos","pos","False","True","train"
"2516","Valores a seguir jueves día 1: Biosearch, Sniace, Atresmedia, Iberdrola","Valores a seguir","pos","neu","neu","False","True","train"
"2517","Naturgy amplía al 7% su caída en Bolsa tras anunciar su escisión en dos grupos","Naturgy","neg","neu","neu","False","True","train"
"2518","Comerciantes amenazan con denunciar a CaixaBank por vender electrodomésticos","CaixaBank","neg","neu","neu","False","True","train"
"2519","Criteria aumenta su participación en el Erste Bank hasta el 7,85%","Criteria","pos","neu","neu","False","True","train"
"2520","Las CCAA cumplen por primera vez el plazo legal de pago a proveedores","Las CCAA","pos","pos","pos","False","True","train"
"2521","Azuaga mantiene sus funciones ejecutivas en Unicaja y un representante de Mayoral entra en el consejo","Azuaga","pos","neu","neu","False","True","train"
"2522","BMW y Mercedes buscarían una alianza frente a la crisis","BMW","pos","pos","neu","False","True","train"
"2523","IV Congreso FEICASE","Congreso FEICASE","neu","neu","neu","False","True","train"
"2524","Alierta presume de su viejo Nokia: ""Soy el único libre, ni Google, ni Apple ni Facebook saben mi vida""","Alierta","pos","neu","neg","False","True","train"
"2525","Hummer pasará a manos Chinas","Hummer","neu","neu","neu","False","True","train"
"2526","Sorteo del sueldo de Javier Milei: cómo anotarse, cuándo es y el monto total","Sorteo del sueldo de Javier Milei","pos","neu","pos","False","True","train"
"2527","El interés de las hipotecas sigue en mínimos del 1,9% a pesar del auge de los tipos fijos","interés de las hipotecas","neg","neu","neg","False","True","train"
"2528","Vodafone y Deloitte se alían en sanidad conectada","Vodafone","pos","pos","pos","False","True","train"
"2529","Hacienda investiga otra lista de españoles con 6.600 millones en cuentas suizas","Hacienda","pos","neu","pos","False","True","train"
"2530","Japón: el Nikkei pierde un 1,8% y regresa a niveles de enero","el Nikkei","neg","neg","neg","False","True","train"
"2531","La Costeña da revés a los puestos de elotes y lanza esquites embolsados","La Costeña","pos","neu","neu","False","True","train"
"2532","‘Arrivederci’ Alitalia, no se te echará de menos","Alitalia","neg","neu","neu","False","True","train"
"2533","El Ibex se congela antes de la Fed","El Ibex","neg","neg","neg","False","True","train"
"2534","Cada extremeño gastará de media 11,3 euros en el sorteo de El Niño","Cada extremeño","pos","neu","neu","False","True","train"
"2535","Disa redujo un 38% su negocio petrolero por el Covid","Disa","neg","neu","neu","False","True","train"
"2536","El Ibex 35 conquista los 8.300 impulsado por Endesa, Solaria y Acciona","El Ibex 35","pos","pos","pos","False","True","train"
"2537","Conferencia: Cinco claves para potenciar la automatización del marketing moderno","automatización del marketing moderno","pos","neu","neu","False","True","train"
"2538","Economía/Empresas.- Accenture adquiere la empresa de Recursos Humanos Pecaso","Accenture","pos","neu","neu","False","True","train"
"2539","La banca española se rebela contra Moody’s","La banca española","pos","neg","neu","False","True","train"
"2540","Ferrovial baja un 20% el sueldo a su dirección mientras dure la crisis del coronavirus","Ferrovial","pos","neu","neu","False","True","train"
"2541","Cotización de RPM International","Cotización de RPM International","neu","neu","neu","False","True","train"
"2542","El juez acusa al exdirector general de CAM y a otro exdirectivo de dietas y préstamos irregulares","exdirector general de CAM","neg","neu","pos","False","True","train"
"2543","El South Summit alza la voz y reclama más apoyo público a la innovación","El South Summit","pos","neu","pos","False","True","train"
"2544","El precio medio de la vivienda aumentó el 5,5 % en 2018, según la tasadora ST","precio medio de la vivienda","neg","pos","neg","False","True","train"
"2545","Freno de la Ley de Hidrocarburos se definirá en la Corte: AMLO","Ley de Hidrocarburos","neu","neu","neu","False","True","train"
"2546","Un directivo de la división de inteligencia artificial de Amazon comparte los 4 pasos que ha tomado la compañía para convertirse en un referente tecnológico del sector","Amazon","pos","neu","neu","False","True","train"
"2547","Consumo “recargado”, creció 5,4% en noviembre y ya suma cinco meses en alza","Consumo “recargado”","pos","pos","pos","False","True","train"
"2548","La bajada de los alimentos deja la subida de precios de enero en el 1%","bajada de los alimentos","neg","neg","neg","False","True","train"
"2549","Burberry nombra consejero delegado a Marco Gobbetti","Burberry","neu","neu","neu","False","True","train"
"2550","El 'gurú' tecnológico que saca a bolsa el primer equipo de fútbol español","El 'gurú' tecnológico","pos","pos","neu","False","True","train"
"2551","El AVE llegará a Murcia a finales de 2017","El AVE","pos","neu","pos","False","True","train"
"2552","El sector servicios crece al ritmo más rápido desde noviembre","sector servicios","pos","pos","pos","False","True","train"
"2553","Wall Street remonta las pérdidas iniciales a la espera de la Fed","Wall Street","pos","pos","neu","False","True","train"
"2554","Las empresas aportan la mitad que hace 10 años a las cuentas del Estado","Las empresas","neg","neg","neg","False","True","train"
"2555","Apple compensa la falta de ilusión de Wall Street comprándose sus propios títulos por 14.000 millones de dólares","Apple","pos","neu","neu","False","True","train"
"2556","Se mantienen los diez días de apertura de comercios en festivo en el 2013","apertura de comercios","pos","pos","pos","False","True","train"
"2557","Clínica INDISA completó inversiones por US$ 10 millones para potenciar capacidad de diagnóstico en imágenes","Clínica INDISA","pos","neu","pos","False","True","train"
"2558","Órdago de Montoro a Bruselas: España debería ajustar 43.500 millones para cumplir con el déficit","España","pos","pos","pos","False","True","train"
"2559","Los tuits de Trump y las tensiones geopolíticas tumban la Bolsa de Seúl","Los tuits de Trump","neg","neg","neg","False","True","train"
"2560","Telefónica recortará un 10% de su plantilla en la República Checa","Telefónica","neg","neu","neg","False","True","train"
"2561","Empresas portuarias denuncian el ""vandalismo"" de los estibadores","Empresas portuarias","neg","neu","neg","False","True","train"
"2562","Guerra entre los mayores accionistas de Cabures","mayores accionistas de Cabures","neg","pos","neu","False","True","train"
"2563","La Gran Dimisión no llega a España pese a la frustración de parte de los trabajadores","La Gran Dimisión","neg","neg","neg","False","True","train"
"2564","Las grandes empresas, obligadas a buscar trabajo a 25.000 afectados por sus ERE","Las grandes empresas","neg","neu","pos","False","True","train"
"2565","La “ambición climátic” de la UE y la especulación llevan el carbono a máximos y encarecen la luz | España ingresa el doble con las subastas","“ambición climátic” de la UE","neg","neg","neg","False","True","train"
"2566","La Feria del Mueble cierra con una asistencia de 25.000 personas","La Feria del Mueble","pos","pos","neu","False","True","train"
"2567","Cuatroochenta prevé salir al MAB en octubre","Cuatroochenta","pos","neu","neu","False","True","train"
"2568","BlackRock desbanca a BBVA del podio de la gestión de fondos en España","BlackRock","pos","neg","neu","False","True","train"
"2569","El interés del bono de Portugal baja del 5% por primera vez desde 2010","interés del bono de Portugal","pos","pos","pos","False","True","train"
"2570","Las trabajadoras en ERTE no pueden cobrar la prestación por riesgo en el embarazo","Las trabajadoras en ERTE","neg","neu","neg","False","True","train"
"2571","Cellnex mira hacia Irlanda tras asaltar Reino Unido","Cellnex","pos","neu","neu","False","True","train"
"2572","El Tesoro emitirá mañana hasta 3.500 millones en letras a tres y nueve meses","El Tesoro","pos","pos","pos","False","True","train"
"2573","Así serán las vacaciones de los españoles: la mitad no viajará y un 9% irá al extranjero","vacaciones de los españoles","neg","neg","neg","False","True","train"
"2574","Marketing con propósito y las oportunidades que representa para las pymes","Marketing con propósito","pos","pos","neu","False","True","train"
"2575","Las familias sacan 50.000 millones de depósitos en un año por su baja rentabilidad","Las familias","neg","neu","neg","False","True","train"
"2576","El transporte ve los gases renovables ""esenciales"" para descarbonizar la movilidad","los gases renovables","pos","pos","pos","False","True","train"
"2577","El Ayuntamiento de Badajoz destina más de 141.000 euros para rehabilitar el Casco Antiguo","El Ayuntamiento de Badajoz","pos","pos","pos","False","True","train"
"2578","India capitaliza la diversificación post-Covid: disparará sus exportaciones textiles un 81% hasta 2026","India","pos","pos","pos","False","True","train"
"2579","El buen momento de la empleabilidad","la empleabilidad","pos","pos","pos","False","True","train"
"2580","Volvo arranca una campaña de proximidad en las áreas de influencia de los concesionarios","Volvo","pos","neu","pos","False","True","train"
"2581","Los trabajadores de Petronor deciden suspender su huelga","trabajadores de Petronor ","pos","pos","pos","False","True","train"
"2582","Las bajas por enfermedad profesional aumentan un 19%","bajas por enfermedad","neg","neg","neg","False","True","train"
"2583","Más de doscientos ayuntamientos valencianos elegirán su factura entre Iberdrola y Gas Natural","ayuntamientos valencianos","pos","pos","pos","False","True","train"
"2584","La inversión verde se viste de rojo pese al impulso de la administración en Europa","La inversión verde","neg","neg","neg","False","True","train"
"2585","Viesgo renueva su programa de bonos a corto plazo en la Bolsa de Dublín","Viesgo","pos","neu","neu","False","True","train"
"2586","No olviden seguir usando sus vales guardería, la DGT confirma su compatibilidad con la nueva deducción por gastos de guardería","vales guardería","pos","neu","pos","False","True","train"
"2587","El Sorteo de Navidad deja 1,46 millones en la provincia de Badajoz","Sorteo de Navidad","pos","neu","pos","False","True","train"
"2588","COMUNICADO: J.LINDEBERG readquiere la distribución en EE.UU.","J.LINDEBERG","pos","neu","neu","False","True","train"
"2589","El empleo en el sector manufacturero aumenta en mayo hasta máximos de 19 años","empleo en el sector manufacturero","pos","neu","pos","False","True","train"
"2590","El dólar frena ganancias a la espera de la decisión de la Fed","El dólar","neg","neg","neg","False","True","train"
"2591","La Fiscalía investigará los seísmos que se asocian al proyecto Castor","La Fiscalía","pos","neu","pos","False","True","train"
"2592","BBVA unificará su marca en todo el mundo para crecer en servicios digitales","BBVA","pos","pos","neu","False","True","train"
"2593","La CEOE multiplica sus contactos con el Congreso de los Diputados","La CEOE","pos","neu","neu","False","True","train"
"2594","La Primera de Expansión sobre Aena, El Corte Inglés, Nomura y la decisión de la Fed de subir tipos en marzo","La Primera de Expansión","pos","pos","pos","False","True","train"
"2595","El Banco Mundial alerta del ""rápido y generalizado"" aumento de la deuda","Banco Mundial","neg","neg","neg","False","True","train"
"2596","Adif creará espacios aéreos protegidos para evitar el vuelo de drones","Adif","pos","neu","pos","False","True","train"
"2597","España, el país más barato de la eurozona para comprar ropa","España","pos","pos","pos","False","True","train"
"2598","Goldman Sachs duplica beneficio en el segundo trimestre al ganar 1.861 millones de dólares","Goldman Sachs","pos","neu","neu","False","True","train"
"2599","Las bolsas suben aupadas por el crudo y pese al FMI","Las bolsas","pos","pos","pos","False","True","train"
"2600","Tensión a las puertas de la bolsa","la bolsa","neg","neg","neg","False","True","train"
"2601","Adiós a la oficina central y bienvenido el talento global a las empresas, dice Platzi","oficina central","neg","pos","neu","False","True","train"
"2602","Los bancos y los bonistas controlarán un 95% de Isolux tras el rescate","Los bancos","pos","neu","neu","False","True","train"
"2603","Hudson Yards, el mayor proyecto en la historia de Manhattan","Hudson Yards","pos","neu","neu","False","True","train"
"2604","MásMóvil se estrena siendo el valor que más sube en el Ibex 35, un 3,22%","MásMóvil","pos","neu","neu","False","True","train"
"2605","Huelga en la mayor compañía minera de Mauritania casi paraliza la actividad","mayor compañía minera de Mauritania","neg","neg","neg","False","True","train"
"2606","Privalia realiza el 25 % de todas las ventas de moda online en España","Privalia","pos","neg","neu","False","True","train"
"2607","Berenberg reincide en su pesimismo sobre la banca española","Berenberg","neg","neg","neg","False","True","train"
"2608","Cotización de Bradespar N1","Cotización de Bradespar","neu","neu","neu","False","True","train"
"2609","La Caixa invierte 150 millones en un proyecto urbanístico en Andorra","La Caixa","pos","pos","pos","False","True","train"
"2610","El Barça, líder financiero de los campeones de liga","El Barça","pos","neg","neu","False","True","train"
"2611","La facturación trimestral del grupo PSA baja un 1,1 % interanual","grupo PSA","neg","neu","neu","False","True","train"
"2612","Consumidora acude con un termo ajeno a Starbucks México y la marca le niega café","Starbucks México","neg","neu","neg","False","True","train"
"2613","Agenda: La Comisión presenta su propuesta para los trabajadores de plataformas","La Comisión","pos","neu","pos","False","True","train"
"2614","Deloitte prevé más compras en el azulejo pese a la ralentización","Deloitte","pos","neu","neu","False","True","train"
"2615","Argentina, Austria y Francia se erigen como las bolsas más alcistas de 2021","Argentina","pos","pos","pos","False","True","train"
"2616","Cierre de mercados","mercados","neg","neg","neg","False","True","train"
"2617","Renault Pasion Tour: un evento pensado para toda la familia","Renault Pasion Tour","pos","neu","pos","False","True","train"
"2618","Las bolsas y la guerra: claves para entender el impacto del ataque ruso a Ucrania","ataque ruso a Ucrania","neg","neg","neg","False","True","train"
"2619","El euro acelera sus subidas frente al dólar: la Fed neutraliza al BCE","El euro","pos","pos","pos","False","True","train"
"2620","Las escuelas españolas dominan en Europa","escuelas españolas","pos","neu","pos","False","True","train"
"2621","Polvorín social en otoño: se dispara el paro de larga duración y entra en crisis la economía sumergida","el paro","neg","neg","neg","False","True","train"
"2622","Mercadotecnia 2020: Alcanzar la velocidad del cambio","Mercadotecnia 2020","pos","neu","neu","False","True","train"
"2623","Wall Street vuelve a tirar del carro","Wall Street","pos","pos","pos","False","True","train"
"2624","La tasa de ahorro de los hogares sube 1,6 puntos en el primer trimestre, hasta el 1,2%","tasa de ahorro de los hogares","pos","pos","pos","False","True","train"
"2625","EROSKI inaugura un supermercado franquiciado RAPID en la gasolinera AVIA de Zubiri","EROSKI","pos","neu","pos","False","True","train"
"2626","Los Técnicos de Hacienda recomiendan aprobar por decreto ley la intervención de cuentas de Cataluña","Los Técnicos de Hacienda","pos","pos","pos","False","True","train"
"2627","Estos son los negocios que abrirán la siguiente semana en la CDMX","negocios","pos","neu","neu","False","True","train"
"2628","Trump: ""La paciencia estratégica con Pyongyang se ha acabado""","paciencia estratégica con Pyongyang","neg","neg","neg","False","True","train"
"2629","Deoleo fija en 822,41 euros el pago a las preferentes que no hayan acudido a la oferta de recompra","Deoleo","pos","neu","neu","False","True","train"
"2630","La economía gallega ante el 12-J: 'vacaciones fiscales' e Inditex para salir de la crisis","economía gallega","neg","neu","neu","False","True","train"
"2631","ROC Clinic celebra sus 3.000 intervenciones de enucleación prostática con láser de Holmium","ROC Clinic","pos","neu","pos","False","True","train"
"2632","Unicaja Banco obtiene un beneficio neto de 116 millones en el primer semestre, un 11,4% más","Unicaja Banco","pos","neu","pos","False","True","train"
"2633","CaixaBank busca los mejores proyectos de autoempleo creados por mujeres","CaixaBank","pos","pos","pos","False","True","train"
"2634","Schäuble expresa su disposición a asumir la presidencia del Eurogrupo","Schäuble","pos","neu","neu","False","True","train"
"2635","EXPORTACIONES REGIÓN","EXPORTACIONES","neu","neu","neu","False","True","train"
"2636","Deutsche Bank cerrará un 25% de sus oficinas y venderá Postbank para ahorrar 3.500 millones","Deutsche Bank","neg","neu","neg","False","True","train"
"2637","Argentina dice que el freno al desalojo de LAN pone en riesgo el plan de aeropuertos","desalojo de LAN","neg","neg","neg","False","True","train"
"2638","Para Alfonso Prat Gay el Gobierno ""no tiene vocación de cumplir"" el acuerdo con el FMI","el Gobierno","neg","neg","neg","False","True","train"
"2639","Empieza el juicio por los 500 seísmos que causó la inyección de gas en Castor","Castor","neg","neu","neg","False","True","train"
"2640","El fabricante taiwanés de microchips TSMC ganó el récord de 5.270 millones, un 16% más","fabricante taiwanés de microchips","pos","neu","neu","False","True","train"
"2641","Tendencias on demand: Calidad local con proyección global ","Calidad local","pos","neu","pos","False","True","train"
"2642","El Eurogrupo hará todo lo posible para que Grecia se quede en el euro","El Eurogrupo","pos","pos","pos","False","True","train"
"2643","El servicio de coche por suscripción, un nuevo aliado para los concesionarios","servicio de coche por suscripción","pos","pos","neu","False","True","train"
"2644","Unas fotos en Acapulco y una acusación de racismo ponen en aprietos a Cosmopolitan","Cosmopolitan","neg","neu","neu","False","True","train"
"2645","Transporte y comercio deberán mantener la trazabilidad de clientes","Transporte y comercio","pos","neu","pos","False","True","train"
"2646","Fempa facilita el acceso a la profesión de conservador de ascensores","Fempa","pos","neu","pos","False","True","train"
"2647","La prensa internacional destaca la llegada de fondos de la UE por la aprobación de la reforma laboral","fondos de la UE","pos","pos","pos","False","True","train"
"2648","Ibercaja pospone la plena recuperación económica a 2022","Ibercaja","neg","neg","neg","False","True","train"
"2649","Samsung tiene unos auriculares inalámbricos llamados Galaxy Buds de 149 euros para competir con los AirPods de Apple: estas son las principales diferencias","Samsung","pos","neg","pos","False","True","train"
"2650","BBVA recurre a agentes inmobiliarios catalanes para vender sus activos","BBVA","neg","neu","neu","False","True","train"
"2651","La “prosperidad común” de Xi es una caja negra financiera","“prosperidad común” de Xi","neg","neg","neg","False","True","train"
"2652","Picardo: «Un 'brexit' duro para el Reino Unido amenazaría la economía de Gibraltar»","brexit","neu","neg","neg","False","True","train"
"2653","Lindorff anuncia el despido de 449 trabajadores en España","Lindorff","neg","neu","neg","False","True","train"
"2654","Walsh cesará como consejero delegado de IAG y Gallego le sucederá en el cargo","Walsh","neg","neu","neu","False","True","train"
"2655","Twitter exportará su versión de pago desde EEUU a todos los países","Twitter","pos","neu","pos","False","True","train"
"2656","Calviño aboga por retrasar la reforma fiscal hasta la recuperación","Calviño","neg","neg","neg","False","True","train"
"2657","Vueling garantiza el empleo de todos sus pilotos hasta el final de 2021","Vueling","pos","neu","pos","False","True","train"
"2658","Merlin gana 262 millones, el 45,4 % menos, tras los extraordinarios de 2018","Merlin","pos","neu","neu","False","True","train"
"2659","Cómo deben prepararse las empresas en ERTE por covid ante esta última prórroga","empresas en ERTE","neu","neu","neu","False","True","train"
"2660","El Gobierno adelantará un segundo pago del rescate bancario este año","El Gobierno","pos","pos","pos","False","True","train"
"2661","Las Zonas Francas","Las Zonas Francas","neu","neu","neu","False","True","train"
"2662","Ley Rider, más subidas al salario mínimo o regular los precios del alquiler: los deberes del Gobierno para 2021 que la pandemia metió en un cajón","deberes del Gobierno","pos","neu","pos","False","True","train"
"2663","Campesinas mexicanas aportan 50% a la producción de alimentos","Campesinas mexicanas","pos","neu","neg","False","True","train"
"2664","Sabadell negocia la venta de carteras inmobiliarias valoradas en 3.300 millones","Sabadell","pos","neu","neu","False","True","train"
"2665","Un ex directivo de General Motors recomienda a Apple que no desarrolle un coche","ex directivo de General Motors","pos","pos","neu","False","True","train"
"2666","El protocolo de Apple y Google que usa RadarCOVID no se ha auditado al completo: en Países Bajos piden que se exijan más garantías antes de activar su app de rastreo","RadarCOVID","neg","neu","neg","False","True","train"
"2667","Tamaño y sector, los motivos detrás de las ""acusadas"" diferencias en digitalización de las empresas españolas","Tamaño y sector","neg","neg","neu","False","True","train"
"2668","Santander ofrece 4.000 millones en créditos para pymes al 5%","Santander","pos","pos","neu","False","True","train"
"2669","Las carteras de Finizens llegaron a ofrecer en 2021 una rentabilidad de hasta el 20%","Las carteras de Finizens","pos","neu","neu","False","True","train"
"2670","BANCOS","BANCOS","neu","neu","neu","False","True","train"
"2671","HTC presentará su nuevo smartphone y su primer smartwatch en marzo","HTC","pos","neu","neu","False","True","train"
"2672","AT&T adquiere Nextel México por 1.875 millones de dólares","AT&T","pos","neg","neu","False","True","train"
"2673","Mediaset perdió 294,5 millones en 2016 y culpa del resultado al grupo francés Vivendi","Mediaset","neg","neu","neu","False","True","train"
"2674","General Motors se dispara en Wall Street tras mejorar su previsión de beneficios","General Motors","pos","neu","neu","False","True","train"
"2675","El escándalo VW crece: trucó 11 millones de carros","El escándalo VW","neg","pos","neg","False","True","train"
"2676","Telepizza se convierte en patrocinador oficial de LaLiga","Telepizza","pos","neu","neu","False","True","train"
"2677","Advierten que el plan para frenar la inflación podría generar un fuerte atraso cambiario","plan para frenar la inflación","neg","neg","neg","False","True","train"
"2678","Economía/Finanzas.- Olivas destaca el crecimiento ""sólido"" y ""sostenido"" del grupo Bancaja","grupo Bancaja","pos","neu","neu","False","True","train"
"2679","Así será el fondo de recapitalización para pymes y empresas medianas","fondo de recapitalización","neu","neu","neu","False","True","train"
"2680","Entra en vigor la ley de transformación digital del sistema financiero: cómo afectará a la economía española","ley de transformación digital","pos","pos","pos","False","True","train"
"2681","UNICEF e ISDI lanzan una aceleradora para proyectos sociales de España y Latinoamérica","UNICEF","pos","neu","pos","False","True","train"
"2682","El comercio electrónico se ha convertido en una de las principales vías de distribución de productos falsificados y acapara el 56% de las incautaciones","El comercio electrónico","neg","neg","neg","False","True","train"
"2683","La CNMV prohíbe las ventas en corto sobre acciones de 69 sociedades por el impacto del coronavirus","La CNMV","neg","neg","neu","False","True","train"
"2684","Pensiones en España: tenemos un problema","Pensiones en España","neg","neg","neg","False","True","train"
"2685","Alentar y desarrollar a las mujeres no es una prioridad en la industria automotriz","mujeres","neg","neu","neg","False","True","train"
"2686","Cotización del yuan chino","Cotización del yuan chino","neu","neu","neu","False","True","train"
"2687","Un voto a favor de Jean-Claude Trichet","Jean-Claude Trichet","pos","neu","neu","False","True","train"
"2688","Furor por las microinversiones en dólares con retornos estimados del 35% en dólares","microinversiones en dólares","pos","pos","pos","False","True","train"
"2689","Los centros tecnológicos crecen mientras miran con preocupación la inestabilidad política","Los centros tecnológicos","pos","pos","pos","False","True","train"
"2690","Las bolsas del Sudeste Asiático comienzan con resultados mixtos","bolsas del Sudeste Asiático","neu","neu","neu","False","True","train"
"2691","Las 'start-ups' de Wayra y Telefónica facturan 32 millones de euros","start-ups","pos","neu","neu","False","True","train"
"2692","El Ibex 35 se ‘da la vuelta’ y cierra con una caída del 0,15%","El Ibex 35","neg","neg","neg","False","True","train"
"2693","Empresa de EEUU alcanza el mayor acuerdo del país en negocio de la marihuana","Empresa de EEUU","pos","neu","neg","False","True","train"
"2694","Cinco valores del Continuo que suben un 20% (y mucho más) en 2020","Cinco valores del Continuo","pos","neu","neu","False","True","train"
"2695","Los grandes inversores pueden reclamar por la OPV de Bankia, la UE limita a 10.000 euros el efectivo en los viajes y otras noticias","Los grandes inversores","pos","neu","neu","False","True","train"
"2696","El precio de la vivienda nueva sube un 5% en 2017, la mayor subida en diez años","precio de la vivienda nueva","neg","neu","neg","False","True","train"
"2697","La fuerte demanda abarata los 2.000 millones en cédulas de BBVA","La fuerte demanda","pos","pos","pos","False","True","train"
"2698","Los economistas ultiman rebajar del 6% su previsión de crecimiento para 2021 tras la revisión a la baja del INE","Los economistas","neg","neg","neg","False","True","train"
"2699","Jeff Bezos abandona la dirección de Amazon y Andy Jassy será el nuevo CEO del gigante tecnológico","Jeff Bezos","neg","neu","neu","False","True","train"
"2700","Habitat suma ya suelo para levantar 10.000 viviendas","Habitat","pos","neu","pos","False","True","train"
"2701","El S&P 500 vuelve a rozar los 3.000 puntos","El S&P 500","neg","neg","neg","False","True","train"
"2702","Así puede obligarte tu banco a pagar comisiones: puede pasar en esos casos","tu banco","pos","neu","neg","False","True","train"
"2703","Repsol, a un paso de duplicar su precio desde enero de 2016","Repsol","pos","neu","neu","False","True","train"
"2704","Guindos apunta a Italia como el mayor riesgo para la deuda en Europa y no descarta un 'efecto contagio'","Italia","neg","neg","neg","False","True","train"
"2705","La economía catalana crecerá por encima del 1,5% en 2014","La economía catalana","pos","pos","pos","False","True","train"
"2706","China expresa su apoyo a Turquía ante crisis monetaria y tensiones con EEUU","China","pos","pos","pos","False","True","train"
"2707","Lidl eliminará las bolsas de plástico de todas sus tiendas en España","Lidl","pos","neu","pos","False","True","train"
"2708","BBVA eleva al 40% la representación de mujeres en el consejo al incorporar a Connie Hedegaard","BBVA","pos","neu","pos","False","True","train"
"2709","Las rebajas para el pequeño comercio son “pan para hoy y hambre para mañana”","pequeño comercio","neg","neu","neu","False","True","train"
"2710","DIA, en la cuerda floja del IBEX","DIA","neg","neu","neg","False","True","train"
"2711","Goirigolzarri tiene unos 40.000 euros invertidos en Bankia","Goirigolzarri","pos","pos","neu","False","True","train"
"2712","Elon Musk se burla de Jeff Bezos","Elon Musk","neg","neu","neu","False","True","train"
"2713","España roza los cuatro millones de afectados por ERTEs","España","neg","neg","neg","False","True","train"
"2714","Rato confía su defensa en el caso Bankia al continuo control de los supervisores","Rato","pos","neu","neu","False","True","train"
"2715","Siemens Gamesa lanza una nueva plataforma eólica terrestre de 5,8 MW","Siemens Gamesa","pos","neu","pos","False","True","train"
"2716","La Bolsa de Tokio no opera hoy por ser festivo","La Bolsa de Tokio","neu","neu","neu","False","True","train"
"2717","Citigroup planea contratar unos 2.500 programadores para ser más competitivo","Citigroup","pos","neg","pos","False","True","train"
"2718","Sanidad retira del mercado un test de antígenos que daba resultados falsos positivos","test de antígenos","neg","neu","pos","False","True","train"
"2719","El ""Operativo Máximo"" causa un temblor en el PJ bonaerense","El ""Operativo Máximo""","neg","neg","neu","False","True","train"
"2720","Banco Popular retoma las emisiones de cédulas hipotecarias","Banco Popular","pos","neu","pos","False","True","train"
"2721","Gas natural y energéticos al alza: Conflicto en Ucrania presiona los precios","Gas natural ","pos","pos","neg","False","True","train"
"2722","Shotl, la startup de movilidad que nació en Barcelona y triunfó en Nueva York","Shotl","pos","neu","neu","False","True","train"
"2723","Cien ganaderos de porcino de Teruel se beneficiarán de las ayudas al transporte de purines","Cien ganaderos de porcino","pos","neu","neu","False","True","train"
"2724","La OMC da la razón a España en el contencioso con EEUU por los aranceles a la aceituna negra","España","pos","neu","pos","False","True","train"
"2725","La venta de suelo cada vez cubre menos de lo que cuesta el Parque Central de Valencia","La venta de suelo","neg","neu","neg","False","True","train"
"2726","Crowdcube capta 12 millones de euros en una ronda liderada por el 'unicornio' Circle","Crowdcube","pos","neu","neu","False","True","train"
"2727","La CNMV alerta sobre otros cinco chiringuitos financieros","CNMV","neu","neu","pos","False","True","train"
"2728","Rey saudí dice que venta de acciones de Aramco pagará inversiones prometidas","venta de acciones de Aramco","pos","neu","pos","False","True","train"
"2729","El Tesoro afronta la última subasta de bonos del año","El Tesoro","pos","neu","neu","False","True","train"
"2730","El Gobierno aprueba inyectar 30 millones al grupo hotelero Soho","El Gobierno","pos","neu","neu","False","True","train"
"2731","BNP Paribas vende a Banca March parte de su Banca Privada en España","BNP Paribas","neg","pos","neu","False","True","train"
"2732","Hacienda se embolsará 370 euros más por contribuyente en el IRPF gracias a la inflación","Hacienda","pos","neg","neg","False","True","train"
"2733","Caixa Laietana admite estar hablando de fusiones con todas las entidades","Caixa Laietana","pos","pos","neu","False","True","train"
"2734","El Tesoro coloca 5.846 millones en letras a 6 y 12 meses y vuelve a cobrar menos a los inversores","El Tesoro","pos","pos","neu","False","True","train"
"2735","Qué es el Registro Mercantil","el Registro Mercantil","neu","neu","neu","False","True","train"
"2736","Bitcoin revivió esta semana y ya pasó los u$s 40.000: por qué volvió a subir y cuánto puede durar","Bitcoin","pos","pos","pos","False","True","train"
"2737","Un informe marca el camino para cambiar el curso del cambio climático: 3 años y 3 billones de inversión para reducir drásticamente las emisiones, crear 9 millones de empleos y aumentar el PIB mundial","curso del cambio climático","pos","pos","pos","False","True","train"
"2738","Imputan al expresidente y al exdirector general de Catalunya Caixa por cobros desproporcionados","expresidente y al exdirector general de Catalunya Caixa","neg","neu","pos","False","True","train"
"2739","Realia crea una filial patrimonial para entrar en el negocio de alquiler de vivienda","Realia","pos","neg","neu","False","True","train"
"2740","Los seguros de coche más baratos de octubre","seguros de coche","pos","neu","pos","False","True","train"
"2741","El alza de precios es un problema más de la Vieja Europa que de la próspera EEUU","alza de precios","neg","neg","neg","False","True","train"
"2742","La vicepresidenta Nadia Calviño presidirá el principal comité asesor del FMI","Nadia Calviño","pos","neu","neu","False","True","train"
"2743","Mirabaud duplica su plantilla de banca de inversión","Mirabaud","pos","neu","neu","False","True","train"
"2744","Santisteve confía en la ""buena voluntad"" del PSOE para llegar a un acuerdo en el presupuesto de 2018","""buena voluntad"" del PSOE","pos","pos","pos","False","True","train"
"2745","El anteproyecto de Ley de Startups es una buena noticia, pero la definición de startup se queda ""corta"" y las medidas son ""insuficientes"", según varios agentes del ecosistema emprendedor","anteproyecto de Ley de Startups","pos","pos","neu","False","True","train"
"2746","Datos malos para el paro: el desempleo en enero sube en 117.000 personas","el paro","neg","neg","neg","False","True","train"
"2747","La sombra de Donald Trump se cierne sobre la economía mexicana","sombra de Donald Trump","neg","neg","neg","False","True","train"
"2748","El jamón se presenta como «embajador de Europa en el mundo»","El jamón","pos","pos","neu","False","True","train"
"2749","La mina de litio de Cáceres sería subterránea y crearía 200 puestos de trabajo directos más","mina de litio de Cáceres","pos","neu","pos","False","True","train"
"2750","Agbar sale de la empresa de agua de Marina d'Or","Agbar","neg","neu","neu","False","True","train"
"2751","Las nuevas acciones de Liberbank cotizarán el 23 de junio","Liberbank","pos","neu","neu","False","True","train"
"2752","Las aerolíneas ven difícil poder reemplazar a Thomas Cook a corto plazo","Las aerolíneas","neg","neu","neg","False","True","train"
"2753","Reino Unido mantendrá intacta la ""estructura legal"" de la UE durante la transición del Brexit","Reino Unido","pos","pos","pos","False","True","train"
"2754","El PSOE advierte de que oponerse a la reforma laboral perjudica al diálogo social","la reforma laboral","pos","pos","pos","False","True","train"
"2755","BeMate como primera respuesta del negocio 'tradicional' a los 'colaborativos'","BeMate","pos","pos","neu","False","True","train"
"2756","Inditex firma un acuerdo para mantener el empleo con la transformación digital de la empresa","Inditex","pos","neu","pos","False","True","train"
"2757","Vodafone, una vieja estrella de rock","Vodafone","pos","neu","neu","False","True","train"
"2758","Este smartwatch te dice cuánta energía te queda para que controles tu estrés y está ahora mismo rebajado más de 70 euros en Amazon","smartwatch","pos","neu","pos","False","True","train"
"2759","La CNMC rebaja un 1,44% las tarifas aeroportuarias de Aena para 2020","La CNMC","pos","neu","pos","False","True","train"
"2760","Abengoa vende activos renovables a su filial estadounidense por 614 millones","Abengoa","pos","neu","neu","False","True","train"
"2761","El otro ‘boom’ de Colonial: sus edificios valen el 10% más que en 2018","Colonial","pos","neu","neu","False","True","train"
"2762","Subidas, bajadas y prórrogas de las medidas que están por venir en 2022","medidas que están por venir","neg","neg","neg","False","True","train"
"2763","Liberbank gana 73 millones de euros en el primer semestre, un 14% menos","Liberbank","neg","neu","neu","False","True","train"
"2764","Por la pandemia Argentina está en el podio de aumento de la desigualdad en la región, indicó la Cepal","Argentina","neg","neg","neg","False","True","train"
"2765","EY y KPMG competirán con PwC por la auditoría de la OPV de Aena","auditoría de la OPV de Aena","pos","pos","neu","False","True","train"
"2766","Banco de Francia: la economía gala creció un 0,7%","Banco de Francia","pos","pos","pos","False","True","train"
"2767","Los Charts de Hódar: CaixaBank, Sabadell y Mapfre","Charts de Hódar","neu","neu","neu","False","True","train"
"2768","Carex Logistics con su innovado software busca ser la solución micrologística líder del ecommerce","Carex Logistics","pos","pos","pos","False","True","train"
"2769","Transportes lanza los preparativos para levantar barreras en la AP-68 de Abertis a finales de 2026","Transportes","pos","neu","neu","False","True","train"
"2770","Los asesores deberán preguntar a sus clientes por sus preferencias ESG en otoño de 2022","Los asesores","pos","neu","pos","False","True","train"
"2771","El precio del petróleo se desboca y ronda los 120 dólares","petróleo","pos","neg","neg","False","True","train"
"2772","El 59% de los autónomos se encuentran ya activos tras dos meses parados","El 59% de los autónomos","pos","neu","pos","False","True","train"
"2773","Iberdrola construirá en Navarra un complejo eólico de 111 megavatios","Iberdrola","pos","pos","pos","False","True","train"
"2774","La compraventa de viviendas continúa en negativo con un descenso del 28%","compraventa de viviendas","neg","neg","neg","False","True","train"
"2775","Decathlon tiene un cargador universal que funciona en cualquier enchufe del mundo","Decathlon","pos","neu","pos","False","True","train"
"2776","La Fiscalía aprecia defectos en la actuación del Banco de España en Bankia","Banco de España","neg","neg","neu","False","True","train"
"2777","Los ingresos del Gobierno de Aragón por multas se disparan coincidiendo con la pandemia","ingresos del Gobierno de Aragón","pos","neu","neg","False","True","train"
"2778","Aena registró 42,7 millones de pasajeros hasta marzo, un 14,4% más","Aena","pos","neu","pos","False","True","train"
"2779","El Xiaomi Mi 11i es perfecto para los que huyan de las curvas en pantalla y busquen rendimiento en un gama alta muy solvente","El Xiaomi Mi 11i","pos","neu","pos","False","True","train"
"2780","IPSA cierra al alza el día en que Chile gira en su conducción política y económica","IPSA","pos","neu","neu","False","True","train"
"2781","China, un dragón asiático que despega","China","pos","neu","pos","False","True","train"
"2782","El control ruso de la nuclear de Zaporiyia deja más caídas en las bolsas","control ruso de la nuclear de Zaporiyia","neg","neg","neg","False","True","train"
"2783","Uber se alía con Nissan y Renault para electrificar sus desplazamientos en Europa","Uber","pos","neu","pos","False","True","train"
"2784","Valores que hay que seguir este martes: Liberbank, Iberdrola, Abengoa, Rovi","Valores","neu","neu","neu","False","True","train"
"2785","Cómo conseguir dinero rápido para emprender","conseguir dinero rápido ","pos","neu","pos","False","True","train"
"2786","Aprovisionamiento masivo de material sanitario en las empresas ante las dudas sobre la desescalada","material sanitario","pos","pos","neu","False","True","train"
"2787","Acerinox se desploma un 7%: Nippon Steel coloca el 7,9% a 10,2 euros","Acerinox","neg","neu","neu","False","True","train"
"2788","RentCOVID-19: una tecnología de reconocimiento facial para revisar miles de solicitudes de ayudas al alquiler","tecnología de reconocimiento facial","pos","neu","pos","False","True","train"
"2789","El agua, elemento imprescindible para el desarrollo económico","El agua","pos","pos","pos","False","True","train"
"2790","30 Promesas 2020 | Soluciones Kenko, gadgets mexicanos para la industria de salud","Soluciones Kenko","pos","pos","neu","False","True","train"
"2791","Wallbox promete a sus inversores la instalación de nuevas plantas por todo el mundo","Wallbox","pos","pos","neu","False","True","train"
"2792","El Gobierno encarecerá el recibo de la luz por la interconexión con Marruecos","El Gobierno","neg","neg","neg","False","True","train"
"2793","Aurorajobs levanta 220.000 euros en su primera ronda de inversión para ayudar al talento joven a entrar en el mercado laboral","Aurorajobs","pos","neu","pos","False","True","train"
"2794","Los talleres para ""Emprender en la Escuela"" vuelven a los centros aragoneses","talleres para ""Emprender en la Escuela""","pos","neu","pos","False","True","train"
"2795","El Nikkei despide el mejor primer trimestre en 24 años: sumó un 19%","El Nikkei","pos","pos","pos","False","True","train"
"2796","Las ventas de H&M subieron un 6 % interanual en el segundo trimestre","Las ventas de H&M","pos","neu","neu","False","True","train"
"2797","Vértice 360 eleva un 51,1% su beneficio apoyada en el crecimiento de ingresos","Vértice 360","pos","neu","neu","False","True","train"
"2798","Retos de El Salvador ante el comercio minorista","Retos de El Salvador","neg","pos","neu","False","True","train"
"2799","El PIB frena su crecimiento y se expande un 0,5% en el segundo trimestre","El PIB","neg","neg","neg","False","True","train"
"2800","Estos son los 56 trámites que puede hacer por SMS con la Seguridad Social","trámites","pos","neu","pos","False","True","train"
"2801","Arabia Saudí aspira a convertirse en una potencia en energía eólica y solar","Arabia Saudí","pos","pos","pos","False","True","train"
"2802","Duran afirma que recuperar el impuesto de Sucesiones es como si le quitasen una muela","Duran","neg","neu","neu","False","True","train"
"2803","Banc Sabadell gana 530 millones en 2021: TSB ya aporta el 22% del beneficio","Banc Sabadell","pos","neu","neu","False","True","train"
"2804","Alfa Romeo está de aniversario","Alfa Romeo","pos","neu","neu","False","True","train"
"2805","El Ibex 35 no alcanza los 8.800 puntos con la vista en las actas del BCE","El Ibex 35","neg","neg","neg","False","True","train"
"2806","Fondo de Garantía Inversiones en Degiro Broker Online","Fondo de Garantía Inversiones","neu","neu","neu","False","True","train"
"2807","Afectados de Forum Filatélico pretenden crear federación nacional","Afectados de Forum Filatélico","pos","neu","neu","False","True","train"
"2808","ESG y reputación, el único camino para crecer","ESG","pos","pos","neu","False","True","train"
"2809","Industria apoya la actividad de la Fundación Centro de Ciencias de Benasque 'Pedro Pascual'","Industria","pos","neu","pos","False","True","train"
"2810","Vinissimus, de la bodega a la Red","Vinissimus","neu","neu","neu","False","True","train"
"2811","Mapro se alía con el grupo sueco Flexlink para fabricar en China","Mapro","pos","neu","neu","False","True","train"
"2812","Cimic gana 90 millones en el primer trimestre, un 5% más","Cimic","pos","neu","neu","False","True","train"
"2813","Coronavirus: MET ofrece ópera gratis cada noche vía streaming","MET","pos","neu","pos","False","True","train"
"2814","Los locales de ocio nocturno serán clausurados a lo largo de esta semana","locales de ocio nocturno","neg","neu","neg","False","True","train"
"2815","ICEMD celebra 25 años de formación en Economía Digital: del salto al mundo online a la transición hacia la nube","ICEMD","pos","pos","pos","False","True","train"
"2816","CaixaBank iniciará este lunes la unificación de la marca en su red de oficinas","CaixaBank","pos","neu","neu","False","True","train"
"2817","Barricadas y quema de neumáticos frente a la planta de Alcoa por los despidos","planta de Alcoa","neg","neu","neg","False","True","train"
"2818","Mercedes GLA, desde 31.150 euros","Mercedes GLA","neu","neu","neu","False","True","train"
"2819","Samsung lanza dos nuevos smartphones de gama media con mejores pantallas y 5G","Samsung","pos","neu","pos","False","True","train"
"2820","Destinia cierra el 'Black Friday' con una subida del 34% en su facturación","Destinia","pos","neu","neu","False","True","train"
"2821","Las gasolineras automáticas permiten ahorrar más de 320 euros al año a los consumidores","Las gasolineras automáticas","pos","neu","pos","False","True","train"
"2822","Primafrio aplaza su salida a Bolsa","Primafrio","pos","neu","neu","False","True","train"
"2823","Grocasa Hipotecas consolida su crecimiento en 2021","Grocasa Hipotecas","pos","neu","neu","False","True","train"
"2824","Extremadura se integra en el Año Dual comercial España-Japón","Extremadura","pos","pos","pos","False","True","train"
"2825","Lyft registró 4.000 denuncias de agresiones sexuales entre 2017 y 2019","Lyft","neg","neu","neg","False","True","train"
"2826","12 cosas que es mejor que compres de segunda mano y te harán ahorrar cientos de euros","segunda mano","pos","neu","pos","False","True","train"
"2827","La nueva colección de maquillaje de Deliplus ya está aquí, y no viene sola","Deliplus","pos","neu","neu","False","True","train"
"2828","Wall Street cierra en verde y el Dow Jones sube un 0,44 %","Wall Street","pos","pos","pos","False","True","train"
"2829","Aidico creará un centro tecnológico en Panamá","Aidico","pos","pos","pos","False","True","train"
"2830","Vodafone presenta un ERE para 515 empleados en España","Vodafone","neg","neu","neg","False","True","train"
"2831","El IBEX abre con pérdidas del 0,25 % en una jornada sin referencias de EEUU","El IBEX","neg","neg","neg","False","True","train"
"2832","El Ibex 35 avanza un 0,45% en la sesión y se queda a las puertas de los 8.900 puntos","El Ibex 35","pos","pos","pos","False","True","train"
"2833","Aires de regulación soplan para la publicidad con “influencers” en Costa Rica","la publicidad con “influencers”","pos","pos","pos","False","True","train"
"2834","El diálogo social se fractura con el SMI y deja en el aire el pacto de reforma laboral y de pensiones prometido a la UE","El diálogo social","neg","neg","neg","False","True","train"
"2835","El mercado del cannabis por edades","mercado del cannabis","neu","neu","neu","False","True","train"
"2836","Merlin Properties prevé un impacto por el Covid-19 en las rentas brutas de 2020 menor del 10%","Merlin Properties","neg","neu","neu","False","True","train"
"2837","Wall Street acaba con el S&P en máximos con el Dow por encima del 17.000","Wall Street","pos","pos","pos","False","True","train"
"2838","La CEPAL estima que la economía argentina caerá un 10,5% en 2020","la economía argentina","neg","neg","neg","False","True","train"
"2839","El paro desciende en mayo un 5,3% respecto a abril","El paro","pos","pos","pos","False","True","train"
"2840","El 'Amazon' del bienestar: esta plataforma de medicina preventiva ofrece servicios que van desde pediatría hasta cuidado de mayores o auditorías de COVID-19","plataforma de medicina preventiva","pos","neu","pos","False","True","train"
"2841","Fitch mantiene el rating de Adif-AV tras una nueva emisión de bonos","Fitch","pos","neu","pos","False","True","train"
"2842","Fitch confirma los ratings 'BBB-' con perspectiva estable de Valencia, Andalucía y Canarias","ratings 'BBB-'","pos","neu","neu","False","True","train"
"2843","343 ejecuciones hipotecarias sobre viviendas en Extremadura en el primer trimestre","343 ejecuciones hipotecarias","pos","neu","pos","False","True","train"
"2844","Enagás cierra la compra de otro 20% de GNL Quintero en Chile por 178 millones de euros","Enagás","pos","neg","neu","False","True","train"
"2845","Los extremeños reducirán un 13,3 % sus gastos en enero","Los extremeños","neg","neg","neg","False","True","train"
"2846","RSC.- Save The Children defiende el derecho de los niños a trabajar pero sólo bajo unas condiciones dignas","Save The Children","pos","pos","pos","False","True","train"
"2847","Hacienda cambia el criterio para repartir el fondo de 16.000 millones a las CCAA","Hacienda","pos","neu","pos","False","True","train"
"2848","La guerra fría tecnológica entre EEUU y China acentúa el temor de Wall Street","guerra fría tecnológica","neg","neg","neg","False","True","train"
"2849","Los aranceles por el caso Airbus-Boeing encarecerán los billetes, según TEDAE","Los aranceles","neg","neg","neg","False","True","train"
"2850","El FMI actuará como un asesor técnico “independiente” en el rescate bancario","El FMI","pos","pos","pos","False","True","train"
"2851","Así se gastarán los 25.000 primeros millones de los fondos europeos","25.000 primeros millones","neu","neu","neu","False","True","train"
"2852","Según reflejan los datos provisionales del Banco de España, la morosidad de la banca de los préstamos concedidos por el total de entidades de crédito a empresas y particulares cayó en septiembre al 4,35%, frente al 4,43% de agosto","morosidad de la banca","pos","pos","pos","False","True","train"
"2853","La escasez de combustible agrava el problema del transporte en Yemen","La escasez de combustible","neg","neg","neg","False","True","train"
"2854","El IBEX rebota un 0,58 % pero se queda todavía por debajo de los 9.000 puntos","El IBEX","neg","neg","neg","False","True","train"
"2855","Brexit: la incertidumbre persiste, dice la City","Brexit","neg","neg","neg","False","True","train"
"2856","Los trabajadores de Nueva Pescanova irán a la huelga el 14 y el 21 de marzo","trabajadores de Nueva Pescanova","neg","neu","neg","False","True","train"
"2857","Repsol pone en venta el 25% de su filial de renovables con cinco ofertas sobre la mesa","Repsol","pos","pos","neu","False","True","train"
"2858","La Eurocámara exige la mejora de las condiciones laborales en el sector de la aviación","La Eurocámara","pos","pos","pos","False","True","train"
"2859","Escanear y pagar sin pasar por caja, la nueva solución de Repsol","solución de Repsol","pos","neu","pos","False","True","train"
"2860","Banco Central: En 2019, producción crecerá 3,2%, mientras, la inflación será baja y estable","producción","pos","pos","pos","False","True","train"
"2861","España, en la zona media de la digitalización europea: lastrada por la formación y los precios","España","neg","neg","neg","False","True","train"
"2862","Operaciones furtivas de bitcoin en China se disparan de nuevo","Operaciones furtivas de bitcoin","neg","neg","neg","False","True","train"
"2863","Gual (CaixaBank) pide al Gobierno políticas a favor de la creación de empleo","Gual","pos","pos","pos","False","True","train"
"2864","Vocento se deja 30M de ingresos hasta junio por el coronavirus","Vocento","neg","neu","neu","False","True","train"
"2865","La UE y Canadá firman el CETA sin autocrítica","el CETA","pos","neu","neu","False","True","train"
"2866","Dia ficha al exdirector financiero de Vips e incorpora al consejo a su responsable en Brasil","Dia","pos","neu","neu","False","True","train"
"2867","El Banco de Inglaterra pone un drástico límite a las hipotecas para pinchar la burbuja inmobiliaria","El Banco de Inglaterra","neg","neu","neg","False","True","train"
"2868","Bitdefender detecta un virus que roba monederos de criptomonedas","Bitdefender","pos","pos","pos","False","True","train"
"2869","Aprobada la plantilla municipal que crea 52 plazas y amortiza otras 49","plantilla municipal","pos","neu","pos","False","True","train"
"2870","El impulso del consumo eleva el PIB al 3,2% en 2015","El impulso del consumo","pos","pos","pos","False","True","train"
"2871","BBVA, primer banco español en sumarse a la Alianza para la Contabilidad del Carbono","BBVA","pos","neu","neu","False","True","train"
"2872","BNP Paribas suprimirá cerca de 1.600 empleos en su filial ucraniana","BNP Paribas","neg","neu","neg","False","True","train"
"2873","Acciona construirá una nueva planta de agua en el sur de Ecuador","Acciona","pos","neu","pos","False","True","train"
"2874","El Barça ultima un acuerdo de 300 millones con CVC por el 10% de los derechos audiovisuales","El Barça","pos","pos","neu","False","True","train"
"2875","Google España ganó 24,8 millones en 2020, un 4% menos que el año anterior","Google España","neg","neu","neu","False","True","train"
"2876","China acerca posturas con EE UU y retira los aranceles a la soja y el cerdo","China","pos","pos","pos","False","True","train"
"2877","""La empresa vasca tiene que creerse más sus capacidades""","La empresa vasca","pos","neu","neu","False","True","train"
"2878","El Gobierno confirma que analizará cobrar el impuesto a la herencia en 2022","El Gobierno","pos","neu","neg","False","True","train"
"2879","Las empresas tecnológicas españolas: mucha oferta y muy pocos candidatos","empresas tecnológicas españolas","neg","neu","neg","False","True","train"
"2880","Los pilotos de Iberia inician 30 días de huelga con 126 vuelos cancelados","pilotos de Iberia","neg","neg","neg","False","True","train"
"2881","Los 30 magníficos de Repsol","30 magníficos de Repsol","pos","neu","neu","False","True","train"
"2882","Exhiben en redes mercado negro de cuentas de Uber, Didi y Cabify con 5 estrellas","mercado negro de cuentas","neg","neg","pos","False","True","train"
"2883","El euro mantiene los 1,48 dólares y el yuan marca máximos de 17 años"," yuan ","pos","neu","neu","False","True","train"
"2884","El Automobile de Barcelona se aplaza a septiembre por la crisis mundial de chips","El Automobile de Barcelona","neg","neg","neu","False","True","train"
"2885","La tarifa móvil como sustituto de la linea de internet fijo en casa","La tarifa móvil","pos","neu","pos","False","True","train"
"2886","UGT se opondrá a cualquier cambio que afecte a los prejubilados de Izar","UGT","pos","neu","pos","False","True","train"
"2887","De Buenos Aires a Madrid: abre la librería La Mistral","librería La Mistral","pos","neu","pos","False","True","train"
"2888","Pemex registró subejercicios por 100,500 mdp en inversiones petroleras y Dos Bocas","Pemex","pos","neu","neu","False","True","train"
"2889","Ford gana un 38% menos por los costes de reestructuración","Ford","neg","neu","neu","False","True","train"
"2890","La sostenibilidad del crecimiento como objetivo de política económica","sostenibilidad del crecimiento","pos","pos","pos","False","True","train"
"2891","Innovar para crecer: las mejores estrategias al alcance de las Pymes","Pymes","pos","neu","neu","False","True","train"
"2892","Siemens Gamesa suministrará 71 aergeneradores offshore para un perque eólico marino en Francia","Siemens Gamesa","pos","neu","pos","False","True","train"
"2893","La Eurocámara da un visto bueno preliminar a Guindos para ser vicepresidente del BCE","Eurocámara","pos","neu","neu","False","True","train"
"2894","La Bolsa de Buenos Aires abre con un avance del 0,12 %","La Bolsa de Buenos Aires","pos","pos","pos","False","True","train"
"2895","About You prepara su salto a bolsa con miras puestas en la recuperación","About You","pos","neu","neu","False","True","train"
"2896","Más exigencia a las cajas, más confianza","las cajas","neg","pos","pos","False","True","train"
"2897","Cómo apuntarse a las más de 19.000 ofertas de 'Empléate' antes de que cambie: el portal del SEPE se reconvertirá","portal del SEPE","pos","pos","pos","False","True","train"
"2898","El regulador financiero de Suiza aprueba el primer fondo de inversión en criptoactivos","regulador financiero de Suiza","pos","pos","pos","False","True","train"
"2899","Vodafone/Iliad: vender en Italia podría presagiar una división mayor","Vodafone","neg","pos","neu","False","True","train"
"2900","Sabadell explica que cualquiera de los 13.346 empleados puede entrar en el ERE, pero no la alta dirección ni la dirección general","Sabadell","pos","neu","pos","False","True","train"
"2901","Mercadona: alimentos procesados que puedes comer sin miedo a engordar","Mercadona","pos","neu","pos","False","True","train"
"2902","De la pasarela a Uterqüe para las mujeres que buscan un vestido de Nochevieja de impacto total","Uterqüe","pos","neu","pos","False","True","train"
"2903","“Si tenemos nuevas noticias positivas con la crisis de Ucrania el petróleo podría volver a visitar los 80.72 dólares”","el petróleo","pos","pos","pos","False","True","train"
"2904","Mercados en Argentina cierran semana de tensión, expectantes a presidenciales","Mercados en Argentina","neg","neg","neg","False","True","train"
"2905","Santander y BBVA ganarán más de 5.000 millones de euros hasta junio","Santander","pos","neu","neu","False","True","train"
"2906","La deuda de las familias cae en 25.000 millones en 2015 y marca niveles previos a la crisis","deuda de las familias","neg","neg","neg","False","True","train"
"2907","Repsol mejora un 6,4% su beneficio por la recuperación de los precios","Repsol","pos","neu","neu","False","True","train"
"2908","Petra Mateos presenta su dimisión como presidenta de Hispasat","Petra Mateos","neg","neu","neu","False","True","train"
"2909","El Cabildo aumenta el presupuesto en Industria y Energía en más de 1,2 millones","El Cabildo","pos","pos","pos","False","True","train"
"2910","Alemania podría incluir a toda España en la zona de riesgo por Covid","España","neg","neg","neg","False","True","train"
"2911","Twitter y Tweetdeck experimentan problemas que impiden su uso con normalidad","Twitter","neg","neu","neg","False","True","train"
"2912","Gamesa en mínimos: Nomura pide paciencia y UBS prevé más caídas","Gamesa","neg","neu","neu","False","True","train"
"2913","Facebook ve esfumarse 119.000 millones de dólares de su capitalización","Facebook","neg","pos","neu","False","True","train"
"2914","Celaá ve la FP como ""la joya de la corona"" y firma un acuerdo con Samsung para paliar la falta de habilidades digitales","Celaá","pos","pos","pos","False","True","train"
"2915","Las 20 leyes del liderazgo de John Maxwell (I)","John Maxwell","pos","pos","pos","False","True","train"
"2916","Ferrovial vuelve a la carga con la ampliación de Heathrow","Ferrovial","pos","neu","neu","False","True","train"
"2917","El BCE reserva su munición: mantiene sin cambios su plan de compra de deuda","El BCE","neu","neu","neu","False","True","train"
"2918","WPP adquiere a la estadounidense The Glover Park Group","WPP","pos","neu","neu","False","True","train"
"2919","La propiedad intelectual podría ""desaparecer"" en el metaverso, según un prestigioso abogado especializado: así pueden protegerse las marcas, según los expertos","propiedad intelectual","neg","neg","pos","False","True","train"
"2920","Ryanair, al borde de una nueva fuga de personal un año después de perder a más de 140 pilotos","Ryanair","neg","pos","neu","False","True","train"
"2921","Sindicatos demandarán a Ryanair ante la Audiencia Nacional","Ryanair","neg","neu","neu","False","True","train"
"2922","El Chart de Hódar: Liberbank, a la cabeza del sector","Liberbank","pos","neu","neu","False","True","train"
"2923","El pájaro de Darwin y la economía zombi","economía zombi","neg","neu","neu","False","True","train"
"2924","La segunda ola del coronavirus desploma un 82% el tráfico de los aeropuertos en España","segunda ola del coronavirus","neg","neg","neg","False","True","train"
"2925","Una sentencia avala que se pueda despedir a un miembro del comité de empresa","miembro del comité de empresa","neg","neu","neu","False","True","train"
"2926","El verano creó 5.000 empleos más en los mayores destinos","El verano","pos","pos","pos","False","True","train"
"2927","Rolls quiere acordar la venta de ITP antes del final de septiembre","Rolls","pos","neu","neu","False","True","train"
"2928","Nueva sentencia del cártel de camiones: el juez cuantifica el sobrecoste en el 25,17%","cártel de camiones","neg","neg","neg","False","True","train"
"2929","La nueva promesa de Volkswagen para finales de 2021 es una declaración de guerra a Tesla","Volkswagen","pos","neg","neu","False","True","train"
"2930","Hogares inteligentes: En México son posibles gracias a Netzhome ","Hogares inteligentes","pos","neu","pos","False","True","train"
"2931","Nuevo mazazo para el consumidor: suben las comisiones por descubierto de las entidades bancarias a pesar de haber sido declaradas como abusivas","comisiones por descubierto","neg","neu","neg","False","True","train"
"2932","Catorce comunidades en el umbral de la intervención de Hacienda","Catorce comunidades","neg","neu","neu","False","True","train"
"2933","2021, el año del Fénix","año del Fénix","pos","pos","pos","False","True","train"
"2934","La incubadora del CEEIARAGON acoge tres nuevas empresas","CEEIARAGON","pos","pos","neu","False","True","train"
"2935","Dublín vende una participación de 1.100 millones en Bank of Ireland y evita la nacionalización","Dublín","pos","pos","pos","False","True","train"
"2936","Las ventas de las grandes empresas crecieron un 4,9%","ventas de las grandes empresas","pos","neg","neu","False","True","train"
"2937","Brufau, Imaz y el consejo de Repsol cobran el dividendo en acciones","Brufau, Imaz y el consejo de Repsol","pos","neu","neu","False","True","train"
"2938","Guerra comercial: EEUU acusa a Huawei de conspirar para el robo de secretos comerciales","Huawei","neg","neu","neu","False","True","train"
"2939","6 grandes empresas y 2 ONG que permiten pagar con bitcoin y otras criptomonedas","6 grandes empresas","pos","neu","pos","False","True","train"
"2940","El BCE invierte 348 millones en sus primeras compras de bonos de empresas","El BCE","pos","pos","neu","False","True","train"
"2941","Youtube no viola los derechos de autor por las obras subidas de manera ílícita por sus usuarios","Youtube","pos","neu","pos","False","True","train"
"2942","Opel prevé invertir 2.000 millones de euros en una nueva fábrica de baterías","Opel","pos","pos","neu","False","True","train"
"2943","Revelan que el Club de París le hizo un pedido especial al Gobierno para que acuerde con el FMI","Club de París","neg","neu","neg","False","True","train"
"2944","División de opiniones entre las CCAA sobre la decisión de Hacienda de dar un mayor margen de déficit tras negar los fondos del IVA","Hacienda","neg","neu","neg","False","True","train"
"2945","Diez planes de pensiones con rentabilidades superiores al 30%","planes de pensiones","pos","neu","pos","False","True","train"
"2946","Nyesa, en concurso de acreedores con un pasivo de 1.224 millones","Nyesa","neg","neu","neu","False","True","train"
"2947","Lenovo ofrecerá financiación por internet a través de Cetelem","Lenovo","pos","neu","pos","False","True","train"
"2948","Improven reestructura su comité de dirección y estudia comprar otras empresas","Improven","pos","pos","neu","False","True","train"
"2949","El lavado de cara a los impuestos que permitiría a España crecer más y crear más empleo, según el IEE","España","pos","pos","pos","False","True","train"
"2950","Es momento de crear nuevos sistemas de protección social, dice OIT a gobiernos","OIT","pos","pos","pos","False","True","train"
"2951","CatalunyaCaixa reiniciará su venta en cuanto se recapitalice","CatalunyaCaixa","pos","neu","neu","False","True","train"
"2952","Economía/Empresas.- Nestlé facturó un 14,1% más y subió los precios por el aumento de costes de las materias primas","Nestlé","pos","neu","neg","False","True","train"
"2953","RSC.- Sol Meliá y Save the Children apuestan por un turismo sostenible y captarán fondos para fines sociales","Sol Meliá","pos","neu","pos","False","True","train"
"2954","Papelón del Gobierno: así es el dinero que descubre ahora para las pensiones","Gobierno","neg","neu","neg","False","True","train"
"2955","Codere pierde 34,4 millones tras provisionar sus activos en México","Codere","neg","neu","neu","False","True","train"
"2956","Xiaomi presenta Mi Mix Alpha con pantalla envolvente 360 grados y cámara principal de 108MP","Xiaomi","pos","neu","pos","False","True","train"
"2957","Una campaña de la DGT vigilará esta semana a unos 150 vehículos de transporte escolar","150 vehículos de transporte escolar","neg","neu","pos","False","True","train"
"2958","Acerinox tiene un plan con el dividendo","Acerinox","neu","neu","neu","False","True","train"
"2959","Catalunya Banc reduce en 112,8 millones el volumen de activos traspasados al 'banco malo'","Catalunya Banc","neg","neu","neu","False","True","train"
"2960","El coronavirus ha supuesto un espaldarazo definitivo para el teletrabajo: apenas un 5% de los españoles trabajaba desde casa en 2019, frente al 34% que asegura hacerlo en la actualidad","teletrabajo","pos","neu","pos","False","True","train"
"2961","Las hipotecas aceleran su crecimiento al 24,6% en abril","Las hipotecas","pos","neu","pos","False","True","train"
"2962","Feelcapital alerta de que los fondos de pensiones se venden sin realizar perfil de riesgo","fondos de pensiones","neg","neu","neg","False","True","train"
"2963","Los expertos prevén un crecimiento del 2,2%, igual que el Gobierno","Los expertos","pos","pos","pos","False","True","train"
"2964","Peugeot 3008 HYbrid4: primer híbrido de la firma del León","Peugeot","pos","neu","pos","False","True","train"
"2965","Todas las pensiones suben en 2022: esta es la cuantía que vas a recibir a partir de enero","Todas las pensiones","pos","neu","pos","False","True","train"
"2966","Los carburantes repuntan a nuevos máximos y acumulan un encarecimiento de hasta el 15%","Los carburantes","neg","neg","neg","False","True","train"
"2967","""Recortar en creatividad es matar la gallina de los huevos de oro""","Recortar en creatividad","neg","neg","neg","False","True","train"
"2968","Bruselas denunciará a España ante el TUE si no aplica las normas europeas sobre fondos de inversión","España","neg","neg","neg","False","True","train"
"2969","El CEO de Airbus, sobre la crisis de Boeing: ""Los muy sabios aprenden de los errores de los demás""","CEO de Airbus","pos","neu","neu","False","True","train"
"2970","Las islas lideran la subida de precios en el primer semestre","Las islas","pos","neu","neu","False","True","train"
"2971","La tasa de paro salta al 15,33% tras destruirse un millón de empleos","tasa de paro","neg","neg","neg","False","True","train"
"2972","Yobel invertirá $5 millones para concentrar sus operaciones en nuevo edificio","Yobel","pos","neu","neu","False","True","train"
"2973","Data Officers o cómo gobernar el complejo universo de los datos","Data Officers","pos","neu","neu","False","True","train"
"2974","La bolsa Sao Paulo baja más del tres por ciento y el dólar sube","La bolsa Sao Paulo","neg","neg","neg","False","True","train"
"2975","El sector de componentes para coches ve un 2020 ""desafiante"" y ""preocupante""","sector de componentes para coches","neg","neu","neg","False","True","train"
"2976","Lo que debes saber este miércoles antes de que abra el mercado (+Podcast)","mercado","neu","neu","neu","False","True","train"
"2977","Madrileños y vascos, en el ojo del huracán de las subidas del euribor","Madrileños","neg","neu","neg","False","True","train"
"2978","""Si escoges la FP puedes tener un puesto fijo""","la FP","pos","pos","pos","False","True","train"
"2979","BBVA pone en venta su filial chilena","BBVA","neg","neu","neu","False","True","train"
"2980","IBEX35: Mañana va a ser un día “divertido”","IBEX35","neg","neg","neg","False","True","train"
"2981","Renfe suspende una licitación de 1.300 millones por contaminante","Renfe","pos","neu","pos","False","True","train"
"2982","La Comisión Europea aprueba las ayudas de 20 millones para el transporte ‘inteligente’","La Comisión Europea","pos","neu","pos","False","True","train"
"2983","Nissan reducirá los costes de su fábrica de Barcelona un 15% hasta 2015","Nissan","pos","neu","pos","False","True","train"
"2984","El deporte alcanza el 3,3% del PIB español y genera 414.000 empleos","El deporte","pos","pos","pos","False","True","train"
"2985","ELA aboga por mantener la huelga indefinida en Tubacex como «garantía» para negociar","ELA","neg","neg","neg","False","True","train"
"2986","Iberia compartirá destinos con la aerolínea mexicana Aeromar","Iberia","neg","pos","neu","False","True","train"
"2987","Acciones de Norwegian caen casi un 11 % tras anunciar ampliación de capital","Acciones de Norwegian","neg","neu","neu","False","True","train"
"2988","4 puntos rápidos en logística si vas a emprender en comercio electrónico","puntos rápidos en logística","neu","neu","neu","False","True","train"
"2989","‘Videoescándalo’ toca a familia de AMLO: captan a su hermano y a David León en entrega de dinero","familia de AMLO","neg","neu","neg","False","True","train"
"2990","Ghosn va a recibir una jubilación de 765.000 euros al año de Renault","Ghosn","pos","neu","neu","False","True","train"
"2991","CAF logra un pedido de 113 millones de euros con el Metro de Roma","CAF","pos","neu","pos","False","True","train"
"2992","Sánchez y Calviño, acorralados por la inflación, el petróleo, la electricidad y el bajo crecimiento","Sánchez y Calviño","neg","neu","neu","False","True","train"
"2993","Putin reabre la guerra fría y echa el freno a la recuperación económica","Putin","neg","neg","neg","False","True","train"
"2994","Banco Popular","Banco Popular","neu","neu","neu","False","True","train"
"2995","La deuda de las familias se reduce en 6.800 millones de euros en julio","deuda de las familias","pos","pos","pos","False","True","train"
"2996","Gibraltar pide un ""acuerdo diferenciado"" con la UE tras el Brexit","Gibraltar","pos","neu","pos","False","True","train"
"2997","El sabadell pisa el acelerador de la digitalización desde su centro en alicante","El sabadell","pos","neu","neu","False","True","train"
"2998","CaixaBank mejora las condiciones del ERE, cómo evitar sustos en la nueva factura de la luz y otras noticias","CaixaBank","pos","neu","pos","False","True","train"
"2999","Espíritu navideño devuelve seguridad a consumidores, vuelven compras físicas","Espíritu navideño","pos","pos","pos","False","True","train"
"3000","Javier Sánchez, presidente de las cámaras de comercio","presidente de las cámaras de comercio","neu","neu","neu","False","True","train"
"3001","Los grandes valores más baratos de Europa incluyen a Banco Santander y BBVA","valores más baratos","pos","pos","neu","False","True","train"
"3002","Fundaciones CAI e Ibercaja destinan 5.000 euros a Aldeas Infantiles Aragón","Fundaciones CAI","pos","neu","pos","False","True","train"
"3003","La startup barcelonesa TestGorilla recauda 1 millón de euros gracias a la COVID‑19","startup barcelonesa TestGorilla","pos","neu","neu","False","True","train"
"3004","La inflación se ha disparado y no saben como contenerla... O si.","La inflación","neg","neg","neg","False","True","train"
"3005","La trabajadora del Sofitel demanda a DSK por lo civil","DSK","neg","neu","neu","False","True","train"
"3006","CaixaBank lidera venta de fondos de pensiones e inversión colectiva en España","CaixaBank","pos","neu","neu","False","True","train"
"3007","La CNMV se marca la sostenibilidad como uno de sus cuatro pilares estratégicos","La CNMV","pos","neu","pos","False","True","train"
"3008","Nueva feria tecnológica de Alemania Twenty2X presenta su programa","Twenty2X","pos","pos","pos","False","True","train"
"3009","Roberto Scholtes: ""La Bolsa europea puede subir hasta un 12% este año""","La Bolsa europea","pos","pos","pos","False","True","train"
"3010","Las constructoras recurren todos los concursos de obra pública ‘morosos’","Las constructoras","pos","neu","pos","False","True","train"
"3011","La deuda pública marca nuevo récord con 1,2 billones de euros hasta marzo","La deuda pública","neg","neg","neg","False","True","train"
"3012","El primer ETF con formato sicav debuta en España y abre el camino a la llegada de nuevos productos","El primer ETF","pos","pos","pos","False","True","eval"
"3013","Los seis valores del Ibex que ya han recibido este año potenciales superiores al 50%","Ibex","pos","pos","pos","False","True","eval"
"3014","HolaMOBI adquiere Movilredpublic y abre la puerta a nuevas compras","HolaMOBI","pos","pos","neu","False","True","eval"
"3015","Chile espera inversiones ligadas a la astronomía por valor de 3.000 millones dólares","Chile","pos","pos","neu","False","True","eval"
"3016","Alibaba alquila una oficina de más de 700 metros cuadrados en una de las zonas más caras de Madrid para instalar su nueva sede en España","Alibaba","pos","neu","neu","False","True","eval"
"3017","Amancio Ortega, enemigo del pueblo según Podemos, ha pagado 11.000 millones en impuestos desde 2014","Amancio Ortega","neu","pos","pos","False","True","eval"
"3018","Guindos (BCE): el PIB no volverá a niveles pre Covid hasta finales de 2022","el PIB","neg","neg","neg","False","True","eval"
"3019","Ford destinará 2,9 millones más para la formación de jóvenes conductores","Ford","pos","neu","pos","False","True","eval"
"3020","UGT relaciona el descenso del paro con la reducción de la población activa","descenso del paro","neg","neu","neg","False","True","eval"
"3021","Las ventas de coches en España firman su segundo peor enero en más de dos décadas","ventas de coches","neg","neu","neu","False","True","eval"
"3022","Renta Corporación debuta en promoción de oficinas en el distrito 22@","Renta Corporación","pos","neu","neu","False","True","eval"
"3023","El fondo McWin Food Ecosystem se convierte en accionista mayoritario de Burger King en Alemania","fondo McWin Food Ecosystem","pos","neu","neu","False","True","eval"
"3024","Santander abonará el próximo 1 de agosto un dividendo de 0,065 euros con cargo a 2018","Santander","pos","pos","neu","False","True","eval"
"3025","Así será la fiscalidad de la automoción","fiscalidad de la automoción","neu","neu","neu","False","True","eval"
"3026","Dia logra ventas de 6.648 millones en 2021, un 3,4% menos","Dia","neg","pos","neu","False","True","eval"
"3027","De Cos pide que se conserve la flexibilidad interna de las empresas aprobada por el PP","De Cos","pos","pos","neu","False","True","eval"
"3028","Una de las action cam más potentes del mercado, la GoPro Hero8 Black, ha recibido un descuento del 10%","la GoPro Hero8 Black","pos","neu","pos","False","True","eval"
"3029","La fuerza de los bonos europeos aumenta","bonos europeos","pos","pos","pos","False","True","eval"
"3030","Dónde invertir en bolsa hoy: Fluidra, Prosegur, PRIM y Naturgy","invertir en bolsa","pos","neu","neu","False","True","eval"
"3031","El rublo recupera más de un 30% frente al dólar en una semana","El rublo","pos","neu","neu","False","True","eval"
"3032","PepsiCo gana un 4,6% menos en el primer trimestre, hasta 824 millones","PepsiCo","neg","pos","neu","False","True","eval"
"3033","Cómo trabajan hoy las mujeres en las Pyme: desafíos que no se ven y cómo los superan","mujeres en las Pyme","pos","neu","pos","False","True","eval"
"3034","Talgo, CAF y Alstom: los principales fabricantes europeos de trenes descarrilan","principales fabricantes europeos de trenes","neg","neu","neu","False","True","eval"
"3035","Un nuevo lenguaje para las ofertas de empleo","Un nuevo lenguaje","neu","neu","neu","False","True","eval"
"3036","Wall Street retoma la senda alcista tras la mejora en el mercado laboral","Wall Street","pos","pos","pos","False","True","eval"
"3037","Biden encarga estudios para el lanzamiento del dólar digital","Biden","pos","pos","pos","False","True","eval"
"3038","Avinatur sitúa su planta de Granada a la cabeza del sector","Avinatur","pos","neu","neu","False","True","eval"
"3039","El Ibex-35 sube un 1,04% con todos sus valores en verde","El Ibex-35","pos","pos","pos","False","True","eval"
"3040","Ferrovial recupera altura en su opa sobre los aeropuertos","Ferrovial","pos","neu","neu","False","True","eval"
"3041","La banca firma dos años de congelación salarial pero no descarta aplicar la reforma laboral","La banca","neg","pos","neg","False","True","eval"
"3042","Bajas comisiones, factor esencial al elegir banco","Bajas comisiones","pos","pos","pos","False","True","eval"
"3043","Cómo convertir un pequeño negocio en una tienda online para competir contra Amazon","pequeño negocio","pos","neg","pos","False","True","eval"
"3044","El S&P Merval parece haber pasado a segunda con una fuerte suba","El S&P Merval","pos","neu","neu","False","True","eval"
"3045","Guía para ser una pyme sostenible, que responda a las exigencias ambientales de sus clientes","pyme sostenible","pos","pos","pos","False","True","eval"
"3046","Inditex gana un 9% más hasta octubre","Inditex","pos","neu","neu","False","True","eval"
"3047","Francia estrena el derecho a la 'desconexión' laboral","desconexión' laboral","pos","neg","pos","False","True","eval"
"3048","Maroto anuncia que en septiembre volverán los viajes del Imserso","viajes del Imserso","pos","pos","pos","False","True","eval"
"3049","Santander reivindica el papel de la banca en la recuperación","Santander","pos","neu","neu","False","True","eval"
"3050","Teip: la nueva FinTech que llega al mercado salvadoreño","la nueva FinTech","pos","pos","neu","False","True","eval"
"3051","El nuevo escenario de tipos riega de pérdidas los bonos de Telefónica, Abertis e Iberdrola","nuevo escenario de tipos","neg","neg","neu","False","True","eval"
"3052","Los Charts de Carmen Ramos: BBVA, Rovi y OHLA","Charts de Carmen Ramos","neu","neu","neu","False","True","eval"
"3053","El IPC baja cinco décimas en enero y se sitúa en el 6% por el menor coste de la electricidad","El IPC","pos","pos","pos","False","True","eval"
"3054","Macy’s se apunta al auge del deporte y firma un acuerdo con Fanatics para su tienda online","Macy’s","pos","pos","neu","False","True","eval"
"3055","Torrecid pone color español a la cerámica de los cinco continentes","Torrecid","pos","neu","neu","False","True","eval"
"3056","Emprender desde Bilbao en 27 países' con Taig Mac Carthy","Taig Mac Carthy","pos","pos","pos","False","True","eval"
"3057","Estas 2 gráficas muestran cómo ha evolucionado el empleo femenino durante las 2 últimas crisis: pocos cambios entre 2008 y 2013 y en paralelo a la ocupación masculina durante la pandemia","empleo femenino","neu","neu","neu","False","True","eval"
"3058","La Audiencia Nacional mantiene la investigación y revoca el archivo para varios directivos de Repsol y CaixaBank","directivos de Repsol y CaixaBank","neg","neu","neu","False","True","eval"
"3059","Dava Newman: ""Amazon será un actor importante en la comercialización del espacio""","Amazon","pos","pos","neu","False","True","eval"
"3060","De Guindos afirma que es compatible bajar el IRPF y reducir el déficit","De Guindos","pos","pos","pos","False","True","eval"
"3061","Guerra judicial por los impuestos de la residencia que donó Amancio Ortega en A Coruña","Amancio Ortega","neg","neu","neu","False","True","eval"
"3062","La CMT se pronuncia en contra de la integración de reguladores","La CMT","pos","pos","pos","False","True","eval"
"3063","Cellnex mejora su resultado y cierra el primer semestre en equilibrio","Cellnex","pos","neu","neu","False","True","eval"
"3064","La inversión institucional aterriza en el universo ‘cripto’","inversión institucional","pos","neu","neu","False","True","eval"
"3065","Ventas de Gruma crecen 3%, registra aumentos de precios en México","Ventas de Gruma","pos","neu","neu","False","True","eval"
"3066","Macron veta el cierre de plantas de Renault en Francia","Macron","pos","neu","pos","False","True","eval"
"3067","La otra cara del hundimiento del petróleo: las navieras convierten sus megabuques en almacenes flotantes alquilados a precios de oro a grandes energéticas","hundimiento del petróleo","pos","neg","neg","False","True","eval"
"3068","Crece el interés por los pequeños pueblos para comprar una vivienda","pequeños pueblos","pos","pos","pos","False","True","eval"
"3069","Sacyr firma con los sindicatos la renovación de su plan de igualdad hasta 2026","Sacyr","pos","neu","pos","False","True","eval"
"3070","Universidades privadas adaptan su negocio y se enfrentan al fantasma de la deserción estudiantil","Universidades privadas","neg","neu","neg","False","True","eval"
"3071","La OIT ve la reforma laboral en España insuficiente para atajar el uso del despido improcedente","reforma laboral en España","neg","neu","neg","False","True","eval"
"3072","BBVA coloca 1.500 millones de euros en 'CoCos' al 6,75%","BBVA","pos","neu","neu","False","True","eval"
"3073","Barclays ficha a Fater Belbachir, de JP Morgan, para dirigir sus 'equities' a nivel global","Fater Belbachir","pos","neu","neu","False","True","eval"
"3074","Trea AM ve oportunidades de inversión en Mapfre, Indra, FCC, Gestamp y Alantra","Trea AM","pos","pos","neu","False","True","eval"
"3075","Registro Automotor: claves del trámite digital que comenzará a regir en 2022","Registro Automotor","pos","neu","neu","False","True","eval"
"3076","Fidelity alcanza un 10% de Natra","Fidelity","pos","neu","neu","False","True","eval"
"3077","Las 'Big Tech' crecen un 26% con el impulso de Microsoft y Google","Las 'Big Tech'","pos","pos","pos","False","True","eval"
"3078","Hacienda ha rechazado los planes de ajustes de varias comunidades","Hacienda","neg","neg","neg","False","True","eval"
"3079","WhatsApp sufre un fallo de seguridad que permite a los 'hackers' leer conversaciones","WhatsApp","neg","neu","neg","False","True","eval"
"3080","Costa anuncia una subida del salario mínimo y avances en reformas estructurales","Costa","pos","neu","pos","False","True","eval"
"3081","Line pide cambiar las contraseñas aunque asegura no haber sido hackeada","Line","pos","neu","neu","False","True","eval"
"3082","""Creemos que es preciso aprovechar la previsible recuperación del sector para cambiar de modelo turístico en España bajo el convencimiento de que la salud de nuestro planeta es la salud de nuestra industria""","modelo turístico en España","pos","pos","pos","False","True","eval"
"3083","La AIReF confirma que es probable cumplir el objetivo de déficit","La AIReF","pos","neu","neu","False","True","eval"
"3084","Así se invierten los fondos del sistema nacional de pensiones: mercado extranjero toma fuerza","mercado extranjero","pos","neu","neu","False","True","eval"
"3085","Ayudas de hasta 1.100 euros mensuales y alquileres asequibles para facilitar el acceso a la vivienda a los colectivos vulnerables","acceso a la vivienda","pos","neu","pos","False","True","eval"
"3086","Vodafone todavía paga el adiós al fútbol","Vodafone","neg","neu","neu","False","True","eval"
"3087","Allianz Seguros nombra a Beatriz Corti nueva subdirectora general de la entidad","Allianz Seguros","neu","neu","neu","False","True","eval"
"3088","Las acciones de Inditex se recuperan tras el varapalo del martes","Las acciones de Inditex","pos","neu","neu","False","True","eval"
"3089","En libertad con cargos cuatro de los detenidos de la organización UPA Extremadura","detenidos de la organización UPA","neg","neu","neu","False","True","eval"
"3090","El PIB de China creció un 8,1% en 2021, el mayor ritmo de crecimiento desde 2011","El PIB de China","pos","pos","pos","False","True","eval"
"3091","Catalunya acoge con recelo la primera propuesta de financiación autonómica","Catalunya","neg","neu","neu","False","True","eval"
"3092","Dogi convoca junta extraordinaria para ratificar la compra de Treiss","Dogi","pos","neu","neu","False","True","eval"
"3093","Las aseguradoras verán reducida su red bancaria en 1.560 oficinas","Las aseguradoras","neg","neg","neu","False","True","eval"
"3094","El Ayuntamiento transfiere 28,4 millones a la EMVS para viviendas protegidas en alquiler","El Ayuntamiento","pos","pos","pos","False","True","eval"
"3095","WhatsApp identificará los mensajes reenviados para combatir la desinformación","WhatsApp","pos","neu","pos","False","True","eval"
"3096","Economía/Motor.- Derbi fabricará motocicletas de mayor cilindrada en su fábrica de Martorelles (Barcelona)","Derbi","pos","neu","pos","False","True","eval"
"3097","EE.UU. aumenta del 10 % al 15 % los aranceles contra Airbus","EE.UU.","pos","neg","neu","False","True","eval"
"3098","Arias Cañete advierte de que la Covid podría crear objetivos ficticios en renovables","la Covid","neg","neg","neg","False","True","eval"
"3099","Una nueva estafa relacionada con Bizum puede hacerte perder mucho dinero","Bizum","neg","neu","neg","False","True","eval"
"3100","Bankinter: hay vida sin Línea Directa","Bankinter","pos","neu","neu","False","True","eval"
"3101","Col Lab de Las Naves busca startups para una Valencia saludable, sostenible y compartida","Col Lab de Las Naves","pos","pos","pos","False","True","eval"
"3102","Luis Gallego compaginará la presidencia de Iberia con la de LEVEL","Luis Gallego","pos","neu","neu","False","True","eval"
"3103","El BCE ultima el cambio regulatorio que evitará un nuevo 'caso Popular'","El BCE","pos","neu","neu","False","True","eval"
"3104","El sector 'fintech' se alía con el ahorro","El sector 'fintech'","pos","pos","neu","False","True","eval"
"3105","ING reduce su beneficio neto un 36% en la primera mitad de 2012","ING","neg","neu","neu","False","True","eval"
"3106","Bolsa Mexicana avanza favorecida por tregua comercial de EE.UU. y China","Bolsa Mexicana","pos","pos","pos","False","True","eval"
"3107","Georgieva (FMI) advierte de que las subidas de tipos en EEUU pueden enfriar la recuperación de algunos países","Georgieva","pos","neg","neg","False","True","eval"
"3108","BBVA despide a la mitad de la directiva de Mestre en Unnim","BBVA","neg","neu","neu","False","True","eval"
"3109","La planta de Nissan en Barcelona dejará de fabricar el 'pick-up' de Mercedes-Benz","planta de Nissan","neg","neg","neu","False","True","eval"
"3110","El arte emergente y digital llega a la Costa Brava","arte emergente y digital","pos","neu","pos","False","True","eval"
"3111","La escuela online de alquiler vacacional Alterschool.travel capta 1'7 millones de euros en una ronda de financiación","Alterschool.travel","pos","neu","neu","False","True","eval"
"3112","IESE amplía su campus de Barcelona para acoger a más estudiantes de MBA","IESE","pos","neu","pos","False","True","eval"
"3113","Las CCAA y los sindicatos exigen ‘seguridad jurídica’ en la reforma para los interinos","Las CCAA","pos","neu","pos","False","True","eval"
"3114","Elon Musk agota sus pantalones cortos de Tesla en cinco minutos","Elon Musk","pos","neg","neu","False","True","eval"
"3115","COMUNICADO: WISeKey ELA (filial de España y América Latina) nombra Presidente a Víctor Canivell para ampliar el alcance de WISeKey a","WISeKey ELA","pos","neu","neu","False","True","eval"
"3116","Trabajo sólo ha recibido 20 solicitudes de autorización de agencias privadas de colocación","Trabajo","neg","neg","neg","False","True","eval"
"3117","Juicio a la moratoria concursal","moratoria concursal","neg","neu","neu","False","True","eval"
"3118","Un plan de acción para reflotar el sector turístico","plan de acción","pos","pos","pos","False","True","eval"
"3119","NH gestionará los hoteles de Minor en Brasil y Portugal","NH","pos","neu","neu","False","True","eval"
"3120","La supremacía estadounidense en Inteligencia Artificial amenazada por China","La supremacía estadounidense","neg","neu","neu","False","True","eval"
"3121","Vitalik Buterin ayudará a Dogecoin hacia la Prueba de Participación","Vitalik Buterin","pos","pos","neu","False","True","eval"
"3122","La fintech Clara obtiene 30M$ en una ronda de inversión","La fintech Clara","pos","neu","neu","False","True","eval"
"3123","Cómo se calculan los ingresos procedentes del capital mobiliario","ingresos procedentes del capital mobiliario","neu","neu","neu","False","True","eval"
"3124","La solvencia del posible comprador de Air Comet, en entredicho","comprador de Air Comet","neg","neg","neu","False","True","eval"
"3125","País Vasco, Castilla-La Mancha y Madrid se salvan de la debacle del paro en noviembre","País Vasco","pos","pos","pos","False","True","eval"
"3126","Santander tiene previsto aprobar la fusión con Banesto el miércoles","Santander","pos","pos","neu","False","True","eval"
"3127","DKV, Grupo Norte, MRW, NH y Grupo Siro, premios de la Fundación Seres","premios de la Fundación Seres","pos","neu","neu","False","True","eval"
"3128","Ortiz devuelve 41 millones a Ikea y reclama 20 millones a Alicante y el Consell por ""errores""","Ortiz","neg","pos","neu","False","True","eval"
"3129","Así afectan las elecciones de EEUU a la Bolsa española","elecciones de EEUU","pos","neu","neu","False","True","eval"
"3130","Sánchez confía en presentar pronto los Presupuestos de 2020 y negociarlos ya","Sánchez","pos","neu","pos","False","True","eval"
"3131","Apostar por el Digital Workplace de una empresa para aumentar la rentabilidad a través del soporte de Sosmatic","Digital Workplace","pos","pos","neu","False","True","eval"
"3132","Rubalcaba: ""La reforma laboral será la primera ley que nos carguemos""","La reforma laboral","neg","neg","neg","False","True","eval"
"3133","El Banco Mundial prevé que la zona euro siga en recesión en 2013 con una caída del 0,2%","zona euro","neg","neg","neg","False","True","eval"
"3134","Así evolucionaron las fortunas de los más ricos de entre los ricos en 2021","fortunas de los más ricos","pos","neu","neu","False","True","eval"
"3135","Volotea aumentó un 14 % el número de pasajeros en verano","Volotea","pos","neu","neu","False","True","eval"
"3136","Telefónica invierte 150 millones para adjudicarse seis lotes en la subasta 5G en Brasil","Telefónica","pos","neu","neu","False","True","eval"
"3137","Díaz promete que esta semana reconocerá los 300.000 ERTE pendientes","Díaz","pos","neu","pos","False","True","eval"
"3138","España, a la cola en la concesión de ayudas públicas en Europa: destina solo el 0,4% del PIB","España","neg","neg","neg","False","True","eval"
"3139","Los ingresos minoristas de las 'telecos' cayeron un 1,3% en el tercer trimestre del año pasado","las 'telecos'","neg","pos","neu","False","True","eval"
"3140","El GobEx subvenciona proyectos de conservación de la naturaleza con hasta 20.000 euros","El GobEx","pos","neu","pos","False","True","eval"
"3141","El euríbor acelera su caída para marcar su media mensual más baja desde noviembre","El euríbor","neg","neu","pos","False","True","eval"
"3142","CaixaBank cierra 2021 como el grupo líder en gestión de fondos","CaixaBank","pos","neg","neu","False","True","eval"
"3143","BBVA, líder mundial en banca móvil por tercer año consecutivo","BBVA","pos","neu","neu","False","True","eval"
"3144","Mutuactivos recomienda invertir en valores cíclicos y de vuelta a la normalidad","Mutuactivos","pos","neu","neu","False","True","eval"
"3145","El favorito de Trump para representar a EEUU ante la UE prevé el colapso del euro en un año y medio","El favorito de Trump","neg","neg","neg","False","True","eval"
"3146","Pérez Baquero abrirá un hotel de 5 estrellas junto a Plaça Catalunya","Pérez Baquero","pos","neu","pos","False","True","eval"
"3147","La CNMV exige a Barón de Ley que actualice el informe de valoración para aprobar su opa","La CNMV","pos","neu","neu","False","True","eval"
"3148","Los otros héroes anónimos del Covid-19: los innovadores","los innovadores","pos","pos","pos","False","True","eval"
"3149","Ferrovial recurre la decisión judicial sobre la autopista canadiense ETR-407","Ferrovial","neg","neu","neu","False","True","eval"
"3150","Oh yes! Gibraltar se paga sus servicios públicos engañando a la UE","Gibraltar","neg","neg","neg","False","True","eval"
"3151","El futbolista del Real Madrid Marcelo paga medio millón de euros a Hacienda y evita una pena de cárcel de 4 meses","Marcelo","neg","neg","neu","False","True","eval"
"3152","Supremo alemán reconoce derecho a indemnización por Volkswagen manipulado","derecho a indemnización","pos","neg","pos","False","True","eval"
"3153","Ni adivinos ni magos, simplemente asesores financieros","asesores financieros","pos","neu","neu","False","True","eval"
"3154","La agenda económica de género y el acuerdo con el FMI: pobreza, deudas, empleo y cuidado","agenda económica de género","neg","neg","neg","False","True","eval"
"3155","AstraZeneca una de las tres grandes antiCovid-19","AstraZeneca","pos","neu","pos","False","True","eval"
"3156","Bundesbank: economía alemana se aprovechará de coyuntura global","Bundesbank","pos","neg","neu","False","True","eval"
"3157","Economía/Empresas.- Mitsubishi pide a NedCar un plan de reestructuración tras dejar de producir el Smart 'Forfour'","Mitsubishi","pos","neu","neu","False","True","eval"
"3158","Funcas avisa: la ralentización económica y la incertidumbre política obstaculizan el cumplimiento del déficit","el cumplimiento del déficit","neg","neg","neg","False","True","eval"
"3159","Deutsche Bank dejará de hacer nuevos negocios con Trump tras décadas de colaboración","Deutsche Bank","neg","neu","neu","False","True","eval"
"3160","Las quejas a la banca por cuentas y tarjetas superan a las de las hipotecas","Las quejas a la banca","pos","neu","neg","False","True","eval"
"3161","El Sabadell da por fracasada su fusión con el BBVA","El Sabadell","neg","neu","neu","False","True","eval"
"3162","El gestor Bill Ackman hace una nueva apuesta contra el crédito corporativo","Bill Ackman","pos","neu","neu","False","True","eval"
"3163","La inversión hotelera en España vuelve al nivel de hace una década","inversión hotelera en España","pos","pos","pos","False","True","eval"
"3164","Aena destinará al menos 1.500 millones de euros a ampliar El Prat a partir de 2024","Aena","pos","pos","pos","False","True","eval"
"3165","Crece el temor ante una burbuja tecnológica y los hedge funds se hacen fuertes en plena pandemia","burbuja tecnológica","neg","neg","neg","False","True","eval"
"3166","Aragón Plataforma Logística estrena web con un buscador único de parcelas","Aragón Plataforma Logística","pos","neu","pos","False","True","eval"
"3167","Imagin, la app de CaixaBank para los más jóvenes","Imagin","pos","neu","pos","False","True","eval"
"3168","Samsung presenta el Galaxy S5, más rápido y resistente al agua y al polvo","Samsung","pos","neu","pos","False","True","eval"
"3169","BlackRock compra un 0,76% BBVA y realiza su mayor apuesta en el banco","BlackRock","pos","neu","neu","False","True","eval"
"3170","La Bolsa de París baja un 0,09 % a la apertura","La Bolsa de París","neg","neg","neg","False","True","eval"
"3171","Las diferentes rutas normativas que condicionan el desarrollo de la economía circular","diferentes rutas normativas","neg","neg","neg","False","True","eval"
"3172","El Ibex 35 derriba al fin los 9.270 puntos tras escalar un 2,4% en febrero","El Ibex 35","pos","pos","pos","False","True","eval"
"3173","""El futuro no es Google"", según el comisario europeo de Ciencia","Google","neg","neu","neu","False","True","eval"
"3174","Los bancos abren otra era de viviendas baratas","Los bancos","pos","neu","pos","False","True","eval"
"3175","El Gobierno planta al Congreso en el debate de los Presupuestos","El Gobierno","neg","neg","neg","False","True","eval"
"3176","Economía/Agricultura.- Ampliado el plazo de solicitud de ayudas de pago único para este año hasta el 15 de mayo","ayudas de pago único","pos","pos","pos","False","True","eval"
"3177","Grup Peralada compra el edificio de Versace en el Passeig de Gràcia","Grup Peralada","pos","neu","neu","False","True","eval"
"3178","Los fondos se sobreponen a la Covid: captan 513 millones y suben un 0,7% en 2020","Los fondos","pos","pos","pos","False","True","eval"
"3179","Un total de 44 candidaturas, elegidas Producto del Año 2022","44 candidaturas","pos","neu","neu","False","True","eval"
"3180","CaixaBank rebaja a la mitad el interés fijo de su hipoteca, pero solo para vivienda habitual","CaixaBank","pos","neu","pos","False","True","eval"
"3181","Barclays alcanza ganancias anuales récord gracias a aumento de negocios","Barclays","pos","neu","neu","False","True","eval"
"3182","Un Barça de récord ingresa 670 millones","Un Barça de récord","pos","neu","neu","False","True","eval"
"3183","Italia busca convencer a ArcelorMittal sobre Ilva, que amenaza 10.000 empleos","Italia","pos","pos","pos","False","True","eval"
"3184","Fitch duda de que el rescate a la banca implique su ""reforma final""","rescate a la banca","neg","neg","neg","False","True","eval"
"3185","Economía/Finanzas.- EFPA España nombra a Juan Fernández Armesto presidente de su Comité Ético y Deontológico","EFPA España","pos","neu","neu","False","True","eval"
"3186","Marcas cambian sus logos para celebrar a la comunidad LGBTQ y así reaccionaron los usuarios ","Marcas","pos","neu","pos","False","True","eval"
"3187","Las pérdidas de Motorland en 2013 se compensarán con los 36 millones que genera","Motorland","pos","neu","neu","False","True","eval"
"3188","Segway lanza Ninebot Mini, su último y divertidísimo monopatín eléctrico","Ninebot Mini","pos","neu","pos","False","True","eval"
"3189","Fomento tendrá licitadas las obras de los seis tramos del Corredor Murcia-Almería antes de junio de 2018","Fomento","pos","neu","pos","False","True","eval"
"3190","La Fiscalía denuncia al presidente del Puerto de Valencia por posible malversación","presidente del Puerto de Valencia","neg","neu","neg","False","True","eval"
"3191","El Asistente de Google introduce la lectura de mensajes de apps de mensajería","Asistente de Google","pos","pos","pos","False","True","eval"
"3192","Gigas pide aprovechar el programa 'Kit Digital' para reforzar el ecosistema tecnológico nacional","programa 'Kit Digital'","pos","pos","pos","False","True","eval"
"3193","El verdadero negocio de las minas de oro en España","minas de oro","pos","neu","neu","False","True","eval"
"3194","Las empresas del Ibex 35 desaprovechan el potencial de las redes sociales","empresas del Ibex 35","neg","neg","neu","False","True","eval"
"3195","6 errores que tienes que evitar al alquilar una oficina","6 errores","neg","neg","neu","False","True","eval"
"3196","Belgrano, ilustración económica y pragmatismo","Belgrano","pos","neu","pos","False","True","eval"
"3197","Las exportaciones alemanas baten en octubre su récord","Las exportaciones alemanas","pos","pos","pos","False","True","eval"
"3198","BRIComanía en la bolsa: los gigantes emergentes, en récords históricos","los gigantes emergentes","pos","pos","pos","False","True","eval"
"3199","Torrot produce 6.200 motos en el primer año tras reflotar Gas Gas","Torrot","pos","neu","neu","False","True","eval"
"3200","El Tribunal Supremo convierte en indefinidos a los interinos que lleven más de tres años en la Administración","El Tribunal Supremo ","pos","neu","pos","False","True","eval"
"3201","Las inmobiliarias se lanzan a comprar supermercados por 600 millones","Las inmobiliarias","pos","neu","neu","False","True","eval"
"3202","El sector químico estima el efecto del 'brexit' en 300 millones de euros","El sector químico","neg","neg","neg","False","True","eval"
"3203","Técnicas Reunidas y el reto de lograr nuevos contratos","Técnicas Reunidas","neg","neu","neu","False","True","eval"
"3204","Xavier Labandeira: “España es uno de los países más vulnerables al cambio climático”","España","neg","neg","neg","False","True","eval"
"3205","S&P convierte la intervención de BPA en una crisis de toda Andorra","S&P","neg","neg","neg","False","True","eval"
"3206","Ryanair abre este mes una nueva ruta desde Stansted (Londres) a Menorca","Ryanair","pos","neu","pos","False","True","eval"
"3207","PLATAFORMA DENARIA","PLATAFORMA DENARIA","neu","neu","neu","False","True","eval"
"3208","Los 'smartphones' podrán sustituir al Meteosat (ya colaboran con él)","Los 'smartphones'","pos","neu","neu","False","True","eval"
"3209","Francia prepara hasta 5.000 millones de ayuda a Air France para la primavera, según RTL","Francia","pos","pos","pos","False","True","eval"
"3210","La bolsa de Sao Paulo encadena tercera caída consecutiva en jornada volátil","La bolsa de Sao Paulo","neg","neg","neg","False","True","eval"
"3211","Solaria ganó 5,6 millones de euros hasta septiembre, casi el doble","Solaria","pos","neu","neu","False","True","eval"
"3212","El Grupo Arturo vende un colegio en Madrid por 4 millones","El Grupo Arturo","pos","neu","neu","False","True","eval"
"3213","La Troika sale de Portugal en el tercer aniversario de su rescate","La Troika","pos","pos","pos","False","True","eval"
"3214","""La restauración es un sector muy poco actualizado tecnológicamente""","La restauración","neg","neu","neg","False","True","eval"
"3215","Pikolin, único finalista español al premio a la Excelencia Logística","Pikolin","pos","neu","neu","False","True","eval"
"3216","El Referente lanza la sexta edición de su Guía de Inversión para Startups","El Referente","pos","pos","pos","False","True","eval"
"3217","Abe pide cifras de inversión en EEUU para Trump","Abe","pos","neu","neu","False","True","eval"
"3218","Cómo comprar NFT’s, ventajas y desventajas de “inversión”","NFT’s","neu","neu","neu","False","True","eval"
"3219","Cotización de Spartn Acqn Uts 26","Spartn Acqn Uts 26","neu","neu","neu","False","True","eval"
"3220","Planes de pensiones, grandes beneficiados de la confianza en máximos del inversor español","Planes de pensiones","pos","neu","pos","False","True","eval"
"3221","SEPI garantiza beneficios anuales al menos hasta 2017","SEPI","pos","neu","neu","False","True","eval"
"3222","Segundo pinchazo del Ibex que pierde los 8200 puntos","Segundo pinchazo del Ibex","neg","neg","neg","False","True","eval"
"3223","Anula la decisión de Bruselas que obligaba a Starbucks a devolver 20 millones a Países Bajos","Starbucks","pos","neu","neu","False","True","eval"
"3224","Xavier Domènech: ""Necesitamos un acuerdo transversal con agentes políticos, sociales y económicos""","Xavier Domènech","neu","neu","neu","False","True","eval"
"3225","Banco Sabadell mejora su propuesta de valor en su estrategia de seguir en solitario","Banco Sabadell","pos","neu","neu","False","True","eval"
"3226","Tokio 2020: Toyota desarrollará vehículos específicos para los Juegos Olímpicos y Paralímpicos","Toyota","pos","neu","pos","False","True","eval"
"3227","Tendencia AMBA: crece el uso de la tarjeta y cae más el de efectivo","Tendencia AMBA","pos","neu","neu","False","True","eval"
"3228","Mattias Bodin (H&M Group): “La unión y la colaboración son fundamentales para innovar”","Mattias Bodin","pos","neu","neu","False","True","eval"
"3229","ArcelorMittal anuncia un programa de recompra de acciones de 1.000 millones","ArcelorMittal","pos","neu","neu","False","True","eval"
"3230","Aena adjudica a Sampol la construcción de nueva central eléctrica de Barajas","Sampol","pos","pos","pos","False","True","eval"
"3231","Los expertos recomiendan que Latinoamérica haga reformas para mejorar su economía","Latinoamérica","neg","neg","neg","False","True","eval"
"3232","La OPEP y Rusia suben poco su oferta de crudo a pesar de escalada de precios","La OPEP","pos","pos","pos","False","True","eval"
"3233","El Xiaomi Redmi Note 10 tiene una cámara más modesta que su versión Pro, pero con una batería duradera, carga rápida, perfecto para 'gaming' y excelente relación calidad/precio","Xiaomi Redmi Note 10","pos","neu","pos","False","True","eval"
"3234","El fintech mexicano Klar levanta 15M$ en una ronda Serie A liderada por IFC y Prosus Ventures","fintech mexicano Klar","pos","neu","neu","False","True","eval"
"3235","Los nuevos y bizarros anuncios de Old Spice","anuncios de Old Spice","neg","neu","neu","False","True","eval"
"3236","Ante incertidumbre mundial, México prioriza abasto interno de energéticos","México","pos","pos","pos","False","True","eval"
"3237","CEOE denuncia la falta de EPIs de las pymes para reanudar su actividad con garantías","falta de EPIs","neg","neg","neu","False","True","eval"
"3238","Sabadell coloca 750 millones de euros en ‘cocos’ al 5%","Sabadell","pos","neu","neu","False","True","eval"
"3239","Grecia: es posible un tercer rescate de unos 10.000 millones de euros","Grecia","neg","neg","neg","False","True","eval"
"3240","Profeco suspende gasolineras de Shell por irregularidades","gasolineras de Shell","neg","neu","neg","False","True","eval"
"3241","La economía valenciana crecerá este año un 6,5%, según Hispalink","La economía valenciana","pos","pos","pos","False","True","eval"
"3242","Hidalgo (Globalia) vaticina el fin de la agencia de viaje para sacar billetes","Hidalgo","neg","neu","neg","False","True","eval"
"3243","Firmado el acuerdo para subir el salario mínimo a 950 euros en 2020","salario mínimo","pos","neg","pos","False","True","eval"
"3244","El lujo inmobiliario español cotiza al alza en Europa","lujo inmobiliario español","pos","neu","neu","False","True","eval"
"3245","El 'efecto Amazon' fija la pauta para el salario mínimo en EEUU","efecto Amazon","pos","neu","pos","False","True","eval"
"3246","WiZink pierde 25 millones lastrado por los litigios de las revolving","WiZink","neg","neu","neu","False","True","eval"
"3247","Barcelona acogerá las primeras pruebas de la nueva Fórmula 1","Barcelona","pos","pos","pos","False","True","eval"
"3248","La UE busca pactar la base del presupuesto del euro con frentes aún abiertos","La UE","pos","pos","pos","False","True","eval"
"3249","Créditos morosos en manos del Gobierno español sumaban 0,2 % del PIB en 2017","Créditos morosos","neg","neg","neg","False","True","eval"
"3250","Atención a esta oportunidad: el tremendo negocio del turismo capilar que España quiere arrebatar a Turquía","negocio del turismo capilar","pos","neu","pos","False","True","eval"
"3251","IBM retira su negocio de reconocimiento facial y su CEO pide un ""diálogo nacional"" sobre el encaje legal y el uso de esta tecnología","IBM","pos","neu","pos","False","True","eval"
"3252","Los hogares aumentaron sus compras un 180% esta semana ante el repunte del coronavirus","Los hogares","pos","pos","neg","False","True","eval"
"3253","El Banco de España obligará a los bancos a dotarse de un fondo para evitar otra burbuja","El Banco de España","pos","pos","pos","False","True","eval"
"3254","Colombia busca empujar a su agroindustria a llenar los supermercados chinos","Colombia","pos","pos","pos","False","True","eval"
"3255","El Gobierno asume que España no recuperará este año el nivel de PIB previo a la pandemia","España","neg","neg","neg","False","True","eval"
"3256","A la caza del chollo covid: el mapa de las nuevas aperturas de la gran restauración","las nuevas aperturas de la gran restauración","pos","neu","pos","False","True","eval"
"3257","La Bolsa de Londres baja un 0,29 % en la apertura","La Bolsa de Londres","neg","neg","neg","False","True","eval"
"3258","Pemex dice que no dará marcha atrás contra el robo de combustible","Pemex","pos","neu","neu","False","True","eval"
"3259","El regulador británico difunde respuestas de las partes a la compra de Hutchinson por Cellnex","El regulador británico","pos","neu","neu","False","True","eval"
"3260","España participa con cinco startups con sello ENISA en el GP20 Innovation League","España","pos","pos","neu","False","True","eval"
"3261","Dazn lanza ‘Dazn studios’ como parte de su estrategia global de contenido original para 2022","Dazn","pos","neu","pos","False","True","eval"
"3262","Un ranking de la deuda externa global y su comparación con el PIB","deuda externa global","neu","neu","neu","False","True","eval"
"3263","El Gobierno prorroga la suspensión de los desahucios y la moratoria del pago del alquiler hasta agosto","El Gobierno","pos","neu","pos","False","True","eval"
"3264","Ferrovial recorta más de un 90 % sus números rojos hasta 6 millones","Ferrovial","pos","neu","neu","False","True","eval"
"3265","Subida contenida en 2022 en A Coruña y Vigo","Subida contenida","pos","pos","pos","False","True","eval"
"3266","British Airways cifra en 3.130 millones de euros el déficit de su plan de pensiones","British Airways","neg","neu","neu","False","True","eval"
"3267","Los autónomos cobrarán la devolución de la cuota de marzo en la segunda quincena de mayo","Los autónomos","pos","neu","neu","False","True","eval"
"3268","La industria inmobiliaria demanda a N.York por vetar comisiones a inquilinos","N.York","neg","neu","pos","False","True","eval"
"3269","Ayudas sí, pero sin límite de edad","Ayudas","pos","neu","pos","False","True","eval"
"3270","ADEFAM y la Fundación Conexus hablan sobre ciberseguridad","ADEFAM","neu","neu","neu","False","True","eval"
"3271","145 empresas públicas ya pagan todos los impuestos al Govern","145 empresas públicas","pos","pos","pos","False","True","eval"
"3272","AMLO tiene otras cifras: el empleo está bien, asegura","AMLO","pos","pos","pos","False","True","eval"
"3273","Facebook sabe que es nocivo para 360 millones de usuarios, el 12,5% del total","Facebook","neg","neu","neg","False","True","eval"
"3274","Cotización de Nokia","Nokia","neu","neu","neu","False","True","eval"
"3275","Abanca, dispuesto a protagonizar una fusión con otra entidad","Abanca","pos","neu","neu","False","True","eval"
"3276","El luso BPI modifica los límites de voto para evitar la opa de Millennium","El luso BPI","pos","neu","neu","False","True","eval"
"3277","Blockchain para crear un mercado de datos en los puertos","Blockchain","pos","neu","neu","False","True","eval"
"3278","Gómez Sierra cree que la intervención de CajaSur fue lo mejor para la plantilla","intervención de CajaSur","pos","neu","pos","False","True","eval"
"3279","El coste de la hora trabajada sube un 2,9% en el cuarto trimestre","coste de la hora trabajada","pos","neg","pos","False","True","eval"
"3280","Ávoris compra a Globalia la marca Latitudes","Ávoris","pos","neu","neu","False","True","eval"
"3281","El euro a examen 20 años después de su entrada en vigor, por Coface","El euro","neu","neu","neu","False","True","eval"
"3282","La funda compatible con iPad de Apple número 1 en ventas en Amazon: 11 colores distintos","funda compatible con iPad","pos","neu","pos","False","True","eval"
"3283","Unicaja ofrece prejubilaciones a los 57 años en su ERE","Unicaja","pos","neu","neg","False","True","eval"
"3284","El presidente de Portugal visita la primera tienda de Mercadona en el país","Mercadona","pos","neu","pos","False","True","eval"
"3285","Catarata de subidas de impuestos y nuevas tasas para este año y 2022","impuestos y nuevas tasas","neg","neg","neg","False","True","eval"
"3286","KPN eleva un 110% su beneficio en 2019, hasta 614 millones","KPN","pos","neu","neu","False","True","eval"
"3287","Los presidentes de Fórum Filatélico y Afinsa, detenidos a la espera de declarar","presidentes de Fórum Filatélico y Afinsa","neg","neu","pos","False","True","eval"
"3288","La batalla política lusa amenaza otra vez a España","batalla política lusa","neg","neg","neg","False","True","eval"
"3289","Estados Unidos inaugura un museo dedicado a los NFT","Estados Unidos","pos","neu","pos","False","True","eval"
"3290","Financiación Autonómica – III","Financiación Autonómica","neu","neu","neu","False","True","eval"
"3291","Protección de datos multa con 5,81 millones a varias operadoras por duplicados fraudulentos de tarjetas SIM","Protección de datos","pos","pos","pos","False","True","eval"
"3292","Value investing en la asignación de carteras de los fondos de fondos","Value investing","pos","neu","neu","False","True","eval"
"3293","PT asegura que la oferta de Telefónica por Vivo es una opa sobre la mitad de la empresa","PT","neg","neu","neu","False","True","eval"
"3294","Colaboración público-privada para un pacto de Estado de infraestructuras","Colaboración público-privada","pos","pos","pos","False","True","eval"
"3295","Mercadona logra líneas de liquidez de 2.100 millones para pagar a proveedores","Mercadona","pos","pos","neu","False","True","eval"
"3296","La deuda de la Comunidad también es consecuencia de la adhesión al Fondo de Facilidad Financiera","deuda de la Comunidad","neg","neu","neg","False","True","eval"
"3297","El PSOE vaticina menos seguros agrarios con las ayudas del Gobierno regional","El PSOE","neg","neg","neu","False","True","eval"
"3298","Rusia, un país con excesiva presencia del Estado e infraestructuras insuficientes","Rusia","neg","neg","neg","False","True","eval"
"3299","Dimiten los tres cargos del Banco de España imputados por el 'caso Bankia' que aún estaban en activo","Banco de España","neg","neu","pos","False","True","eval"
"3300","PRISA Motor lanza su primer podcast: ‘De 100 a 0’","PRISA Motor","pos","neu","neu","False","True","eval"
"3301","Guindos aprecia factores estructurales en la subida de la inflación","Guindos","pos","neu","neu","False","True","eval"
"3302","Yalitza Aparicio, la construcción de un inesperado branding personal","Yalitza Aparicio","pos","neu","neu","False","True","eval"
"3303","Teleco LAN Party duplicará participantes al celebrarse en el Palacio de Deportes de Cartagena en abril","Teleco LAN Party","pos","neu","pos","False","True","eval"
"3304","El laboratorio británico Shire pagará 4.200 millones de dólares por el estadounidense ViroPharma","laboratorio británico Shire","pos","neu","neu","False","True","eval"
"3305","El programa Horizonte Europa, centrado en los ecosistemas, la biodiversidad y la economía circular","programa Horizonte Europa","pos","neu","pos","False","True","eval"
"3306","La Bolsa de Sao Paulo no opera este viernes por ser festivo en Brasil","La Bolsa de Sao Paulo","neu","neu","neu","False","True","eval"
"3307","Torres rechaza «juicios paralelos» sobre BBVA en una carta a la plantilla","BBVA","neg","pos","neu","False","True","eval"
"3308","Las ciudades buscan el apoyo de las empresas para desarrollar ciudades inteligentes","Las ciudades","pos","pos","pos","False","True","eval"
"3309","Fitch avisa de que la unión bancaria no tranquiliza a los inversores","unión bancaria","neg","neg","neu","False","True","eval"
"3310","Detenidos en Lloret de Mar 4 presuntos miembros de la mafia rusa por blanquear 50 millones","mafia rusa","neg","neu","pos","False","True","eval"
"3311","Mas pone en Port Aventura la primera piedra de la mayor montaña rusa de Europa","Mas","pos","pos","pos","False","True","eval"
"3312","Martínez Berna deja Coepa tras la sanción a su empresa","Martínez Berna","neg","neu","neu","False","True","eval"
"3313","La Guardia Civil lanza una operación contra el fraude en el IVA de hidrocarburos y metales preciosos","La Guardia Civil","pos","pos","pos","False","True","eval"
"3314","Rentabilidad y compromiso social, motivos para la inversión sostenible","Rentabilidad","pos","pos","pos","False","True","eval"
"3315","Samsung prevé una caída del 34% de su beneficio en el cuarto trimestre","Samsung","neg","neu","neu","False","True","eval"
"3316","El biocombustible alza el vuelo para reducir la emisión de los aviones","El biocombustible","pos","neu","pos","False","True","eval"
"3317","España, el país de la Unión Europea donde más crece la desigualdad salarial","España","neg","pos","neg","False","True","eval"
"3318","El comodín de Botín para convertirse en líder en el mercado clave de BBVA","Botín","pos","neu","neu","False","True","eval"
"3319","Cuatro sociedades públicas reconocen 26 millones de deuda con el Gobierno de Aragón","Cuatro sociedades públicas","pos","neu","neg","False","True","eval"
"3320","Nokia sufre en bolsa la rebaja de su previsión de ventas","Nokia","neg","neu","neu","False","True","eval"
"3321","Este robot es capaz de eliminar gérmenes y patógenos del aire y de objetos","Este robot","pos","neu","pos","False","True","eval"
"3322","La retención de los autónomos bajará al 15% para los que cobren como máximo 15.000 euros","retención de los autónomos","pos","neu","pos","False","True","eval"
"3323","Guindos reclama política económica y fiscal para que la munición del BCE vuelva a tener fuerza","política económica y fiscal","pos","neu","pos","False","True","eval"
"3324","El euro baja a su mínimo desde octubre tras buenos datos de EEUU","El euro","neg","neg","neg","False","True","eval"
"3325","Los intangibles absorben el 35% de la inversión en España, a la cola de la UE","Los intangibles","pos","pos","neu","False","True","eval"
"3326","El Tesoro capta 6.165 millones de euros en bonos y obligaciones del Estado","El Tesoro","pos","neu","pos","False","True","eval"
"3327","Iberdrola camufla sus problemas en España","Iberdrola","neg","neu","neg","False","True","eval"
"3328","Desfile de directivos y exdiretivos del BBVA en la Audiencia Nacional por el caso Villarejo","directivos y exdiretivos del BBVA","neg","neu","neu","False","True","eval"
"3329","Mahou San Miguel crece en Estados Unidos tras hacerse con el 70% de la 'craft' Avery Brewing","Mahou San Miguel","pos","neu","neu","False","True","eval"
"3330","El sofisticado y elegante bolso de Desigual que está rebajado un 40%","bolso de Desigual","pos","neu","pos","False","True","eval"
"3331","Richi Arambarri (Vintae): ""La empresa no está para que vivamos mejor""","La empresa","neg","neg","neg","False","True","eval"
"3332","Las acciones de la Juventus caen un 3% tras fichar a Cristiano","la Juventus","neg","pos","neu","False","True","eval"
"3333","Catalá recibe a la candidatura de Javier Íscar para conocer sus propuestas y reivindicaciones","Catalá","neu","neu","neu","False","True","eval"
"3334","Nubes de puntos y BIM, por BIM ZONE","BIM","neu","neu","neu","False","True","eval"
"3335","Vacíos legales en la lucha contra la corrupción y la inseguridad","Vacíos legales","neg","neg","neg","False","True","eval"
"3336","Más dinero proveniente del BEI junto a entidades financieras españolas","dinero proveniente del BEI","pos","pos","neu","False","True","eval"
"3337","Bankinter bonifica planes de pensiones con abono en efectivo de hasta el 4 %","Bankinter","pos","neu","pos","False","True","eval"
"3338","Wall Street repunta: el Dow cierra en máximos de principios de mayo","Wall Street repunta","pos","pos","pos","False","True","eval"
"3339","El presidente del BBVA afirma que ""la génesis de Bankia fue un error""","la génesis de Bankia ","neg","neu","neu","False","True","eval"
"3340","Vestas aplica sus recortes en España y prescinde de 250 empleados","Vestas","neg","neu","neg","False","True","eval"
"3341","Facebook inaugura la era del nuevo mundo virtual","Facebook","pos","neu","pos","False","True","eval"
"3342","Bankia fastidia el negocio a los abogados oportunistas","Bankia","pos","neg","pos","False","True","eval"
"3343","Baleares sanciona a Iberia con 448.000 euros por aplicar la cláusula 'no show'","Iberia","neg","neu","neu","False","True","eval"
"3344","Las lagunas legislativas sobre la intervención de las CCAA amenazan la eficacia de los Perte","lagunas legislativas","neg","neu","neg","False","True","eval"
"3345","Bershka se supera con su nuevo abrigo ‘trench’ por solo 39,99 euros","Bershka","pos","neu","pos","False","True","eval"
"3346","CaixaBank gana 5.226 millones por el efecto contable de absorber Bankia","CaixaBank","pos","neg","neu","False","True","eval"
"3347","Repsol pagara hasta 6,8 millones en acciones a sus empleados","Repsol","pos","neu","pos","False","True","eval"
"3348","Las primeras promociones del Plan Vive de la Comunidad de Madrid empezarán a construirse a principios del próximo año","Plan Vive","pos","pos","pos","False","True","eval"
"3349","La CNMV multa a Euroinnova, accionista de Dermoestética","Euroinnova","neg","neu","neu","False","True","eval"
"3350","Cellnex salta mañana al cuarto puesto por capitalización","Cellnex","pos","neg","neu","False","True","eval"
"3351","El Ibex 35 hace aguas y cierra una fatídica semana en la que se deja casi un 10%","El Ibex 35","neg","neg","neg","False","True","eval"
"3352","Fundación Adelias destina a colegios los ordenadores donados por Ibermática","Fundación Adelias","pos","neu","pos","False","True","eval"
"3353","Gandía, última parada de la guerra legal entre Aguas de Valencia y Agbar","Gandía","neg","neg","neu","False","True","eval"
"3354","Rubalcaba asegura que la eliminación de las diputaciones ahorraría 1.000 millones de euros","eliminación de las diputaciones","pos","neu","pos","False","True","eval"
"3355","Disney se suma al éxodo americano y detiene sus operaciones en Rusia","Disney","pos","neu","pos","False","True","eval"
"3356","Mango destroza a la competencia con este vestido cruzado estampado","Mango","pos","neg","neu","False","True","eval"
"3357","Bankinter gana 220 millones hasta septiembre, un 50% menos","Bankinter","neg","neu","neu","False","True","eval"
"3358","Las urbes causan el 70% de las emisiones contaminantes, y 25 megaciudades son culpables de más de la mitad","Las urbes","neg","neg","neg","False","True","eval"
"3359","Primafrio cancela su salida a Bolsa por la baja demanda","Primafrio","neg","neu","neu","False","True","eval"
"3360","Cómo van a cambiar los contratos de alquiler con la derogación del decreto de vivienda","contratos de alquiler","neu","neu","neu","False","True","eval"
"3361","Iván Delgado: ""Los inversores tendrán en cuenta si se suben o no los impuestos en España""","Los inversores","neu","neu","neu","False","True","eval"
"3362","El bono español se aleja del 5% con el nuevo objetivo de déficit","El bono español","neg","neg","neg","False","True","eval"
"3363","Bruselas insiste en reivindicar la 'tasa Google'","Bruselas","pos","neg","pos","False","True","eval"
"3364","IFEMA reconfirma la celebración de FITUR 202","IFEMA","pos","pos","pos","False","True","eval"
"3365","La Junta valora que el aumento de la producción industrial refleja la ""intensa recuperación del sector""","La Junta","pos","pos","pos","False","True","eval"
"3366","El Frob aplaza la venta de Catalunya Banc y Banco de Valencia","El Frob ","neg","neu","neu","False","True","eval"
"3367","Estrella Galicia sale de nuevo en ayuda de la hostelería","Estrella Galicia","pos","pos","neu","False","True","eval"
"3368","El Ibex recupera los 8.900, el PSOE no baraja fecha para un adelanto electoral y otras noticias del día","El Ibex","pos","pos","pos","False","True","eval"
"3369","Más del 80% de los bonistas de Codere aprueba el acuerdo de refinanciación de su deuda","bonistas de Codere","pos","neu","neu","False","True","eval"
"3370","Los 'hombres de negro' seguirán vigilando a España cuando acabe el rescate","España","neg","neg","neg","False","True","eval"
"3371","Los beneficios industriales en China caen un 2,1 % hasta septiembre","beneficios industriales en China","neg","neg","neg","False","True","eval"
"3372","Frinsa, proveedor de atún de Lidl o Carrefour, facturó un récord de 588 millones en 2020","Frinsa","pos","neu","neu","False","True","eval"
"3373","La banca fracasa en su soporte clave antes de los resultados","La banca","neg","neg","neg","False","True","eval"
"3374","Yahoo vuelve a atraer el interés inversor","Yahoo","pos","neu","neu","False","True","eval"
"3375","El grupo chino Shandong Ruyi Group negocia la compra de Sandro, Maje y Claudie Pierlot","Shandong Ruyi Group","pos","neg","neu","False","True","test"
"3376","Las agencias de viajes piden que se prorrogen los ERTE y que se eliminen las cláusulas de mantenimiento del empleo","agencias de viajes","neg","pos","neg","False","True","test"
"3377","La actividad empresarial de la zona euro se contrajo en octubre por el empeoramiento de la epidemia","actividad empresarial de la zona euro","neg","neg","neg","False","True","test"
"3378","Esta biotech española puede producir al mes un millón de test rápidos para Covid-19","biotech española","pos","neu","pos","False","True","test"
"3379","El PIB francés crecerá un 0,3% en el tercer trimestre, según el BdF","El PIB francés","pos","pos","pos","False","True","test"
"3380","Delta estudia comprar American Airlines","Delta","pos","neu","neu","False","True","test"
"3381","Google ha empezado silenciosamente a escanear todas tus fotos para identificar textos, pero podría estar incumpliendo el GDPR al no haberte pedido permiso primero","Google","neg","neu","neg","False","True","test"
"3382","El Black Friday de Amazon trae increíbles regalos para él","Black Friday de Amazon","pos","neu","pos","False","True","test"
"3383","ABG impulsa Reebok en Estados Unidos: cede su distribución a Foot Locker","ABG","pos","pos","neu","False","True","test"
"3384","Conociendo las criptomonedas","las criptomonedas","neu","neu","neu","False","True","test"
"3385","Fitch, Moody's y S&P otorgan grado de inversión a Cepsa","Cepsa","pos","neu","neu","False","True","test"
"3386","Hochtief (ACS) construirá un túnel en Gales por 250 millones para transportar electricidad","Hochtief","pos","pos","pos","False","True","test"
"3387","Deutsche Telekom prueba una nueva oficina virtual con el software Sococo de Aurea","Deutsche Telekom","pos","neu","neu","False","True","test"
"3388","El Gobierno prevé aprobar el martes la «pasarela» entre los ERTE-Covid y los de la reforma laboral","Gobierno","pos","pos","pos","False","True","test"
"3389","Majorel desembarca en Macedonia del Norte y Ghana","Majorel","pos","neu","pos","False","True","test"
"3390","La deuda regional sube 7,3 puntos menos que la media","deuda regional","neg","neg","neg","False","True","test"
"3391","RSC.- Madrid, Cataluña y Baleares, las tres comunidades con más empresas con Sistemas de Gestión Ambiental","empresas con Sistemas de Gestión Ambiental","pos","neu","pos","False","True","test"
"3392","El fenómeno de las ballenas en las criptomonedas","ballenas en las criptomonedas","pos","neu","neu","False","True","test"
"3393","El fondo Lone Star cierra la compra de Novo Banco","El fondo Lone Star","pos","neu","neu","False","True","test"
"3394","Desconvocadas las huelgas del 10 y 13 de enero en Ryanair","Ryanair","pos","neu","neu","False","True","test"
"3395","Bolsas en rojo, tras el ‘efecto coronavirus’ y los malos datos macro","Bolsas en rojo","neg","neg","neg","False","True","test"
"3396","Airbus vende 50 aviones a una filial de Bank of China por 3.000 millones","Airbus","pos","pos","neu","False","True","test"
"3397","La necesidad de un 'rescate' europeo para aliviar el peso sobre el déficit y la deuda","rescate' europeo","pos","pos","pos","False","True","test"
"3398","Aer Lingus aumentó un 7,9% sus ingresos en el primer trimestre","Aer Lingus","pos","neu","neu","False","True","test"
"3399","La asesoría Afiris cumple 25 años","La asesoría Afiris","pos","neu","neu","False","True","test"
"3400","La Junta pone en marcha un plan con Turespaña para promocionar la región en el exterior","La Junta","pos","pos","pos","False","True","test"
"3401","Obama decreta el bloqueo de los activos de Gadafi y sus hijos en EEUU","Obama","pos","neu","pos","False","True","test"
"3402","El BCE ligará los dividendos de la banca a los test de estrés","El BCE","neu","neu","neu","False","True","test"
"3403","""El Santander todavía no ha mostrado ningún elemento bajista""","El Santander","pos","neu","neu","False","True","test"
"3404","Le Pen reclama ""otro Brexit"" en Francia y Hollande dice que las gestiones del Brexit se harán ""rápido""","Le Pen","neg","neg","neg","False","True","test"
"3405","Airbus cierra sus plantas en España cuatro días y Volkswagen tres semanas","Airbus","neg","neu","neg","False","True","test"
"3406","La empresa valenciana Jeff despedirá a más de un centenar de empleados","empresa valenciana Jeff","neg","neu","neg","False","True","test"
"3407","Paco Rabanne vuelve a las pasarelas de la mano del diseñador indio Manish Arora","Paco Rabanne","pos","pos","pos","False","True","test"
"3408","Trump: ""Sin las subidas de tipos de la Fed, EEUU habría crecido un 4% en 2018""","subidas de tipos","neg","neg","neg","False","True","test"
"3409","Hugo Boss advierte de que no cumplirá previsiones por el descenso de ventas en China","Hugo Boss","neg","neu","neu","False","True","test"
"3410","Alcampo amplía capital tras culminar su reestructuración societaria en España","Alcampo","pos","neu","neu","False","True","test"
"3411","""Si el agricultor recibiese un precio justo, la importancia de la PAC sería muy inferior""","el agricultor","pos","pos","pos","False","True","test"
"3412","CaixaBank cubre en una semana el 85,5% de su ERE para 2.600 empleados","CaixaBank ","pos","neu","neu","False","True","test"
"3413","Airbnb resiste al Covid y niveles de reservas casi igualan a los registrados en prepandemia","Airbnb","pos","neg","pos","False","True","test"
"3414","El Ibex refuerza los 7.200 puntos","El Ibex","pos","pos","pos","False","True","test"
"3415","El retraso en el dique de las fragatas dividió al consejo de Navantia","retraso en el dique de las fragatas","neg","neu","neu","False","True","test"
"3416","La bolsa española se desmadra con el apoyo de Telefónica y Repsol","La bolsa española","pos","pos","pos","False","True","test"
"3417","La Comisión aprueba el mayor presupuesto para el apoyo a las alianzas entre universidades europeas","La Comisión","pos","pos","pos","False","True","test"
"3418","Espartéame, productos en esparto que reúnen diseño, tradición y sostenibilidad","Espartéame","pos","neu","pos","False","True","test"
"3419","Las unit economics como base del modelo de negocio","unit economics","pos","neu","neu","False","True","test"
"3420","Málaga, nueva capital de la tecnología de alta velocidad","Málaga","pos","pos","pos","False","True","test"
"3421","La crisis del coronavirus retrasa el estreno de la última película de James Bond","crisis del coronavirus","neg","neg","neg","False","True","test"
"3422","UBS: las entidades españolas necesitan recapitalizarse","entidades españolas","neg","neg","neg","False","True","test"
"3423","Kia Telluride: todocamino terapéutico","Kia Telluride","pos","neu","pos","False","True","test"
"3424","Empresarios e instituciones solicitan adelantar la hora del AVCity Zaragoza - Madrid","Empresarios ","pos","neu","neu","False","True","test"
"3425","El FMI ve el déficit en el 9,5% y la deuda en el 113% del PIB","El FMI","neg","neg","neg","False","True","test"
"3426","Garaña aconseja que la digitalización incluya la presencia física de empresas","la digitalización","pos","pos","pos","False","True","test"
"3427","La lira turca se adelanta a su banco central con otro 'flash crash'","lira turca","neg","neg","neg","False","True","test"
"3428","Empark se adjudica su primer contrato en Francia","Empark","pos","neu","neu","False","True","test"
"3429","Tarifas: el Gobierno está a punto de acordar con las gasíferas un aumento de entre 7% y 9%","el Gobierno","pos","pos","pos","False","True","test"
"3430","Por la senda de la sostenibilidad que traza el Pacto Mundial","el Pacto Mundial","pos","pos","pos","False","True","test"
"3431","Las potenciales aplicaciones de la inteligencia artificial en la industria química","aplicaciones de la inteligencia artificial","pos","pos","pos","False","True","test"
"3432","Así afecta la política de Trump a diez empresas","política de Trump","neu","neu","neu","False","True","test"
"3433","Análisis técnico de los 10.000 del Ibex","los 10.000 del Ibex","neu","neu","neu","False","True","test"
"3434","Guerra entre los comités de Alu Ibérica por el acuerdo con Alcoa","comités de Alu Ibérica","neg","neu","neu","False","True","test"
"3435","Las principales aerolíneas europeas dejan de sobrevolar Irak e Irán","aerolíneas europeas","neg","neu","neu","False","True","test"
"3436","Ericsson podría recortar hasta 25.000 empleos fuera de Suecia","Ericsson","neg","neu","neg","False","True","test"
"3437","G310R de BMW o cómo una marca 'premium' apuesta por el 'low cost'","BMW","pos","neg","pos","False","True","test"
"3438","Sacyr y el Canal de Panamá acercan posturas para continuar las obras","Sacyr","pos","pos","pos","False","True","test"
"3439","Rudi señala que la estabilidad no tiene ""atajos ni milagros""","la estabilidad","pos","neu","neu","False","True","test"
"3440","Gaia apuesta por alianzas, centros de innovación y oferta especializada","Gaia","pos","pos","pos","False","True","test"
"3441","UBS se refuerza en Realia y en Aedas y supera el 6% y el 7% de su capital","UBS","pos","neu","neu","False","True","test"
"3442","El Gobierno prevé que un 40% de los trabajadores se jubile con 67 años","40% de los trabajadores","neg","pos","neg","False","True","test"
"3443","El BOE publica una resolución que flexibiliza la jornada de los empleados públicos","El BOE","pos","neu","pos","False","True","test"
"3444","Los ERTE se mantendrán hasta el próximo 30 de septiembre","Los ERTE","neu","neu","neg","False","True","test"
"3445","El precio del crudo se estabiliza, con la mirada puesta en las reservas de EEUU","El precio del crudo","pos","pos","pos","False","True","test"
"3446","Los recortes no deben terminar aún","Los recortes","pos","neu","neg","False","True","test"
"3447","El Banco de España ve una caída del PIB “más intensa” en el segundo trimestre","El Banco de España","neg","neg","neg","False","True","test"
"3448","Fábrica de productos de aluminio Alunasa despidió a sus empleados","Alunasa","neg","neu","neg","False","True","test"
"3449","Montoro asegura que los datos del paro de mayo serán mejores que los de abril","paro","pos","pos","pos","False","True","test"
"3450","Gana dinero como 'celebrity' de las redes","celebrity' de las redes","pos","neu","pos","False","True","test"
"3451","Metro de Madrid comienza hoy los paros y critica unos servicios mínimos ""abusivos""","Metro de Madrid","neg","neu","neg","False","True","test"
"3452","Los anuncios sin ley de los ‘influencers’ tienen los días contados","anuncios sin ley","neg","neg","pos","False","True","test"
"3453","Nissan ha recibido 179 millones de ayudas públicas desde 2009, según comité","Nissan","pos","neu","neu","False","True","test"
"3454","ACS cierra la venta de Cobra a Vinci por 4.900 millones","ACS","pos","neu","neu","False","True","test"
"3455","Con sus 1500 caballos de fuerza, llegó el Bugatti Chiron","el Bugatti Chiron","pos","neu","neu","False","True","test"
"3456","Cumbre europea: La necesidad de una estrategia negociadora","estrategia negociadora","pos","neu","neu","False","True","test"
"3457","Boom ‘verde’: 4 de cada 10 dólares de las entradas de capital mundial se destinan a ASG","Boom ‘verde’","pos","pos","pos","False","True","test"
"3458","Globalia mete miedo a sus rivales en el segmento de viajes para empresas","Globalia","pos","neg","neu","False","True","test"
"3459","Gobierno y agentes sociales firman mañana la nueva ayuda a parados","Gobierno","pos","neu","pos","False","True","test"
"3460","Audi RS6 Avant: la berlina familiar más deportiva de Audi se renueva","Audi RS6 Avant","pos","neu","pos","False","True","test"
"3461","Mahou San Miguel entra en la categoría cider con el lanzamiento de 'La Prohibida'","Mahou San Miguel","pos","neu","neu","False","True","test"
"3462","La socimi de residencias de ancianos Adriano Care debuta en BME Growth el 25 de mayo","Adriano Care","pos","neu","neu","False","True","test"
"3463","Iberpapel abrirá este año sus nuevas instalaciones en Hernani (Guipúzcoa)","Iberpapel","pos","neu","neu","False","True","test"
"3464","Moneycorp crece en España con las miras puestas en América Latina","Moneycorp","pos","neu","neu","False","True","test"
"3465","El Big Data & AI Congress constata que la Inteligencia Artificial avanzará el abordaje de enfermedades","la Inteligencia Artificial","pos","pos","pos","False","True","test"
"3466","El déficit público se reduce un 31% hasta el 4,5% del PIB","El déficit público","pos","pos","pos","False","True","test"
"3467","Rematan un Audi con una millonaria deuda de patente","Audi","pos","neu","neu","False","True","test"
"3468","Unos datos amables dan un respiro a las bolsas","Unos datos amables","pos","pos","pos","False","True","test"
"3469","Así es el programa de avales para pymes de CERSA","CERSA","pos","pos","neu","False","True","test"
"3470","La Policía detiene en Barajas a dos empresarios responsables de blanquear 6.000 millones de dólares","dos empresarios ","neg","neu","pos","False","True","test"
"3471","Renfe recibe más de 28.000 solicitudes de mujeres saudís para conducir su AVE a la Meca","Renfe","pos","neu","pos","False","True","test"
"3472","Criteria prescinde de García-Bragado como vicepresidente y seguirá de consejero en Caixabank","García-Bragado","neg","neu","neu","False","True","test"
"3473","Boeing detecta piezas defectuosas en más de 300 aviones del modelo 737","Boeing","neg","neu","pos","False","True","test"
"3474","El 'patito feo' del Ibex que gusta a todos y puede escalar un 72%","patito feo' del Ibex","pos","pos","pos","False","True","test"
"3475","Los mejores hoteles para un fin de semana de película","mejores hoteles","pos","neu","pos","False","True","test"
"3476","Gay de Liébana: la voz de la economía","Gay de Liébana","pos","neu","neu","False","True","test"
"3477","La CE abre una consulta para mejorar la banda ancha en la UE","La CE","pos","pos","pos","False","True","test"
"3478","EADS reduce su beneficio pero constata una recuperación de la demanda","EADS","pos","neu","neu","False","True","test"
"3479","La vivienda nueva y usada subió un 7,5% en diciembre de 2021","vivienda nueva y usada","neg","pos","neg","False","True","test"
"3480","REE nombra a Concepción Ordiz (SEPI) vicesecretaria general de la compañía","REE","neu","neu","neu","False","True","test"
"3481","Las ganancias de Microsoft crecen un 21% en su primer trimestre, hasta 9.600 millones","Las ganancias de Microsoft","pos","neu","neu","False","True","test"
"3482","Wall Street consigue el rebote gracias a un dato de empleo más débil de lo esperado","Wall Street","pos","pos","pos","False","True","test"
"3483","Calviño quiere aumentar el escaso 7% de pymes que trabajan con Inteligencia Artificial","Calviño","pos","pos","neu","False","True","test"
"3484","La Inspección de Trabajo ya sanciona a pymes por el control horario","La Inspección de Trabajo","pos","neg","neu","False","True","test"
"3485","Hyundai y Uber desarrollarán de forma conjunta un servicio de taxi aéreo","Hyundai y Uber","pos","pos","pos","False","True","test"
"3486","Victoria's Secret y un radical cambio de estrategia que parece inminente","Victoria's Secret","neu","neu","neu","False","True","test"
"3487","Unicaja permitirá recuperar el 75% de los bonos de Banco CEISS","Unicaja","pos","pos","pos","False","True","test"
"3488","Three Gorges cierra la compra de las renovables de los Masaveu","Three Gorges","pos","neu","neu","False","True","test"
"3489","Las empresas de consumo, sobre la subida de costes: ""pone en peligro el empleo y desincentiva la inversión""","subida de costes","neg","neg","neg","False","True","test"
"3490","La negociación del salario mínimo se retrasa por la falta de apoyos para la reforma laboral","negociación del salario mínimo","neg","neu","neg","False","True","test"
"3491","Trabajo ha impuesto sanciones por más de 1.530 millones desde la entrada en vigor del control horario","Trabajo","pos","neg","neg","False","True","test"
"3492","Banco Santander llevará su modelo de oficina 'Work Café' a Barcelona a finales de febrero","Banco Santander","pos","neu","neu","False","True","test"
"3493","Ninguna universidad española entre las 200 mejores del mundo","universidad española","neg","neu","neu","False","True","test"
"3494","La selección del consejo, clave para mejorar el gobierno corporativo","selección del consejo","pos","pos","neu","False","True","test"
"3495","El Fondo de Garantía de Depósitos, en mínimos tras el desbloqueo de ayudas pendientes a la banca","Fondo de Garantía de Depósitos","neg","neg","neg","False","True","test"
"3496","Los transportistas ya tienen una “app” para localizar áreas de servicio en pleno estado de alarma","Los transportistas","pos","pos","pos","False","True","test"
"3497","El precio de la vivienda tocará fondo en 2016","precio de la vivienda","neg","pos","pos","False","True","test"
"3498","El teléfono se consolida como medio de pago","El teléfono","pos","pos","pos","False","True","test"
"3499","Carrefour y Glovo se alían en Francia, España, Italia y Argentina","Carrefour","pos","neu","neu","False","True","test"
"3500","Inditex es optimista ante el cierre de su ejercicio","Inditex","pos","neu","pos","False","True","test"
"3501","El Defensor del Pueblo censura el cobro de determinadas comisiones bancarias","El Defensor del Pueblo","pos","neu","pos","False","True","test"
"3502","Estas son las 10 familias más ricas del mundo","familias más ricas","pos","neu","neu","False","True","test"
"3503","La justicia de EEUU acusa a la FIFA de aceptar sobornos","FIFA","neg","neu","pos","False","True","test"
"3504","El Gobierno se compromete a subir las pensiones conforme al IPC y no habrá compensaciones por inflación negativa","El Gobierno","pos","neu","pos","False","True","test"
"3505","Los grandes valores más baratos de Europa incluyen a Banco Santander y BBVA","Banco Santander","pos","neu","neu","False","True","test"
"3506","Citadel aumenta su participación en Dia hasta el 1,362%","Citadel","pos","pos","neu","False","True","test"
"3507","Zapatos biodegradables hechos con fibra de plátano ‘made in spain’","Zapatos biodegradables","pos","neu","pos","False","True","test"
"3508","Banco de España afirma que la normalización de la política monetaria del BCE «parece más probable»","Banco de España","pos","pos","pos","False","True","test"
"3509","La firma de hipotecas alcanza niveles prepandemia y el tipo fijo gana adeptos","firma de hipotecas","pos","pos","pos","False","True","test"
"3510","Cataluña aplaza el impuesto de Sucesiones y el de bebidas azucaradas","Cataluña","pos","pos","pos","False","True","test"
"3511","Hacienda se inclina por mantener el golpe fiscal a la vivienda","Hacienda","pos","neu","neu","False","True","test"
"3512","Worktel, la opción para montar su oficina en un hotel","Worktel","pos","pos","neu","False","True","test"
"3513","RSC.- Fundación 'Integra' pide ""concienciación ""a los responsables de RRHH de las empresas en los procesos de selección","Fundación 'Integra'","pos","pos","pos","False","True","test"
"3514","El negocio de Nutreco crece un 7,7% gracias al tirón de la alimentación animal","El negocio de Nutreco","pos","neu","neu","False","True","test"
"3515","Los inspectores de Trabajo preparan huelga en marzo ante el “abandono” de Díaz y Montero","inspectores de Trabajo","neg","neg","neu","False","True","test"
"3516","Amazon duplicará plantilla en España con la creación de 1.600 empleos en 2018","Amazon","pos","neu","pos","False","True","test"
"3517","México financiará programas sociales para comunidades rurales de Cuba","México","pos","neu","pos","False","True","test"
"3518","El precio de la vivienda sube el 6,2% en 2017, el mayor avance en diez años","precio de la vivienda","pos","neu","neg","False","True","test"
"3519","Smash abre un ‘flagship’ en el centro de Barcelona y frena su crecimiento en España","Smash","neg","neu","neu","False","True","test"
"3520","Telefónica cierra la compra del 22% de Canal+ a Mediaset","Telefónica","pos","neg","neu","False","True","test"
"3521","Lecciones de márketing de Eastwood o Hitchcock","Lecciones de márketing","pos","neu","neu","False","True","test"
"3522","Los viajes del Imserso se activarán en 20 días tras ser adjudicados definitivamente","Los viajes del Imserso","pos","pos","pos","False","True","test"
"3523","Total participará en la mayor central solar fotovoltaica de Catar","Total","pos","neu","pos","False","True","test"
"3524","Grecia pide 3.000 millones al Banco Mundial para crear 300.000 empleos","Grecia","neg","neg","neg","False","True","test"
"3525","Vento desembarca en Vigo e integra Paseo de Alfonso","Vento","pos","neu","pos","False","True","test"
"3526","Sanidad contradice a Comercio y prohíbe las rebajas por posibles aglomeraciones","las rebajas","neg","neg","neg","False","True","test"
"3527","Primark abre la tienda más grande de Cataluña en Tarragona","Primark","pos","neu","pos","False","True","test"
"3528","Los cuatro fondos de Bolsa que ganan más del 27%","fondos de Bolsa","pos","neu","neu","False","True","test"
"3529","La insurtech chilena Betterfly levanta 125M$ y se convierte en unicornio","insurtech chilena Betterfly","pos","neu","neu","False","True","test"
"3530","La industria de la conserva de pescado se queda sin aceite de girasol","La industria de la conserva de pescado","neg","neu","neg","False","True","test"
"3531","Bélgica levanta el veto al acuerdo comercial con Canadá","Bélgica","pos","pos","pos","False","True","test"
"3532","Aragón sigue fortaleciendo sus relaciones comerciales con Yiwu","Aragón","pos","neu","neu","False","True","test"
"3533","El Tesoro coloca 1.843 millones en letras y sigue profundizando en los tipos negativos","El Tesoro","pos","pos","pos","False","True","test"
"3534","AMLO ordena investigación por corrupción en PF; revela compra a sobreprecio","AMLO","neg","neu","neg","False","True","test"
"3535","Más madera: el Grupo Tojeiro estudia su entrada en la fábrica de fibras textiles de Altri","el Grupo Tojeiro","pos","neu","neu","False","True","test"
"3536","LinkedIn: nuestra carta de presentación","LinkedIn","neu","neu","neu","False","True","test"
"3537","El incremento se eleva un 8,6% respecto al mismo periodo del ejercicio anterior.","El incremento","pos","neu","neu","False","True","test"
"3538","Rajoy no quiere subir el IVA y desea reducir el Impuesto sobre la Renta","Rajoy","pos","pos","pos","False","True","test"
"3539","Apertura alcista a la espera de PMIs finales. Energías Renovables","Apertura alcista","pos","pos","pos","False","True","test"
"3540","La inflación oficial de Argentina está por encima del 50% y el Gobierno insiste en intervenir la industria alimentaria.","inflación oficial de Argentina","neg","neg","neg","False","True","test"
"3541","El paro, camino de los seis millones","El paro","neg","neg","neg","False","True","test"
"3542","Sacyr batalla en el Tribunal Supremo contra la concesión del aeropuerto de Corvera a Aena","Sacyr","neg","neu","neu","False","True","test"
"3543","Competencia da el visto bueno al nuevo sistema de cálculo de honorarios del ICAB","Competencia","pos","pos","pos","False","True","test"
"3544","La moda se concentra en España: nacen cinco nuevas grandes empresas en un año","La moda","pos","pos","pos","False","True","test"
"3545","Dónde invertir en bolsa este viernes: Cellnex, Endesa, Indra y Siemens Gamesa","bolsa","neu","neu","neu","False","True","test"
"3546","Las exportaciones de alimentos y bebidas crecen a doble dígito en 2021 y superan los 35.000 millones de euros","exportaciones de alimentos y bebidas","pos","neu","pos","False","True","test"
"3547","Maroto prevé «meses duros» pero confía en recuperar el turismo antes del verano","Maroto","neg","neg","neg","False","True","test"
"3548","Los gigantes desafían a los negacionistas de las 'cripto' a golpe de talonario","Los gigantes","pos","neg","neu","False","True","test"
"3549","Colonial reduce sus pérdidas hasta los 369,2 millones","Colonial","pos","neu","neu","False","True","test"
"3550","Starbucks protagoniza megacontagio de COVID-19","Starbucks","neg","neu","neg","False","True","test"
"3551","Fondos cotizados para cada perfil inversor","Fondos cotizados","neu","neu","neu","False","True","test"
"3552","Con una tímida suba de tasa, el BCRA se acercó a la inflación","el BCRA","neg","neg","neg","False","True","test"
"3553","Huawei lo apuesta todo a la fotografía con sus nuevos smartphones","Huawei","pos","neu","pos","False","True","test"
"3554","Unicaja negocia con inversor la venta de un 20% del grupo","Unicaja","pos","pos","neu","False","True","test"
"3555","La estadounidense Talos Partners adquiere el 4,5% de Prisa","Talos Partners","pos","neu","neu","False","True","test"
"3556","Japón aguanta en verde pese a que su PIB será negativo este año","Japón","pos","pos","pos","False","True","test"
"3557","Los taxistas se trasladan al centro de Madrid en su séptimo día de huelga","Los taxistas","neg","neu","neg","False","True","test"
"3558","Banxico: De la quiebra en el ‘error de diciembre’ a acumular 202 mil mdd en 27 años","Banxico","pos","neu","neu","False","True","test"
"3559","CCOO convoca paro en el centro de Amazon en San Fernando el 18 de mayo","centro de Amazon","neg","neu","neg","False","True","test"
"3560","Las microempresas gallegas se lanzan al universo digital para crecer a nivel internacional","microempresas gallegas","pos","neu","pos","False","True","test"
"3561","Botín sostiene que una reforma fiscal ""bien hecha"" es fundamental para aumentar competitividad y mejorar paro","reforma fiscal","pos","pos","pos","False","True","test"
"3562","Deezer quiere ganarle a Spotify en la guerra de los podcast, y elige a TV Azteca como aliada","Deezer","pos","pos","pos","False","True","test"
"3563","Regulador de comercio de EU revisará acuerdo entre Microsoft y Activision","Regulador de comercio de EU","neu","neu","neu","False","True","test"
"3564","Renta Corporación culmina la ampliación que ha convertido a Sareb en accionista","Renta Corporación","pos","neu","neu","False","True","test"
"3565","Santander, ACS, Enagás, Aedas y Prosegur, en la lista de acciones 'value' de Goldman Sachs","Santander","pos","pos","neu","False","True","test"
"3566","Propietarios y promotores rechazan la paralización de los desahucios","Propietarios y promotores","neg","neu","neg","False","True","test"
"3567","El FMI insta a China a acelerar las reformas para consolidar su crecimiento","El FMI","pos","neu","neu","False","True","test"
"3568","Las cofradías ultiman una lluvia de alegaciones contra los dos parques eólicos marinos de Iberdrola en Galicia","Las cofradías","neg","neg","neu","False","True","test"
"3569","Banco Provincia recibió pedidos de préstamos por más de 80.000 millones de pesos","Banco Provincia","pos","neu","neu","False","True","test"
"3570","El asistente oficial de Hacienda cuyas soluciones podrás descargar en PDF","asistente oficial de Hacienda","pos","pos","pos","False","True","test"
"3571","Madrid tiene unos 400 proyectos residenciales que sumarán 13.800 viviendas","Madrid","pos","pos","pos","False","True","test"
"3572","inbestMe vuelve a bajar sus comisiones","inbestMe","pos","pos","pos","False","True","test"
"3573","Línea Directa: dividendo a la vista y potencial del 37%","Línea Directa","pos","neu","neu","False","True","test"
"3574","Preguntas y respuestas sobre el ingreso mínimo vital","ingreso mínimo vital","neu","neu","neu","False","True","test"
"3575","Socio de Elon Musk afirma que con Neuralink se puede crear un Jurassic Park real","Neuralink","pos","neu","pos","False","True","test"
"3576","Cómo actuará el mercado en el segundo semestre","el mercado","neu","neu","neu","False","True","test"
"3577","Rato atisba un alto riesgo por el crudo","crudo","neg","neg","neg","False","True","test"
"3578","Amazon triplicó sus ganancias en 2018 hasta alcanzar los 10.073 millones","Amazon","pos","neu","neu","False","True","test"
"3579","Hacienda tiene un mes para convocar las dos reuniones obligatorias con las CCAA","Hacienda","pos","neu","pos","False","True","test"
"3580","DLA Piper ficha al ex director mundial de Linklaters, Anthony Angel","DLA Piper","pos","neu","neu","False","True","test"
"3581","El Gobierno destaca el ejemplo de reconversión de Chocolates Trapa","Chocolates Trapa","pos","neu","neu","False","True","test"
"3582","FCC relanza su negocio de concesiones tras vender Globalvia","FCC","pos","neu","neu","False","True","test"
"3583","Los ayuntamientos reclaman el rescate del Estado cuando no puedan pagar la nómina","Los ayuntamientos","pos","neu","neu","False","True","test"
"3584","Iberdrola inicia este lunes su gran planta fotovoltaica en Usagre (Badajoz)","Iberdrola","pos","neu","pos","False","True","test"
"3585","Los acreedores de Reyal Urbis tienen un mes a partir de hoy para comunicar sus créditos","acreedores de Reyal Urbis","neg","neu","neu","False","True","test"
"3586","La reforma eléctrica pone en riesgo la inversión y los bolsillos de las familias: expertas","La reforma eléctrica","neg","neg","neg","False","True","test"
"3587","Bankia concede 388 millones de préstamos ICO en el primer semestre","Bankia","pos","neu","neu","False","True","test"
"3588","Boeing eleva un 19% el beneficio y mejora su previsión anual","Boeing","pos","neu","neu","False","True","test"
"3589","Eurofinsa se adjudica su segundo contrato de obras en Paraguay por 28,5 millones de dólares","Eurofinsa","pos","neu","neu","False","True","test"
"3590","NetApp busca robar a IBM segundo puesto en almacén de datos en España en 2020","NetApp","pos","neu","neu","False","True","test"
"3591","Gobierno sí, pero gobernabilidad...","Gobierno","pos","neu","neu","False","True","test"
"3592","Montilla: el Gobierno ni alienta ni impide la negociación entre Gas Natural y Endesa","el Gobierno","pos","neu","neu","False","True","test"
"3593","BBVA vende su filial en los Estados Unidos por 11.600 millones de dólares","BBVA","pos","neu","neu","False","True","test"
"3594","Los proyectos incluyen la construcción de embalses para grandes bombeos, el aprovechamientos de minas y la instalación de hidrotornillos","Los proyectos","pos","pos","pos","False","True","test"
"3595","La cadena de supermercados valenciana vende 5.000 unidades al día de este producto","cadena de supermercados valenciana","pos","neu","neu","False","True","test"
"3596","Santander planta cara a los gigantes de Wall Street","Santander","pos","neu","neu","False","True","test"
"3597","Álvarez advierte de que una ""disrupción"" del mercado hipotecario perjudicará a clientes y bancos","""disrupción"" del mercado hipotecario","neg","neg","neg","False","True","test"
"3598","Los inversores fuerzan la salida del CEO de Rio Tinto tras la destrucción de yacimientos aborígenes","Los inversores","pos","neu","neg","False","True","test"
"3599","Greenpower prevé duplicar sus ventas hasta 30 millones","Greenpower","pos","neu","neu","False","True","test"
"3600","Xunta y sindicatos pedirán la reactivación de la mesa industrial de Alcoa","mesa industrial de Alcoa","pos","neu","neu","False","True","test"
"3601","Prisa recorta un 20% el sueldo del consejo de administración","Prisa","neg","neu","pos","False","True","test"
"3602","Renfe y Adif se preparan para una nueva jornada de paros parciales","Renfe","neg","neu","neg","False","True","test"
"3603","El Ibex celebra que la UE seguirá ayudando a los periféricos","El Ibex","pos","pos","pos","False","True","test"
"3604","Wikipedia lanzará su versión de pago para empresas a final de año","Wikipedia","pos","pos","neu","False","True","test"
"3605","Juan Roig se hace con el cien por cien de Sothis","Juan Roig","pos","neu","neu","False","True","test"
"3606","Ferrovial logra ratificar el ráting 'investment grade' de S&P","Ferrovial","pos","neu","neu","False","True","test"
"3607","Funcas publica 'Las desigualdades económicas en España: realidades y percepciones'","desigualdades económicas en España","neg","pos","neg","False","True","test"
"3608","La Bolsa de Sao Paulo abre con un avance del 0,46 % en primeras operaciones","La Bolsa de Sao Paulo","pos","pos","pos","False","True","test"
"3609","Manzano pide a los extremeños que ""remen en la misma dirección"" y confíen en el ""proyecto integrador"" de Monago","Manzano","pos","neu","pos","False","True","test"
"3610","COMUNICADO: Iniciativa de la ESA para apoyar a las PYMES en el sector de las Telecomunicaciones por Satélite","ESA","pos","pos","pos","False","True","test"
"3611","ACS reduce su beneficio un 77,3% por menores extraordinarios","ACS","neg","neu","neu","False","True","test"
"3612","La banca puede convertirse en el sector con mayor rentabilidad por dividendo","La banca","pos","pos","neu","False","True","test"
"3613","El IBEX (-0,9%) transita en rojo por un miércoles santo que deja pérdidas en resto de Bolsas europeas","El IBEX","neg","neg","neg","False","True","test"
"3614","El 59% del capital de Ferrovial elige cobrar el dividendo en nuevas acciones","Ferrovial","pos","neu","neu","False","True","test"
"3615","Coca-Cola European Partners gana un 54,5% menos en 2020","Coca-Cola European Partners","neg","neu","neu","False","True","test"
"3616","Citadel se suma al fondo AllianceBernstein en su presión bajista contra Enagás","Citadel","pos","neu","neu","False","True","test"
"3617","Qué hay en las reservas del BCRA y por qué conseguir un dólar es una odisea","reservas del BCRA","neu","neu","neu","False","True","test"
"3618","CaixaBank no ve corrección en las Bolsas y apuesta por una ""moderación"" en 2022","CaixaBank","neg","neg","neg","False","True","test"
"3619","El Puente Aéreo de Iberia desactiva al AVE","Puente Aéreo de Iberia","pos","neg","pos","False","True","test"
"3620","Rajoy cifra en el 3,2% el crecimiento de España durante 2015","Rajoy","pos","pos","pos","False","True","test"
"3621","Algora inicia una campaña para que el nuevo Seat lleve su nombre","Algora","pos","neu","neu","False","True","test"
"3622","OHLA reduce su deuda en 100 millones por la liquidación del tren de Móstoles a Navalcarnero","OHLA","neg","neu","neu","False","True","test"
"3623","La Caixa lidera un crédito de 280 millones para Hutchison en el Puerto","La Caixa","pos","pos","neu","False","True","test"
"3624","HSBC se refuerza con el banquero de inversión Borja Azpilicueta","HSBC","pos","neu","neu","False","True","test"
"3625","Teads Ad Manager: la primera plataforma Cookieless de la open web","Teads Ad Manager","pos","neu","pos","False","True","test"
"3626","Stadler logra el mayor contrato de su historia, de 4.000 millones, con un modelo creado en España","Stadler","pos","neu","neu","False","True","test"
"3627","Un día en el trabajo del futuro","trabajo del futuro","neu","neu","neu","False","True","test"
"3628","Vodafone compra frecuencias en India por 2.300 millones","Vodafone","pos","neu","neu","False","True","test"
"3629","Amazon acaba de lanzarse al negocio del renting en España: así puedes alquilar un Tesla o un BMW desde su web","Amazon","pos","neu","pos","False","True","test"
"3630","Las coberturas menos conocidas de los seguros de coche","coberturas ","neu","neu","neu","False","True","test"
"3631","España se mantiene como el segundo país de la eurozona con mayor tasa de paro","España","neg","neg","neg","False","True","test"
"3632","Liberbank comienza este jueves su andadura en Bolsa con una capitalización de unos 565 millones","Liberbank","pos","neu","neu","False","True","test"
"3633","La digitalización de las pymes: una de las claves para reactivar la economía tras la covid-19","digitalización de las pymes","pos","pos","pos","False","True","test"
"3634","El arte contemporáneo se encarece un 48%, según Artprice","El arte contemporáneo","neg","neu","neg","False","True","test"
"3635","Comunicación integral de marketing en la era digital: retos y desafíos en tiempos de pandemia","Comunicación integral de marketing","pos","neu","neu","False","True","test"
"3636","Fernández de Sousa prestó 5,2 millones a su mujer para llevarlos a China","Fernández de Sousa","neg","neu","neg","False","True","test"
"3637","La Cámara de España pide liquidez y rebajas fiscales para el sector turístico","La Cámara de España","pos","pos","pos","False","True","test"
"3638","Los empleados de Starbucks crean su primer sindicato en EE UU","empleados de Starbucks","pos","neu","neu","False","True","test"
"3639","El recibo de la luz bajaría un 55% en 2050 si se cumpliera la reducción de emisiones","recibo de la luz","pos","pos","pos","False","True","test"
"3640","Recursos para desarrollar el potencial digital de tu pyme","potencial digital de tu pyme","pos","pos","neu","False","True","test"
"3641","La OPEP no recorta producción pese al desplome del precio del petróleo","La OPEP","pos","pos","pos","False","True","test"
"3642","Fiat, a por Opel","Fiat","neu","neu","neu","False","True","test"
"3643","Openbank, nuevo patrocinador oficial del Mutua Madrid Open","Openbank","pos","neu","neu","False","True","test"
"3644","El IBEX 35 vuelve a superar 10.000 puntos por primera vez desde mayo de 2018","El IBEX 35","pos","pos","pos","False","True","test"
"3645","Las MiPyMEs accedieron a créditos por más de $ 43.000 millones","Las MiPyMEs","pos","pos","pos","False","True","test"
"3646","MásMóvil completa el segundo proceso de refinanciación del crédito senior sindicado por 831 millones","MásMóvil","pos","neu","neu","False","True","test"
"3647","El Gobierno, sin índice de precios para limitar los alquileres ni metodología para calcularlo","El Gobierno","neg","neu","neg","False","True","test"
"3648","El líder de Samsung no se libra de los juzgados","El líder de Samsung","neg","neu","neu","False","True","test"
"3649","La OMC en manos de Trump","La OMC","neu","neu","neu","False","True","test"
"3650","Los hoteleros impugnan los pliegos del Imserso por ""lesionar gravemente"" sus intereses","pliegos del Imserso","neg","neg","neu","False","True","test"
"3651","Apuesta por la ecología para crear tu negocio","la ecología","pos","neu","pos","False","True","test"
"3652","Los bufetes fichan a periodistas, ingenieros, psicólogos y químicos","Los bufetes","pos","pos","pos","False","True","test"
"3653","Itaú Unibanco aumentaría control del banco en Chile tras comprar opciones de acciones del grupo Saieh","Itaú Unibanco","pos","neu","neu","False","True","test"
"3654","El Banco de España pide a la banca que use los colchones de capital para los deterioros","Banco de España","pos","neu","pos","False","True","test"
"3655","El Gobierno lanza ayudas por 300 millones para impulsar el turismo tras la quiebra de Thomas Cook","Gobierno","pos","pos","pos","False","True","test"
"3656","“Para triunfar en los negocios sin menoscabar la vida personal, es imprescindible el apoyo familiar”","el apoyo familiar","pos","pos","pos","False","True","test"
"3657","La Audiencia Nacional declara nulo el ERTE de Arcelor Mittal en sus centros en España","ERTE de Arcelor Mittal","neg","neu","pos","False","True","test"
"3658","Fiat Chrysler gana 2.700 millones en 2019, un 19% menos interanual","Fiat Chrysler","neg","neu","neu","False","True","test"
"3659","Zaragoza acoge la jornada de Jóvenes CEDE ""Talento en crecimiento""","Zaragoza","pos","neu","pos","False","True","test"
"3660","Xiaomi distribuye la OTA que soluciona la vulnerabilidad presente en los patinetes Mi Electric Scooter","Xiaomi","pos","pos","pos","False","True","test"
"3661","Expansión explica las novedades de la contratación administrativa","Expansión","pos","neu","pos","False","True","test"
"3662","El Aeropuerto de Badajoz, entre los cuatro que mejoraron sus cifras de viajeros hasta marzo","Aeropuerto de Badajoz","pos","neu","pos","False","True","test"
"3663","Las empresas con pérdidas previstas ""transitorias"" podrán acogerse al despido objetivo en los ERE","empresas con pérdidas previstas ""transitorias""","pos","neu","neg","False","True","test"
"3664","Ministro de Finanzas alemán propone nuevas prospecciones en Mar del Norte","Ministro de Finanzas alemán","pos","pos","pos","False","True","test"
"3665","Beneficio Anses para comprar con 10% de descuento: amplían la llegada del programa en Moreno","Beneficio Anses","pos","neu","pos","False","True","test"
"3666","La Bolsa de Hong Kong baja un 0,51 % a media sesión","Bolsa de Hong Kong","neg","neg","neg","False","True","test"
"3667","Carrefour pone en marcha una iniciativa social para adquirir vehículos adaptados a favor de menores con discapacidad","Carrefour","pos","pos","pos","False","True","test"
"3668","Uber y Waymo llegan a un acuerdo para cerrar la disputa sobre coches autónomos","Uber y Waymo","pos","neu","neu","False","True","test"
"3669","Sólo el 6,7 % de los trabajadores más cualificados está parado","trabajadores más cualificados","pos","pos","pos","False","True","test"
"3670","ETL lanza Medvision para el colectivo médico","Medvision","pos","neu","pos","False","True","test"
"3671","Los Charts de Hódar: Acciona, CIE Automotive y Telefónica","Charts de Hódar","neu","neu","neu","False","True","test"
"3672","La cartera de cuero de Lidl por 12,99 euros que se agota en horas","Lidl","pos","neg","pos","False","True","test"
"3673","Jordi Gual: ""La situación ha empeorado, pero no necesitamos modificar los objetivos del plan estratégico""","Jordi Gual","neg","neu","neu","False","True","test"
"3674","La apuesta de la NFL por la globalización","la NFL","pos","neu","neu","False","True","test"
"3675","Se duplican los accidentes laborales mortales en Euskadi, con once fallecidos hasta marzo","accidentes laborales mortales","neg","neg","neg","False","True","test"
"3676","De Guindos: ""España será lo más importante para PSA""","De Guindos","pos","pos","pos","False","True","test"
"3677","Pandemia golpea recaudación del impuesto de bienes inmuebles y aumenta morosidad","Pandemia","neg","neg","neg","False","True","test"
"3678","El Ibex salva los 8.400 puntos gracias al giro alcista en Wall Street","Ibex","pos","pos","pos","False","True","test"
"3679","Las oficinas de Consumo en Aragón realizaron 76.000 atenciones en 2019","oficinas de Consumo en Aragón","pos","neu","pos","False","True","test"
"3680","Nestlé, Heineken y P&G fueron las marcas que más innovación llevaron a los supermercados en 2020","Nestlé","pos","neu","pos","False","True","test"
"3681","Mirakl capta 472 millones para expandir el negocio de los 'marketplace'","Mirakl","pos","pos","pos","False","True","test"
"3682","Sorigué crece con la sostenibilidad en el centro de su negocio","Sorigué","pos","neu","pos","False","True","test"
"3683","Igualada reinventa su industria de la moda: tricot para el ‘fast fashion’ y piel para el lujo","Igualada","pos","pos","pos","False","True","test"
"3684","Estados Unidos y China lideran la lista de superordenadores más potentes del mundo","Estados Unidos","pos","neu","neu","False","True","test"
"3685","Los activistas marroquíes reducen el bloqueo de suministros a Melilla tras llegar a un acuerdo con los comerciantes","Los activistas marroquíes","pos","pos","pos","False","True","test"
"3686","Cospedal afirma que España ""ya es fiable"" y que los Presupuestos apuestan por mantener servicios sociales","España","pos","pos","pos","False","True","test"
"3687","Evolución y crecimiento del e-commerce en México","e-commerce en México","pos","neu","neu","False","True","test"
"3688","Peligroso atasco en los fondos que invierten en renovables","fondos que invierten en renovables","neg","neu","neg","False","True","test"
"3689","El Ibex-35 se marea con el BCE, la investidura fallida y los resultados y pierde los 9.300 puntos","Ibex-35","neg","neg","neg","False","True","test"
"3690","Gimeno dice que los cambios del ICA entrarán en vigor una vez se apruebe por ley","cambios del ICA","neu","neu","neu","False","True","test"
"3691","Bankia desconvoca el consejo de administración previsto para el miércoles","Bankia","neg","neu","neu","False","True","test"
"3692","PwC deja como mentirosos a Torres y el BBVA respecto al 'forensic' sobre Villarejo","PwC","pos","neg","neu","False","True","test"
"3693","PNV y PSE consideran innecesario un banco público para promover el arraigo empresarial","un banco público","neg","neg","neu","False","True","test"
"3694","No habrá fondos europeos en 2022 sin reforma laboral","fondos europeos","neg","neg","neg","False","True","test"
"3695","Banco Sabadell cocina un incremento del dividendo","Banco Sabadell","pos","pos","pos","False","True","test"
"3696","Gibraltar, de paraíso fiscal a centro de negociación de criptomonedas","Gibraltar","pos","pos","pos","False","True","test"
"3697","Declarado nulo el despido de un trabajador que criticó a la empresa en un correo electrónico: ""se vulneró su derecho a la libertad de expresión""","despido de un trabajador","pos","neu","pos","False","True","test"
"3698","Las horas perdidas por huelga descendieron un 43,9% en febrero, según CEOE","horas perdidas por huelga","pos","pos","pos","False","True","test"
"3699","XTB: «Telefónica buscará los 8,5 euros si supera los 8,06 euros»","Telefónica","pos","neu","neu","False","True","test"
"3700","Tirado quiere dejar la presidencia de Bancaja ""lo antes posible""","Tirado","neg","neu","neu","False","True","test"
"3701","Videojuegos, importante sector para el marketing y la creatividad","Videojuegos","pos","pos","neu","False","True","test"
"3702","La deuda pública española crece en el último año más de un 9%","deuda pública española","neg","neg","neg","False","True","test"
"3703","Openbank abarata la hipoteca fija a los clientes más diligentes","Openbank","pos","neu","pos","False","True","test"
"3704","Calviño lleva al BCE y a la JUR la necesidad de “minimizar” la pérdida de empleo en la banca","Calviño","pos","neu","pos","False","True","test"
"3705","China estrena mañana la conexión entre las bolsas de Hong Kong y Shenzhen","China","pos","pos","neu","False","True","test"
"3706","Salesforce acaba de cerrar un acuerdo para comprar Tableau por 13.880 millones de euros en acciones","Salesforce","pos","neu","neu","False","True","test"
"3707","Los consejos de Bruselas: ajuste fiscal más allá de 2016 y más reforma laboral","consejos de Bruselas","pos","pos","pos","False","True","test"
"3708","La compraventa de viviendas repunta un 22% en el primer trimestre","compraventa de viviendas","pos","pos","pos","False","True","test"
"3709","Extremadura tiene ""cada vez menos esperanzas"" en que el reparto del déficit sea igualitario","reparto del déficit","neg","neg","neg","False","True","test"
"3710","Confianza en Draghi y desconfianza en los mercados","Draghi","pos","neu","neu","False","True","test"
"3711","El Gobierno de Aragón resuelve casi mil becas para universitarios aragoneses","Gobierno de Aragón","pos","neu","pos","False","True","test"
"3712","EDP Renováveis vende unos activos eólicos en Portugal a China Three Gorges por 242 millones","EDP Renováveis","pos","pos","neu","False","True","test"
"3713","Standard & Poor's rebaja la calificación de la deuda irlandesa","Standard & Poor's","pos","pos","pos","False","True","test"
"3714","Best Buy se desploma un 14% en bolsa con la caída inesperada de su beneficio","Best Buy","neg","neu","neu","False","True","test"
"3715","El Gobierno aprueba hoy bajar el IVA de las mascarillas al 4% y ampliar los avales del ICO","El Gobierno","pos","neu","pos","False","True","test"
"3716","El Corte Inglés gana un 2,4% más con un récord de ventas en cinco años","El Corte Inglés","pos","neu","pos","False","True","test"
"3717","ACS inicia con buen pie la OPV de Saeta","ACS","pos","neu","neu","False","True","test"
"3718","Ferrovial refuerza su rally al sellarse el interés por sus activos en Canadá","Ferrovial","pos","neu","neu","False","True","test"
"3719","El paro cierra 2016 con la mayor caída de la historia","El paro","pos","pos","pos","False","True","test"
"3720","Declarada en concurso In Destination Incoming tras la quiebra Thomas Cook","In Destination Incoming","neg","neu","neg","False","True","test"
"3721","Rodilla crea un servicio de catering para empresas","Rodilla","pos","pos","neu","False","True","test"
"3722","Squid: así colapsó la criptomoneda del ‘Juego del calamar’","Squid","neg","neu","neu","False","True","test"
"3723","Meliá trabaja en China con ocupaciones que llegan incluso al 100%","Meliá","pos","neu","neu","False","True","test"
"3724","Economía/Consumo.- La vivienda ocupa el primer lugar en reclamaciones de consumidores en 2005, seguida de telecos","La vivienda","pos","neu","pos","False","True","test"
"3725","Vemedia: ""Queremos hacer compras en España""","Vemedia","pos","pos","pos","False","True","test"
"3726","Las pernoctaciones hoteleras se disparan un un 78,7% en noviembre, pero siguen sin alcanzar los niveles preCovid","pernoctaciones hoteleras","neg","neu","neu","False","True","test"
"3727","Iberdrola lanza un bono híbrido verde de al menos 500 millones","Iberdrola","pos","neu","pos","False","True","test"
"3728","Crecen las consultas legales de ciudadanos sobre Internet","consultas legales de ciudadanos","pos","neu","pos","False","True","test"
"3729","Cinco fondos para celebrar los máximos en treinta años de la bolsa de Japón","Cinco fondos","pos","neu","neu","False","True","test"
"3730","El nuevo mecanismo de ajuste de las pensiones no evitará el recorte de sus cuantías, según los expertos","ajuste de las pensiones","neg","neu","neg","False","True","test"
"3731","La devaluación puso más presión a los balances de las empresas","La devaluación","neg","neg","neu","False","True","test"
"3732","Por estas marcas de cerveza pelean los dueños de Corona y Tecate","marcas de cerveza","pos","neu","neu","False","True","test"
"3733","El potencial del turismo crece un 19% mientras las pérdidas asolan al sector","potencial del turismo","pos","pos","pos","False","True","test"
"3734","De Megasa a Coren: las mujeres toman las riendas en la empresa gallega","las mujeres","pos","neu","pos","False","True","test"
"3735","Volotea transportó a más de tres millones de pasajeros en verano, un 14 % más","Volotea","pos","neu","pos","False","True","test"
"3736","Inditex recibe un nuevo récord de valoración de los analistas","Inditex","pos","neu","neu","False","True","test"
"3737","El País Vasco inyecta más de mil millones al sector empresarial público","El País Vasco","pos","pos","pos","False","True","test"
"3738","Calviño no considera «muy barata» la indemnización por despido de 20 días","Calviño","neg","neu","neu","False","True","test"
"3739","Especial Resultados Empresariales (2): Mediaset España, Airbus, ACS, Repsol y Telefónica","Especial Resultados Empresariales","neu","neu","neu","False","True","test"
"3740","El fondo de recuperación de la UE 'va demasiado lento', según el ministro de economía francés","fondo de recuperación de la UE","neg","neg","neg","False","True","test"
"3741","El Popular cierra su semana negra con pérdidas de 800 millones en Bolsa","El Popular","neg","neu","neu","False","True","test"
"3742","Campa insta a consumir: dos puntos menos de ahorro impulsarán un 1% el PIB","Campa","pos","pos","pos","False","True","test"
"3743","El precio de la gasolina sube un 1,73 % y el del gasóleo, un 1,21 %","precio de la gasolina","neg","neg","neg","False","True","test"
"3744","Citroën lanza unas gafas antimareo para facilitar la operación salida y los viajes en coche","Citroën","pos","neu","pos","False","True","test"
"3745","Emprendedor exhibe a influencer por pedir perfume gratis y así respondió Lizzy Graph","influencer","neg","neg","neu","False","True","test"
"3746","Kirchner pone más condiciones para el giro de dividendos al exterior","Kirchner","neg","neu","neu","False","True","test"
"3747","La reforma de Montero limitará la capacidad fiscal de las comunidades en los impuestos cedidos","reforma de Montero","pos","neu","neu","False","True","test"
"3748","La ONCE y su Fundación impulsan en Aragón 867 empleos en 2013","La ONCE","pos","neu","pos","False","True","test"
"3749","Así es el plan del Gobierno para salvar empresas: quitas y entrar en el capital","plan del Gobierno ","pos","pos","pos","False","True","test"
"3750","Revolución en las ‘telecos’: guerra de precios en fibra óptica y en tarifas cero","Revolución en las ‘telecos’","neg","neu","pos","False","True","test"
"3751","SEC: Reclamos por electricidad y gas bajaron casi 30% luego de un 2020 marcado por la “facturación provisoria”","Reclamos ","pos","neu","pos","False","True","test"
"3752","Alcoa alerta de que peligra el futuro de su planta de aluminio en Lugo","Alcoa","neg","neu","neu","False","True","test"
"3753","El Portal de Transparencia de la Junta publicará las retribuciones en 2015 de Vara, los consejeros y altos cargos","Portal de Transparencia de la Junta","pos","neu","pos","False","True","test"
"3754","El centro comercial Open Sky pospone su apertura para después del verano","centro comercial Open Sky","neg","neg","neg","False","True","test"
"3755","Javier Ferrán asume la presidencia de IAG","Javier Ferrán","pos","neu","neu","False","True","test"
"3756","Primer reto de Villar-Mir II: Levantar un desplome de la acción del 77%","Villar-Mir II","neg","neu","neu","False","True","test"
"3757","El Corte Inglés está buscando trabajadores para su campaña de Navidad: así puedes apuntarte a las ofertas","El Corte Inglés","pos","neu","pos","False","True","test"
"3758","Una filtración revela complicidad de la banca con presunto blanqueo","la banca","neg","neg","neg","False","True","test"
"3759","Bruselas aprueba el pago a España del segundo tramo de 10.000 millones de Next Generation","Bruselas","pos","pos","pos","False","True","test"
"3760","El Ibex sube un 1,8% en la semana y se queda a las puertas de los 9.300 puntos","El Ibex","pos","pos","pos","False","True","test"
"3761","Bitcoin: los bancos tienen miedo de quedarse afuera de la 'fiesta cripto'","los bancos","neg","neu","neu","False","True","test"
"3762","La campaña de Navidad generará 453.260 contratos, un 5 % más, según Randstad","campaña de Navidad","pos","pos","pos","False","True","test"
"3763","El Supremo avala anular las 35 horas semanales para los funcionarios vascos","funcionarios vascos","pos","neu","neu","False","True","test"
"3764","Bolivia informa que se agiliza paso de camiones varados en frontera con Chile","Bolivia","pos","pos","pos","False","True","test"
"3765","Vara se siente ""engañado"" con la inversión de los Presupuestos en Extremadura","Vara","neg","neu","neu","False","True","test"
"3766","El Corte Inglés plantea un desarrollo urbanístico en Móstoles (Madrid)","El Corte Inglés","pos","neu","pos","False","True","test"
"3767","El PSOE registra el martes una propuesta para subir las pensiones con el IPC y animará a más movilizaciones","El PSOE","pos","neu","pos","False","True","test"
"3768","Primark crece en Europa del Este y desembarca en Rumanía","Primark","pos","neu","neu","False","True","test"
"3769","Los expertos piden ""diálogo social"" e ir ""poco a poco"" con la semana laboral de cuatro días","Los expertos","pos","pos","pos","False","True","test"
"3770","Audiencia Nacional obliga a Nestlé a abonar a los empleados la prima por la pandemia que anunció","Nestlé","neg","neu","pos","False","True","test"
"3771","Correos abre su Departamento de Envíos Extraordinarios por Navidad","Correos","pos","pos","pos","False","True","test"
"3772","WWP: ""La industria del deporte nunca ha estado mejor""","La industria del deporte","pos","neu","neu","False","True","test"
"3773","Asagua reclama al Gobierno la firma del Pacto Nacional por el Agua","Asagua","pos","neu","pos","False","True","test"
"3774","Tramitación de etiquetas medioambientales de la DGT, con LR Autogas","etiquetas medioambientales","pos","neu","pos","False","True","test"
"3775","La banca estadounidense también se suma al exilio fiscal","La banca estadounidense","neg","neg","neu","False","True","test"
"3776","Los grandes de Wall Street calman la ansiedad por ómicron","grandes de Wall Street","pos","pos","pos","False","True","test"
"3777","Magna aumentó un 135% su beneficio neto en el primer trimestre","Magna","pos","neu","neu","False","True","test"
"3778","Suecia aprueba plan para enterrar durante 100,000 años el combustible nuclear","Suecia","pos","pos","pos","False","True","test"
"3779","El Sabadell cree ""difícil"" que la banca cobre al particular por los depósitos","El Sabadell","pos","neu","pos","False","True","test"
"3780","Ericcson registró beneficio neto de 408 millones de euros en primer semestre","Ericcson","pos","neu","neu","False","True","test"
"3781","Suben las bolsas europeas con el sector minero en máximos de dos años","bolsas europeas ","pos","pos","pos","False","True","test"
"3782","España registra 8.177 nuevas empresas mercantiles y vuelve a tasas positivas, mientras que las disoluciones empresariales crecen un 3,3% interanual","España","pos","pos","pos","False","True","test"
"3783","España ya cuenta con 9 unicornios y con 20 compañías que podrían serlo en los próximos dos años","España","pos","neu","pos","False","True","test"
"3784","Tenaris deja de cotizar en dos semanas y los inversores tienen que decidir qué hacer con sus acciones","Tenaris","neg","neg","neu","False","True","test"
"3785","Nexus venderá la energía producida por Fira 2000","Nexus","pos","pos","neu","False","True","test"
"3786","HSBC aumenta un 66% sus ganancias y supera las previsiones","HSBC","pos","neu","neu","False","True","test"
"3787","Cierratuempresa.com analiza la problemática de las sociedades inactivas en España","Cierratuempresa.com","pos","pos","pos","False","True","test"
"3788","El PIB francés crece un 0,3% en el primer trimestre","El PIB francés","pos","pos","pos","False","True","test"
"3789","Sector de gran consumo acusa políticos de frivolidad tras 4 años ""perdidos""","Sector de gran consumo","neg","neg","neg","False","True","test"
"3790","Docuten permite gestionar contratos y facturas en un mismo servicio","Docuten","pos","pos","pos","False","True","test"
"3791","César Alierta deja la presidencia de Telefónica","César Alierta","neg","neu","neu","False","True","test"
"3792","Urbas cierra el primer semestre con un beneficio de 62 millones","Urbas","pos","neu","neu","False","True","test"
"3793","Cotización de Pennant Group","Pennant Group","neu","neu","neu","False","True","test"
"3794","El Euríbor vuelve a subir en marzo y se sitúa en torno al -0,487%","El Euríbor","neg","neg","neg","False","True","test"
"3795","Buscarán en Twitter a posibles evasores de impuestos","posibles evasores de impuestos","neg","pos","pos","False","True","test"
"3796","Medidas frente a la ocupación ilegal de viviendas","ocupación ilegal de viviendas","neg","neu","neg","False","True","test"
"3797","Las ventas minoristas de la eurozona cayeron un 0,6% en diciembre","ventas minoristas de la eurozona","neg","neg","neu","False","True","test"
"3798","El Ibex-35 cae un 4,8% en agosto, cierra al filo de los 9.400 puntos, casi en mínimos anuales","El Ibex-35","neg","neg","neg","False","True","test"
"3799","Economía/OPA.- La CNE debatirá el jueves si admite a Gas Natural como parte interasada en la OPA de E.ON","La CNE","neu","neu","neu","False","True","test"
"3800","Telefónica coloca una emisión de bonos por 1.200 millones a siete años","Telefónica","pos","neu","neu","False","True","test"
"3801","El número de parados desciende en Aragón en 2.082 personas en noviembre","número de parados desciende en Aragón","pos","pos","pos","False","True","test"
"3802","Seat apremia al Gobierno con las ayudas del Perte","Seat","pos","pos","pos","False","True","test"
"3803","BBVA se suma a los recortes de plantilla de la banca","BBVA","neg","neu","neg","False","True","test"
"3804","El mayor error que puede cometer un emprendedor ahora mismo, según el cofundador de Let's Bonus y Wallapop","un emprendedor","neu","neu","neu","False","True","test"
"3805","Así enfrentará Home Depot a sus rivales (incluido Ikea) en cualquier piso de ventas","Home Depot","pos","neg","neu","False","True","test"
"3806","Bankinter gana 1.333 millones en 2021 gracias a la salida a bolsa de Línea Directa","Bankinter","pos","neu","neu","False","True","test"
"3807","La inflación de la eurozona se mantiene en el 0,2% en agosto","inflación de la eurozona","neu","neu","neu","False","True","test"
"3808","Reabre Aragvi, el restaurante donde alternaba el hijo de Stalin y la élite del KGB","Aragvi","pos","neu","neu","False","True","test"
"3809","Volkswagen dejará que sus coches trucados contaminen un año más","Volkswagen","neg","neu","neg","False","True","test"
"3810","Renta Corporación traspasa activos por deuda y se dispara en bolsa","Renta Corporación","pos","neu","neu","False","True","test"
"3811","Bankinter incide en la banca privada y el crédito al consumo para ganar 300 millones","Bankinter","pos","neu","neu","False","True","test"
"3812","Las importaciones de crudo a España se hunden un 11,7%, su nivel más bajo desde 2014","importaciones de crudo","neg","neg","neg","False","True","test"
"3813","El bitcoin cae un 7% hasta los 60.000 dólares tras el veto de pagos en Turquía","El bitcoin","neg","neu","neu","False","True","test"
"3814","Mercedes-Benz Clase E Coupé: con la elegancia de un auténtico caballero","Mercedes-Benz","pos","neu","pos","False","True","test"
"3815","Argelia garantiza a España ""la continuidad del suministro"" de gas","Argelia","pos","pos","pos","False","True","test"
"3816","Los desahucios, en el nivel más bajo desde 2014, tras caer un 6,4% el año pasado","Los desahucios","pos","neu","pos","False","True","test"
"3817","Una empresa pegada a la innovación","Una empresa","pos","neu","neu","False","True","test"
"3818","Noticias internacionales, nueva aplicación de Expansión","Expansión","pos","pos","pos","False","True","test"
"3819","Gransolar explora su venta por hasta 1.000 millones","Gransolar","pos","neu","neu","False","True","test"
"3820","IBM presenta un procesador cuántico cuya capacidad de cálculo es imposible de simular con un ordenador clásico","IBM","pos","pos","pos","False","True","test"
"3821","Estos auriculares de Xiaomi arrasan por su bajo precio, y tienen poco que envidiar a otros mucho más caros","auriculares de Xiaomi","pos","neg","pos","False","True","test"
"3822","Sony eleva su apuesta por los juegos, la música y el cine en ""streaming""","Sony","pos","neu","pos","False","True","test"
"3823","El Gobierno podrá invertir, a través del IDAE, en empresas para impulsar las renovables","El Gobierno","pos","pos","pos","False","True","test"
"3824","La creación de empresas se estanca en el primer trimestre","creación de empresas","neg","neg","neg","False","True","test"
"3825","Las ventas de coches crecen en Euskadi un 8,7% en agosto","Las ventas de coches","pos","neu","neu","False","True","test"
"3826","Chatbots, un arma de la digitalización para potencializar los servicios bancarios","Chatbots","pos","neu","pos","False","True","test"
"3827","RBS quiere vender más de 1.000 millones en préstamos vinculados al sector inmobiliario español","RBS","pos","pos","pos","False","True","test"
"3828","Se abren oportunidades de trabajo en Austria: cuánto pagan y cómo aplicar desde Argentina","oportunidades de trabajo en Austria","pos","neu","pos","False","True","test"
